ts_code,trade_date,pre_close,open,high,low,close,change,pct_chg,vol,amount
513500.SH,2014-01-15,0.5057934508816121,0.5007556675062972,0.5017632241813602,0.49168765743073045,0.49672544080604536,-0.018,-1.7928,2637179.67015,260031.61756
513500.SH,2014-01-16,0.49672544080604536,0.49773299748110833,0.5007556675062972,0.49773299748110833,0.49924433249370276,0.005,0.5071,788700.6455,78168.66083000001
513500.SH,2014-01-17,0.49924433249370276,0.5002518891687657,0.5002518891687657,0.49622166246851385,0.4972292191435768,-0.004,-0.4036,337015.30485,33320.446214999996
513500.SH,2014-01-20,0.4972292191435768,0.4952141057934509,0.49773299748110833,0.4947103274559194,0.4947103274559194,-0.005,-0.5066,276657.39,27283.946085
513500.SH,2014-01-21,0.4947103274559194,0.4947103274559194,0.5017632241813602,0.48866498740554154,0.4957178841309824,0.002,0.2037,433781.79195,42718.922979999996
513500.SH,2014-01-22,0.4957178841309824,0.4957178841309824,0.49773299748110833,0.490176322418136,0.49319899244332494,-0.005,-0.5081,514097.135,50365.085415
513500.SH,2014-01-23,0.49319899244332494,0.49622166246851385,0.4987405541561713,0.49219143576826196,0.49773299748110833,0.009,0.9193,228963.7553,22598.113400000002
513500.SH,2014-01-24,0.49773299748110833,0.4952141057934509,0.5007556675062972,0.49370277078085645,0.4987405541561713,0.002,0.2024,266281.77515,26295.48556
513500.SH,2014-01-27,0.4987405541561713,0.49319899244332494,0.49319899244332494,0.4881612090680101,0.48866498740554154,-0.02,-2.0202,55683.22,5404.144635000001
513500.SH,2014-01-28,0.48866498740554154,0.48866498740554154,0.48866498740554154,0.48312342569269523,0.48564231738035263,-0.006,-0.6186,86236.34000000001,8304.64847
513500.SH,2014-01-29,0.48564231738035263,0.48866498740554154,0.49319899244332494,0.48866498740554154,0.49219143576826196,0.013,1.3485,81746.27,7962.29949
513500.SH,2014-01-30,0.49219143576826196,0.48614609571788414,0.4871536523929471,0.4841309823677582,0.4871536523929471,-0.01,-1.0235,45083.32,4346.81255
513500.SH,2014-02-07,0.4871536523929471,0.48513853904282117,0.490176322418136,0.48463476070528966,0.490176322418136,0.006,0.6205,59303.84015,5746.6087449999995
513500.SH,2014-02-10,0.490176322418136,0.490176322418136,0.49370277078085645,0.48866498740554154,0.48866498740554154,-0.003,-0.3083,157107.1523,15305.245235
513500.SH,2014-02-11,0.48866498740554154,0.4866498740554156,0.49370277078085645,0.4866498740554156,0.491183879093199,0.005,0.5155,425298.12030000007,41427.172320000005
513500.SH,2014-02-12,0.491183879093199,0.4926952141057934,0.4982367758186398,0.491183879093199,0.4972292191435768,0.012,1.2308,206305.27805000002,20296.166465000002
513500.SH,2014-02-13,0.4972292191435768,0.49370277078085645,0.49924433249370276,0.49370277078085645,0.4972292191435768,0.0,0.0,119026.55500000001,11772.16954
513500.SH,2014-02-14,0.4972292191435768,0.5012594458438288,0.5037783375314862,0.5007556675062972,0.5022670025188917,0.01,1.0132,186427.21015000003,18562.908135
513500.SH,2014-02-17,0.5022670025188917,0.5037783375314862,0.5052896725440805,0.5032745591939547,0.5042821158690176,0.004,0.4012,184863.05000000002,18502.38747
513500.SH,2014-02-18,0.5042821158690176,0.5037783375314862,0.5047858942065492,0.5032745591939547,0.5037783375314862,-0.001,-0.0999,135621.13515000002,13564.11241
513500.SH,2014-02-19,0.5037783375314862,0.5037783375314862,0.5057934508816121,0.5037783375314862,0.5057934508816121,0.004,0.4,237890.34000000003,23830.983005000002
513500.SH,2014-02-20,0.5057934508816121,0.5037783375314862,0.5047858942065492,0.5012594458438288,0.5037783375314862,-0.004,-0.3984,64411.26500000001,6432.09475
513500.SH,2014-02-21,0.5037783375314862,0.5042821158690176,0.5068010075566751,0.5042821158690176,0.5052896725440805,0.003,0.3,148376.66575000001,14907.451235000002
513500.SH,2014-02-24,0.5052896725440805,0.5057934508816121,0.5062972292191436,0.5047858942065492,0.5062972292191436,0.002,0.1994,74090.125,7435.307795
513500.SH,2014-02-25,0.5062972292191436,0.5083123425692695,0.5103274559193954,0.5083123425692695,0.5103274559193954,0.008,0.796,247825.265,25042.073190000003
513500.SH,2014-02-26,0.5103274559193954,0.5083123425692695,0.5118387909319899,0.5083123425692695,0.5118387909319899,0.003,0.2962,143356.68015000003,14528.089945
513500.SH,2014-02-27,0.5118387909319899,0.5118387909319899,0.5118387909319899,0.5093198992443324,0.5113350125944583,-0.001,-0.0984,53668.42515,5436.24407
513500.SH,2014-02-28,0.5113350125944583,0.5133501259445843,0.5168765743073048,0.5118387909319899,0.5158690176322418,0.009,0.8867,86037.82015,8779.01583
513500.SH,2014-03-03,0.5158690176322418,0.5163727959697733,0.5188916876574308,0.5138539042821159,0.5168765743073048,0.002,0.1953,61487.3203,6305.652235
513500.SH,2014-03-04,0.5168765743073048,0.5148614609571789,0.5153652392947103,0.5118387909319899,0.5148614609571789,-0.004,-0.3899,94315.29000000001,9613.267660000001
513500.SH,2014-03-05,0.5148614609571789,0.5234256926952141,0.5234256926952141,0.5173803526448363,0.5193954659949622,0.009,0.8806,85926.10435000001,8848.2566
513500.SH,2014-03-06,0.5193954659949622,0.5188916876574308,0.5209068010075567,0.5178841309823677,0.5204030226700251,0.002,0.194,70566.73015,7270.80489
513500.SH,2014-03-07,0.5204030226700251,0.5239294710327456,0.5239294710327456,0.5188916876574308,0.5209068010075567,0.001,0.0968,72432.0545,7484.150705000001
513500.SH,2014-03-10,0.5209068010075567,0.5209068010075567,0.5214105793450882,0.5188916876574308,0.5193954659949622,-0.003,-0.2901,70820.83,7310.407625
513500.SH,2014-03-11,0.5193954659949622,0.5188916876574308,0.5234256926952141,0.5188916876574308,0.5234256926952141,0.008,0.7759,88053.40900000001,9103.42041
513500.SH,2014-03-12,0.5234256926952141,0.5198992443324937,0.5214105793450882,0.5178841309823677,0.5183879093198992,-0.01,-0.9625,85698.405,8832.15825
513500.SH,2014-03-13,0.5183879093198992,0.5193954659949622,0.5214105793450882,0.5173803526448363,0.5209068010075567,0.005,0.4859,125696.15500000001,12947.386805000002
513500.SH,2014-03-14,0.5209068010075567,0.5158690176322418,0.5158690176322418,0.5128463476070529,0.5128463476070529,-0.016,-1.5474,74699.46045000001,7629.448735
513500.SH,2014-03-17,0.5128463476070529,0.5128463476070529,0.5153652392947103,0.5128463476070529,0.5148614609571789,0.004,0.3929,53797.47,5486.9866250000005
513500.SH,2014-03-18,0.5148614609571789,0.5183879093198992,0.5209068010075567,0.5173803526448363,0.5204030226700251,0.011,1.0763,50573.810150000005,5213.46752
513500.SH,2014-03-19,0.5204030226700251,0.5209068010075567,0.5234256926952141,0.5037783375314862,0.5224181360201511,0.004,0.3872,38244.995,3958.0880150000003
513500.SH,2014-03-20,0.5224181360201511,0.5214105793450882,0.5214105793450882,0.5138539042821159,0.5188916876574308,-0.007,-0.675,63553.745,6544.624400000001
513500.SH,2014-03-21,0.5188916876574308,0.5219143576826196,0.5224181360201511,0.5204030226700251,0.5204030226700251,0.003,0.2913,71053.075,7358.809865
513500.SH,2014-03-24,0.5204030226700251,0.5193954659949622,0.5209068010075567,0.5193954659949622,0.5204030226700251,0.0,0.0,31673.6525,3268.5069550000003
513500.SH,2014-03-25,0.5204030226700251,0.5198992443324937,0.5198992443324937,0.5168765743073048,0.5193954659949622,-0.002,-0.1936,35507.68,3657.8508100000004
513500.SH,2014-03-26,0.5193954659949622,0.5219143576826196,0.5224181360201511,0.5204030226700251,0.5219143576826196,0.005,0.485,43354.385,4490.63374
513500.SH,2014-03-27,0.5219143576826196,0.5204030226700251,0.5204030226700251,0.5173803526448363,0.5183879093198992,-0.007,-0.6757,29632.08,3046.8082600000002
513500.SH,2014-03-28,0.5183879093198992,0.5173803526448363,0.5178841309823677,0.5163727959697733,0.5178841309823677,-0.001,-0.0972,38225.085450000006,3921.8736750000003
513500.SH,2014-03-31,0.5178841309823677,0.5198992443324937,0.5204030226700251,0.5183879093198992,0.5204030226700251,0.005,0.4864,33836.310000000005,3491.4740650000003
513500.SH,2014-04-01,0.5204030226700251,0.5229219143576826,0.5239294710327456,0.5229219143576826,0.5239294710327456,0.007,0.6776,57480.45885,5974.7309000000005
513500.SH,2014-04-02,0.5239294710327456,0.5239294710327456,0.5284634760705289,0.5239294710327456,0.5279596977329976,0.008,0.7692,66091.17050000001,6914.352485
513500.SH,2014-04-03,0.5279596977329976,0.527455919395466,0.5294710327455919,0.527455919395466,0.5289672544080605,0.002,0.1908,51893.855,5448.386315000001
513500.SH,2014-04-04,0.5289672544080605,0.5284634760705289,0.5289672544080605,0.527455919395466,0.5284634760705289,-0.001,-0.0952,33306.315,3493.6952800000004
513500.SH,2014-04-08,0.5284634760705289,0.5148614609571789,0.5188916876574308,0.5148614609571789,0.5183879093198992,-0.02,-1.9066,51675.44545000001,5301.13306
513500.SH,2014-04-09,0.5183879093198992,0.5214105793450882,0.5214105793450882,0.5173803526448363,0.5188916876574308,0.001,0.0972,37478.76515000001,3858.53431
513500.SH,2014-04-10,0.5188916876574308,0.5239294710327456,0.5239294710327456,0.5214105793450882,0.5229219143576826,0.008,0.7767,55464.87,5754.822675
513500.SH,2014-04-11,0.5229219143576826,0.507808564231738,0.5118387909319899,0.507808564231738,0.510831234256927,-0.024,-2.3121,69766.795,7076.00096
513500.SH,2014-04-14,0.510831234256927,0.5083123425692695,0.5083123425692695,0.5062972292191436,0.507808564231738,-0.006,-0.5917,18555.5815,1867.20216
513500.SH,2014-04-15,0.507808564231738,0.5088161209068011,0.5128463476070529,0.5088161209068011,0.5128463476070529,0.01,0.9921,56119.72150000001,5709.663925000001
513500.SH,2014-04-16,0.5128463476070529,0.5163727959697733,0.5168765743073048,0.5153652392947103,0.5168765743073048,0.008,0.7859,11610.265000000001,1189.53507
513500.SH,2014-04-17,0.5168765743073048,0.5224181360201511,0.5224181360201511,0.5198992443324937,0.5204030226700251,0.007,0.6823,51373.586500000005,5317.618485
513500.SH,2014-04-18,0.5204030226700251,0.5224181360201511,0.5224181360201511,0.5198992443324937,0.5209068010075567,0.001,0.0968,36658.98,3792.181715
513500.SH,2014-04-21,0.5209068010075567,0.5209068010075567,0.5224181360201511,0.5209068010075567,0.5209068010075567,0.0,0.0,25352.420000000002,2625.950545
513500.SH,2014-04-22,0.5209068010075567,0.5234256926952141,0.5234256926952141,0.5219143576826196,0.5229219143576826,0.004,0.3868,47139.78,4892.5128700000005
513500.SH,2014-04-23,0.5229219143576826,0.5239294710327456,0.526448362720403,0.5239294710327456,0.5249370277078086,0.004,0.3854,62501.695,6515.794260000001
513500.SH,2014-04-24,0.5249370277078086,0.5249370277078086,0.5259445843828716,0.524433249370277,0.5259445843828716,0.002,0.1919,59337.605,6186.99489
513500.SH,2014-04-25,0.5259445843828716,0.5259445843828716,0.5269521410579345,0.5249370277078086,0.52544080604534,-0.001,-0.0958,40470.18,4226.515595
513500.SH,2014-04-28,0.52544080604534,0.5224181360201511,0.5224181360201511,0.5198992443324937,0.5198992443324937,-0.011,-1.0547,19359.68515,2000.719215
513500.SH,2014-04-29,0.5198992443324937,0.5219143576826196,0.5239294710327456,0.5219143576826196,0.5229219143576826,0.006,0.5814,26420.350000000002,2745.872335
513500.SH,2014-04-30,0.5229219143576826,0.52544080604534,0.52544080604534,0.49974811083123427,0.5239294710327456,0.002,0.1927,52139.995,5289.098005
513500.SH,2014-05-05,0.5239294710327456,0.5249370277078086,0.5259445843828716,0.524433249370277,0.524433249370277,0.001,0.0962,12404.265000000001,1292.9555550000002
513500.SH,2014-05-06,0.524433249370277,0.526448362720403,0.5279596977329976,0.5259445843828716,0.5279596977329976,0.007,0.6724,68813.201,7208.972140000001
513500.SH,2014-05-07,0.5279596977329976,0.5214105793450882,0.5229219143576826,0.5214105793450882,0.5229219143576826,-0.01,-0.9542,25709.72,2667.119445
513500.SH,2014-05-08,0.5229219143576826,0.5249370277078086,0.5249370277078086,0.5239294710327456,0.5249370277078086,0.004,0.3854,7050.72,734.0827750000001
513500.SH,2014-05-09,0.5249370277078086,0.5249370277078086,0.5249370277078086,0.5234256926952141,0.524433249370277,-0.001,-0.096,12674.225,1318.292095
513500.SH,2014-05-12,0.524433249370277,0.5239294710327456,0.5259445843828716,0.5239294710327456,0.52544080604534,0.002,0.1921,11818.69,1232.09744
513500.SH,2014-05-13,0.52544080604534,0.526448362720403,0.5304785894206548,0.526448362720403,0.5294710327455919,0.008,0.767,49928.705,5249.525045
513500.SH,2014-05-14,0.5294710327455919,0.5304785894206548,0.5324937027707808,0.5299748110831235,0.5314861460957179,0.004,0.3806,82022.185,8651.793210000002
513500.SH,2014-05-15,0.5314861460957179,0.5304785894206548,0.5304785894206548,0.5289672544080605,0.5299748110831235,-0.003,-0.2844,68315.76000000001,7182.950775
513500.SH,2014-05-16,0.5299748110831235,0.52544080604534,0.5259445843828716,0.5249370277078086,0.52544080604534,-0.009,-0.8555,99972.54000000001,10422.387405000001
513500.SH,2014-05-19,0.52544080604534,0.5249370277078086,0.5269521410579345,0.5249370277078086,0.526448362720403,0.002,0.1918,29233.095,3056.366035
513500.SH,2014-05-20,0.526448362720403,0.52544080604534,0.5279596977329976,0.52544080604534,0.527455919395466,0.002,0.1914,47608.240000000005,4977.945285
513500.SH,2014-05-21,0.527455919395466,0.5239294710327456,0.524433249370277,0.5234256926952141,0.524433249370277,-0.006,-0.5731,19370.6225,2014.73133
513500.SH,2014-05-22,0.524433249370277,0.5284634760705289,0.5299748110831235,0.5279596977329976,0.5299748110831235,0.011,1.0567,62045.145000000004,6518.92659
513500.SH,2014-05-23,0.5299748110831235,0.5299748110831235,0.5304785894206548,0.5289672544080605,0.5289672544080605,-0.002,-0.1901,19077.835,2003.7860400000002
513500.SH,2014-05-26,0.5289672544080605,0.5319899244332494,0.5319899244332494,0.5309823677581864,0.5319899244332494,0.006,0.5714,39251.39,4141.037525
513500.SH,2014-05-27,0.5319899244332494,0.5319899244332494,0.5319899244332494,0.5309823677581864,0.5319899244332494,0.0,0.0,54053.535,5704.1098950000005
513500.SH,2014-05-28,0.5319899244332494,0.5345088161209067,0.5350125944584383,0.5340050377833754,0.5345088161209067,0.005,0.4735,24550.48,2603.99049
513500.SH,2014-05-29,0.5345088161209067,0.5340050377833754,0.5350125944584383,0.5335012594458438,0.5350125944584383,0.001,0.0943,32824.5158,3481.1222900000002
513500.SH,2014-05-30,0.5350125944584383,0.5370277078085642,0.5380352644836273,0.5370277078085642,0.5375314861460957,0.005,0.4708,65191.37,6954.429635
513500.SH,2014-06-03,0.5375314861460957,0.5430730478589421,0.5430730478589421,0.5380352644836273,0.5395465994962216,0.004,0.3749,15133.62015,1618.6603100000002
513500.SH,2014-06-04,0.5395465994962216,0.5385390428211587,0.5410579345088161,0.5380352644836273,0.5405541561712847,0.002,0.1867,57672.19,6179.53923
513500.SH,2014-06-05,0.5405541561712847,0.5531486146095719,0.5531486146095719,0.5395465994962216,0.5415617128463476,0.002,0.1864,48189.86485,5176.30832
513500.SH,2014-06-06,0.5415617128463476,0.5455919395465995,0.546095717884131,0.5440806045340051,0.546095717884131,0.009,0.8372,32625.0233,3531.166125
513500.SH,2014-06-09,0.546095717884131,0.5476070528967254,0.5476070528967254,0.5455919395465995,0.547103274559194,0.002,0.1845,21549.16,2337.38117
513500.SH,2014-06-10,0.547103274559194,0.5476070528967254,0.5476070528967254,0.5455919395465995,0.546095717884131,-0.002,-0.1842,13467.192799999999,1460.620565
513500.SH,2014-06-11,0.546095717884131,0.546095717884131,0.546095717884131,0.5445843828715365,0.545088161209068,-0.002,-0.1845,8489.845000000001,918.771145
513500.SH,2014-06-12,0.545088161209068,0.5430730478589421,0.5440806045340051,0.5425692695214106,0.5435768261964735,-0.003,-0.2773,7124.165,768.44511
513500.SH,2014-06-13,0.5435768261964735,0.5380352644836273,0.5405541561712847,0.5380352644836273,0.5395465994962216,-0.008,-0.7414,10609.825,1136.493885
513500.SH,2014-06-16,0.5395465994962216,0.5400503778337532,0.5415617128463476,0.5400503778337532,0.5405541561712847,0.002,0.1867,7932.06,851.2077
513500.SH,2014-06-17,0.5405541561712847,0.5405541561712847,0.5415617128463476,0.5405541561712847,0.5415617128463476,0.002,0.1864,4378.91,470.57204
513500.SH,2014-06-18,0.5415617128463476,0.5420654911838791,0.5430730478589421,0.5420654911838791,0.5420654911838791,0.001,0.093,11374.050000000001,1224.01452
513500.SH,2014-06-19,0.5420654911838791,0.5465994962216625,0.54911838790932,0.5455919395465995,0.54911838790932,0.014,1.3011,40549.58,4409.286455
513500.SH,2014-06-20,0.54911838790932,0.547103274559194,0.5496221662468513,0.547103274559194,0.5496221662468513,0.001,0.0917,13918.820000000002,1516.474495
513500.SH,2014-06-23,0.5496221662468513,0.5541561712846348,0.5974811083123426,0.5486146095717884,0.5501259445843829,0.001,0.0917,11290.68,1238.757115
513500.SH,2014-06-24,0.5501259445843829,0.54911838790932,0.5501259445843829,0.5486146095717884,0.5501259445843829,0.0,0.0,15205.1,1658.32855
513500.SH,2014-06-25,0.5501259445843829,0.548110831234257,0.548110831234257,0.545088161209068,0.546095717884131,-0.008,-0.7326,12170.035,1318.7546
513500.SH,2014-06-26,0.546095717884131,0.5476070528967254,0.54911838790932,0.5476070528967254,0.54911838790932,0.006,0.5535,8692.315,946.2753050000001
513500.SH,2014-06-27,0.54911838790932,0.54911838790932,0.5496221662468513,0.547103274559194,0.5496221662468513,0.001,0.0917,13853.315,1507.90128
513500.SH,2014-06-30,0.5496221662468513,0.5501259445843829,0.5511335012594459,0.54911838790932,0.5506297229219144,0.002,0.1833,34288.69150000001,3743.958125
513500.SH,2014-07-01,0.5506297229219144,0.5496221662468513,0.5511335012594459,0.5496221662468513,0.5506297229219144,0.0,0.0,18839.635000000002,2058.29811
513500.SH,2014-07-02,0.5506297229219144,0.5521410579345088,0.5536523929471032,0.5521410579345088,0.5536523929471032,0.006,0.5489,12124.380000000001,1330.58123
513500.SH,2014-07-03,0.5536523929471032,0.5511335012594459,0.5536523929471032,0.5511335012594459,0.5526448362720403,-0.002,-0.182,9994.475,1097.000325
513500.SH,2014-07-04,0.5526448362720403,0.5551637279596978,0.5566750629722922,0.5546599496221662,0.5566750629722922,0.008,0.7293,29071.377050000003,3205.9834250000004
513500.SH,2014-07-07,0.5566750629722922,0.5566750629722922,0.5566750629722922,0.5551637279596978,0.5566750629722922,0.0,0.0,27345.657750000002,3017.80344
513500.SH,2014-07-08,0.5566750629722922,0.5551637279596978,0.5551637279596978,0.5516372795969773,0.5546599496221662,-0.004,-0.362,23359.48,2566.9781800000005
513500.SH,2014-07-09,0.5546599496221662,0.5516372795969773,0.5516372795969773,0.5496221662468513,0.5516372795969773,-0.006,-0.545,32280.7052,3526.72171
513500.SH,2014-07-10,0.5516372795969773,0.5516372795969773,0.5536523929471032,0.5516372795969773,0.5536523929471032,0.004,0.3653,24116.85675,2648.04558
513500.SH,2014-07-11,0.5536523929471032,0.5516372795969773,0.5516372795969773,0.5496221662468513,0.5506297229219144,-0.006,-0.546,13340.29175,1456.49375
513500.SH,2014-07-14,0.5506297229219144,0.5511335012594459,0.5511335012594459,0.54911838790932,0.5506297229219144,0.0,0.0,22079.949,2411.3660900000004
513500.SH,2014-07-15,0.5506297229219144,0.5501259445843829,0.5536523929471032,0.5501259445843829,0.5531486146095719,0.005,0.4575,11794.87,1295.1231750000002
513500.SH,2014-07-16,0.5531486146095719,0.5496221662468513,0.5516372795969773,0.5496221662468513,0.5516372795969773,-0.003,-0.2732,11284.725,1234.711685
513500.SH,2014-07-17,0.5516372795969773,0.5531486146095719,0.5541561712846348,0.5531486146095719,0.5531486146095719,0.003,0.274,12017.19,1320.872595
513500.SH,2014-07-18,0.5531486146095719,0.5476070528967254,0.5486146095717884,0.546095717884131,0.548110831234257,-0.01,-0.9107,21880.655000000002,2379.3242200000004
513500.SH,2014-07-21,0.548110831234257,0.5501259445843829,0.5541561712846348,0.5501259445843829,0.5541561712846348,0.012,1.1029,31062.510700000003,3411.5202500000005
513500.SH,2014-07-22,0.5541561712846348,0.5516372795969773,0.5531486146095719,0.5516372795969773,0.5531486146095719,-0.002,-0.1818,9230.25,1012.5862150000002
513500.SH,2014-07-23,0.5531486146095719,0.5541561712846348,0.5546599496221662,0.5526448362720403,0.5541561712846348,0.002,0.1821,17911.7666,1968.443115
513500.SH,2014-07-24,0.5541561712846348,0.5561712846347607,0.5561712846347607,0.5536523929471032,0.5541561712846348,0.0,0.0,10762.65015,1184.5308850000001
513500.SH,2014-07-25,0.5541561712846348,0.5541561712846348,0.5556675062972292,0.5531486146095719,0.5541561712846348,0.0,0.0,17384.63,1913.811945
513500.SH,2014-07-28,0.5541561712846348,0.5531486146095719,0.5536523929471032,0.5516372795969773,0.5536523929471032,-0.001,-0.0909,33766.835,3708.20629
513500.SH,2014-07-29,0.5536523929471032,0.5516372795969773,0.5536523929471032,0.5516372795969773,0.5536523929471032,0.0,0.0,14210.615000000002,1558.5545100000002
513500.SH,2014-07-30,0.5536523929471032,0.5511335012594459,0.5516372795969773,0.5501259445843829,0.5516372795969773,-0.004,-0.364,12817.145,1401.43382
513500.SH,2014-07-31,0.5516372795969773,0.54911838790932,0.5511335012594459,0.54911838790932,0.5511335012594459,-0.001,-0.0913,11213.265000000001,1225.0268700000001
513500.SH,2014-08-01,0.5511335012594459,0.5390428211586902,0.5420654911838791,0.5380352644836273,0.5420654911838791,-0.018,-1.6453,77021.98985000001,8250.95422
513500.SH,2014-08-04,0.5420654911838791,0.5395465994962216,0.5405541561712847,0.5390428211586902,0.5405541561712847,-0.003,-0.2788,15927.54075,1705.66286
513500.SH,2014-08-05,0.5405541561712847,0.5425692695214106,0.5425692695214106,0.5400503778337532,0.5410579345088161,0.001,0.0932,55645.405750000005,5971.771265
513500.SH,2014-08-06,0.5410579345088161,0.5380352644836273,0.5385390428211587,0.5370277078085642,0.5375314861460957,-0.007,-0.6518,18259.99515,1948.041285
513500.SH,2014-08-07,0.5375314861460957,0.5380352644836273,0.5385390428211587,0.5375314861460957,0.5380352644836273,0.001,0.0937,5990.7300000000005,639.63846
513500.SH,2014-08-08,0.5380352644836273,0.5380352644836273,0.5380352644836273,0.5345088161209067,0.5350125944584383,-0.006,-0.5618,25461.595,2703.84393
513500.SH,2014-08-11,0.5350125944584383,0.5385390428211587,0.5410579345088161,0.5385390428211587,0.5410579345088161,0.012,1.1299,26648.625,2856.742525
513500.SH,2014-08-12,0.5410579345088161,0.5410579345088161,0.5425692695214106,0.5405541561712847,0.5405541561712847,-0.001,-0.0931,11376.035,1221.920345
513500.SH,2014-08-13,0.5405541561712847,0.5410579345088161,0.5410579345088161,0.5390428211586902,0.5400503778337532,-0.001,-0.0932,12328.835000000001,1321.055215
513500.SH,2014-08-14,0.5400503778337532,0.5380352644836273,0.5440806045340051,0.5380352644836273,0.5440806045340051,0.008,0.7463,12035.055,1297.47143
513500.SH,2014-08-15,0.5440806045340051,0.546095717884131,0.547103274559194,0.5455919395465995,0.547103274559194,0.006,0.5556,10871.845000000001,1179.6140400000002
513500.SH,2014-08-18,0.547103274559194,0.5465994962216625,0.5476070528967254,0.545088161209068,0.547103274559194,0.0,0.0,25046.73,2716.403025
513500.SH,2014-08-19,0.547103274559194,0.547103274559194,0.5516372795969773,0.547103274559194,0.5516372795969773,0.009,0.8287,10752.745,1174.55229
513500.SH,2014-08-20,0.5516372795969773,0.5531486146095719,0.5541561712846348,0.5531486146095719,0.5541561712846348,0.005,0.4566,20292.655000000002,2229.9529700000003
513500.SH,2014-08-21,0.5541561712846348,0.5541561712846348,0.5551637279596978,0.5541561712846348,0.5546599496221662,0.001,0.0909,9758.26,1074.3117750000001
513500.SH,2014-08-22,0.5546599496221662,0.5551637279596978,0.5571788413098238,0.5551637279596978,0.5571788413098238,0.005,0.4541,9509.1425,1051.154765
513500.SH,2014-08-25,0.5571788413098238,0.5571788413098238,0.5571788413098238,0.5556675062972292,0.5561712846347607,-0.002,-0.1808,7230.3625,798.23599
513500.SH,2014-08-26,0.5561712846347607,0.5581863979848867,0.5591939546599497,0.5581863979848867,0.5586901763224181,0.005,0.4529,14587.765000000001,1617.4177000000002
513500.SH,2014-08-27,0.5586901763224181,0.5591939546599497,0.5596977329974812,0.5586901763224181,0.5586901763224181,0.0,0.0,15240.83,1691.17633
513500.SH,2014-08-28,0.5586901763224181,0.5591939546599497,0.5596977329974812,0.5581863979848867,0.5581863979848867,-0.001,-0.0902,17199.1516,1907.138375
513500.SH,2014-08-29,0.5581863979848867,0.5581863979848867,0.5586901763224181,0.5566750629722922,0.5576826196473552,-0.001,-0.0903,15371.84,1701.448705
513500.SH,2014-09-01,0.5576826196473552,0.5596977329974812,0.5612090680100756,0.5591939546599497,0.5596977329974812,0.004,0.3613,7219.445000000001,802.4164000000001
513500.SH,2014-09-02,0.5596977329974812,0.5596977329974812,0.5622166246851386,0.5596977329974812,0.5622166246851386,0.005,0.45,15759.907500000001,1755.6928
513500.SH,2014-09-03,0.5622166246851386,0.5607052896725441,0.5617128463476071,0.5596977329974812,0.5602015113350126,-0.004,-0.3584,26267.505,2920.2923
513500.SH,2014-09-04,0.5602015113350126,0.5591939546599497,0.5602015113350126,0.5586901763224181,0.5586901763224181,-0.003,-0.2698,26381.9998,2928.5221100000003
513500.SH,2014-09-05,0.5586901763224181,0.5591939546599497,0.5591939546599497,0.5576826196473552,0.5581863979848867,-0.001,-0.0902,13393.7875,1483.79147
513500.SH,2014-09-09,0.5581863979848867,0.5576826196473552,0.5607052896725441,0.5576826196473552,0.5576826196473552,-0.001,-0.0903,9138.94,1012.77479
513500.SH,2014-09-10,0.5576826196473552,0.5541561712846348,0.5561712846347607,0.5541561712846348,0.5551637279596978,-0.005,-0.4517,10850.01,1196.0974800000001
513500.SH,2014-09-11,0.5551637279596978,0.5551637279596978,0.5571788413098238,0.5551637279596978,0.5551637279596978,0.0,0.0,11746.356600000001,1295.9926050000001
513500.SH,2014-09-12,0.5551637279596978,0.5551637279596978,0.5581863979848867,0.5551637279596978,0.5576826196473552,0.005,0.4537,14218.555,1573.0172200000002
513500.SH,2014-09-15,0.5576826196473552,0.5551637279596978,0.5556675062972292,0.5541561712846348,0.5551637279596978,-0.005,-0.4517,11775.02,1296.66552
513500.SH,2014-09-16,0.5551637279596978,0.5546599496221662,0.5546599496221662,0.5521410579345088,0.5521410579345088,-0.006,-0.5445,9093.285,997.833695
513500.SH,2014-09-17,0.5521410579345088,0.5526448362720403,0.5576826196473552,0.5526448362720403,0.5571788413098238,0.01,0.9124,8509.695,940.891985
513500.SH,2014-09-18,0.5571788413098238,0.5586901763224181,0.5586901763224181,0.5571788413098238,0.5576826196473552,0.001,0.0904,8078.950000000001,894.8638050000001
513500.SH,2014-09-19,0.5576826196473552,0.5612090680100756,0.5632241813602016,0.5607052896725441,0.5632241813602016,0.011,0.9937,18361.25,2048.6549800000003
513500.SH,2014-09-22,0.5632241813602016,0.5632241813602016,0.5632241813602016,0.5602015113350126,0.5607052896725441,-0.005,-0.4472,3811.2000000000003,424.561725
513500.SH,2014-09-23,0.5607052896725441,0.5576826196473552,0.5576826196473552,0.5551637279596978,0.5566750629722922,-0.008,-0.7188,7336.56,809.5445350000001
513500.SH,2014-09-24,0.5566750629722922,0.5546599496221662,0.5546599496221662,0.5516372795969773,0.5536523929471032,-0.006,-0.543,16687.895,1830.247415
513500.SH,2014-09-25,0.5536523929471032,0.5566750629722922,0.5571788413098238,0.5556675062972292,0.5566750629722922,0.006,0.546,12969.99,1431.7209500000001
513500.SH,2014-09-26,0.5566750629722922,0.5521410579345088,0.5521410579345088,0.548110831234257,0.548110831234257,-0.017,-1.5385,11882.210000000001,1296.74889
513500.SH,2014-09-29,0.548110831234257,0.5516372795969773,0.5541561712846348,0.5516372795969773,0.5531486146095719,0.01,0.9191,17136.505,1880.388515
513500.SH,2014-09-30,0.5531486146095719,0.5531486146095719,0.5531486146095719,0.5506297229219144,0.5531486146095719,0.0,0.0,23615.545000000002,2588.76157
513500.SH,2014-10-08,0.5531486146095719,0.548110831234257,0.548110831234257,0.5405541561712847,0.5420654911838791,-0.022,-2.0036,27784.045000000002,2989.237305
513500.SH,2014-10-09,0.5420654911838791,0.548110831234257,0.5526448362720403,0.548110831234257,0.5521410579345088,0.02,1.8587,32534.15,3562.7018199999998
513500.SH,2014-10-10,0.5521410579345088,0.5435768261964735,0.5435768261964735,0.5385390428211587,0.5410579345088161,-0.022,-2.0073,31009.689850000002,3326.94337
513500.SH,2014-10-13,0.5410579345088161,0.5350125944584383,0.5350125944584383,0.5319899244332494,0.5340050377833754,-0.014,-1.3035,36341.380000000005,3844.22643
513500.SH,2014-10-14,0.5340050377833754,0.5289672544080605,0.5299748110831235,0.524433249370277,0.5294710327455919,-0.009,-0.8491,88787.065,9303.03201
513500.SH,2014-10-15,0.5294710327455919,0.5289672544080605,0.5289672544080605,0.5259445843828716,0.5284634760705289,-0.002,-0.1903,18545.855,1942.0565100000001
513500.SH,2014-10-16,0.5284634760705289,0.5279596977329976,0.5279596977329976,0.5204030226700251,0.5234256926952141,-0.01,-0.9533,55655.41015,5768.59262
513500.SH,2014-10-17,0.5234256926952141,0.5289672544080605,0.5289672544080605,0.5224181360201511,0.5239294710327456,0.001,0.0962,36887.255000000005,3835.0517600000003
513500.SH,2014-10-20,0.5239294710327456,0.5294710327455919,0.5294710327455919,0.5279596977329976,0.5289672544080605,0.01,0.9615,29000.850000000002,3043.400015
513500.SH,2014-10-21,0.5289672544080605,0.5335012594458438,0.5335012594458438,0.5314861460957179,0.5324937027707808,0.007,0.6667,40180.37,4245.551745000001
513500.SH,2014-10-22,0.5324937027707808,0.5420654911838791,0.5435768261964735,0.5400503778337532,0.5430730478589421,0.021,1.9868,55085.735,5926.548995
513500.SH,2014-10-23,0.5430730478589421,0.5390428211586902,0.5405541561712847,0.5385390428211587,0.5400503778337532,-0.006,-0.5566,25666.050000000003,2750.151995
513500.SH,2014-10-24,0.5400503778337532,0.545088161209068,0.5465994962216625,0.5425692695214106,0.5430730478589421,0.006,0.5597,9220.325,994.3559750000001
513500.SH,2014-10-27,0.5430730478589421,0.5465994962216625,0.5501259445843829,0.5440806045340051,0.548110831234257,0.01,0.9276,18426.953500000003,2006.3605850000001
513500.SH,2014-10-28,0.548110831234257,0.5476070528967254,0.54911838790932,0.547103274559194,0.548110831234257,0.0,0.0,10092.7325,1098.29653
513500.SH,2014-10-29,0.548110831234257,0.5496221662468513,0.5521410579345088,0.5496221662468513,0.5506297229219144,0.005,0.4596,32833.885,3591.672895
513500.SH,2014-10-30,0.5506297229219144,0.5506297229219144,0.5521410579345088,0.5501259445843829,0.5501259445843829,-0.001,-0.0915,15475.060000000001,1692.08149
513500.SH,2014-10-31,0.5501259445843829,0.5516372795969773,0.5591939546599497,0.5516372795969773,0.5576826196473552,0.015,1.3736,45041.635,4967.385085
513500.SH,2014-11-03,0.5576826196473552,0.5576826196473552,0.5632241813602016,0.5576826196473552,0.5622166246851386,0.009,0.813,19504.61,2176.0681600000003
513500.SH,2014-11-04,0.5622166246851386,0.5612090680100756,0.5622166246851386,0.5602015113350126,0.5607052896725441,-0.003,-0.2688,9587.550000000001,1067.388095
513500.SH,2014-11-05,0.5607052896725441,0.5591939546599497,0.5612090680100756,0.5591939546599497,0.5607052896725441,0.0,0.0,9655.04,1074.280015
513500.SH,2014-11-06,0.5607052896725441,0.5622166246851386,0.5642317380352645,0.5622166246851386,0.56272040302267,0.004,0.3594,15443.300000000001,1725.73121
513500.SH,2014-11-07,0.56272040302267,0.5642317380352645,0.5667506297229219,0.5642317380352645,0.5667506297229219,0.008,0.7162,15503.0485,1741.811695
513500.SH,2014-11-10,0.5667506297229219,0.5662468513853904,0.5672544080604534,0.5652392947103275,0.5652392947103275,-0.003,-0.2667,26624.805,2991.79597
513500.SH,2014-11-11,0.5652392947103275,0.5652392947103275,0.5692695214105793,0.5652392947103275,0.5687657430730478,0.007,0.6239,15488.955,1747.4252750000003
513500.SH,2014-11-12,0.5687657430730478,0.5687657430730478,0.5687657430730478,0.5662468513853904,0.5672544080604534,-0.003,-0.2657,3076.75,346.29119000000003
513500.SH,2014-11-13,0.5672544080604534,0.5662468513853904,0.5677581863979849,0.565743073047859,0.565743073047859,-0.003,-0.2664,12801.265000000001,1439.559715
513500.SH,2014-11-14,0.565743073047859,0.565743073047859,0.5667506297229219,0.5652392947103275,0.565743073047859,0.0,0.0,28085.765000000003,3155.739105
513500.SH,2014-11-17,0.565743073047859,0.565743073047859,0.5677581863979849,0.563727959697733,0.563727959697733,-0.004,-0.3562,18418.815000000002,2065.140405
513500.SH,2014-11-18,0.563727959697733,0.564735516372796,0.5667506297229219,0.564735516372796,0.565743073047859,0.004,0.3575,11419.705,1282.311985
513500.SH,2014-11-19,0.565743073047859,0.5662468513853904,0.5707808564231738,0.5662468513853904,0.5702770780856423,0.009,0.8014,21574.965,2440.83937
513500.SH,2014-11-20,0.5702770780856423,0.5682619647355164,0.5687657430730478,0.5677581863979849,0.5677581863979849,-0.005,-0.4417,8271.495,932.8011250000001
513500.SH,2014-11-21,0.5677581863979849,0.5687657430730478,0.5697732997481109,0.5687657430730478,0.5692695214105793,0.003,0.2662,12320.895,1392.118215
513500.SH,2014-11-24,0.5692695214105793,0.5722921914357683,0.5727959697732997,0.5677581863979849,0.5677581863979849,-0.003,-0.2655,43538.990000000005,4928.56047
513500.SH,2014-11-25,0.5677581863979849,0.5677581863979849,0.5743073047858942,0.5677581863979849,0.5722921914357683,0.009,0.7986,16781.190000000002,1906.2649750000003
513500.SH,2014-11-26,0.5722921914357683,0.5727959697732997,0.5732997481108312,0.5717884130982368,0.5727959697732997,0.001,0.088,6655.705,756.68597
513500.SH,2014-11-27,0.5727959697732997,0.5743073047858942,0.5748110831234257,0.5738035264483627,0.5738035264483627,0.002,0.1759,7834.795,892.739855
513500.SH,2014-11-28,0.5738035264483627,0.5743073047858942,0.5753148614609571,0.5738035264483627,0.5738035264483627,0.0,0.0,14456.73515,1647.6810100000002
513500.SH,2014-12-01,0.5738035264483627,0.5727959697732997,0.5732997481108312,0.5697732997481109,0.5702770780856423,-0.007,-0.6146,17704.215,2008.49049
513500.SH,2014-12-02,0.5702770780856423,0.5682619647355164,0.5692695214105793,0.5672544080604534,0.5677581863979849,-0.005,-0.4417,19258.68835,2173.1700600000004
513500.SH,2014-12-03,0.5677581863979849,0.5692695214105793,0.5727959697732997,0.5692695214105793,0.5712846347607052,0.007,0.6211,28994.895,3286.9555450000003
513500.SH,2014-12-04,0.5712846347607052,0.5717884130982368,0.5753148614609571,0.5717884130982368,0.5738035264483627,0.005,0.4409,14280.09,1625.8460100000002
513500.SH,2014-12-05,0.5738035264483627,0.5722921914357683,0.5738035264483627,0.5702770780856423,0.5722921914357683,-0.003,-0.2634,29541.02805,3353.3696750000004
513500.SH,2014-12-08,0.5722921914357683,0.5748110831234257,0.5758186397984887,0.5738035264483627,0.5748110831234257,0.005,0.4401,10736.865,1225.235295
513500.SH,2014-12-09,0.5748110831234257,0.5702770780856423,0.5707808564231738,0.5692695214105793,0.5692695214105793,-0.011,-0.9641,17728.035,2005.51299
513500.SH,2014-12-10,0.5692695214105793,0.5717884130982368,0.5717884130982368,0.5692695214105793,0.5707808564231738,0.003,0.2655,12370.52,1400.93757
513500.SH,2014-12-11,0.5707808564231738,0.5541561712846348,0.5617128463476071,0.5541561712846348,0.5617128463476071,-0.018,-1.5887,20759.13,2300.22991
513500.SH,2014-12-12,0.5617128463476071,0.5642317380352645,0.5642317380352645,0.5571788413098238,0.5576826196473552,-0.008,-0.7175,64834.07,7204.468175
513500.SH,2014-12-15,0.5576826196473552,0.5501259445843829,0.5541561712846348,0.5501259445843829,0.5541561712846348,-0.007,-0.6323,26600.985,2919.615415
513500.SH,2014-12-16,0.5541561712846348,0.5506297229219144,0.5511335012594459,0.54911838790932,0.5511335012594459,-0.006,-0.5455,36216.325000000004,3957.5361850000004
513500.SH,2014-12-17,0.5511335012594459,0.548110831234257,0.54911838790932,0.545088161209068,0.5455919395465995,-0.011,-1.0055,37711.03,4085.074420000001
513500.SH,2014-12-18,0.5455919395465995,0.5536523929471032,0.5586901763224181,0.5536523929471032,0.5586901763224181,0.026,2.4007,20959.615,2320.1910700000003
513500.SH,2014-12-19,0.5586901763224181,0.5722921914357683,0.5732997481108312,0.5707808564231738,0.5727959697732997,0.028,2.5248,25576.725000000002,2905.259895
513500.SH,2014-12-22,0.5727959697732997,0.5743073047858942,0.5748110831234257,0.5732997481108312,0.5743073047858942,0.003,0.2639,25592.605,2915.8081850000003
513500.SH,2014-12-23,0.5743073047858942,0.580352644836272,0.580352644836272,0.5758186397984887,0.5773299748110831,0.006,0.5263,11205.325,1283.20722
513500.SH,2014-12-24,0.5773299748110831,0.5808564231738036,0.5808564231738036,0.5778337531486146,0.579345088161209,0.004,0.349,20584.45,2367.16014
513500.SH,2014-12-25,0.579345088161209,0.5798488664987406,0.5798488664987406,0.5768261964735516,0.5773299748110831,-0.004,-0.3478,2882.2200000000003,331.12579
513500.SH,2014-12-26,0.5773299748110831,0.580352644836272,0.580352644836272,0.5758186397984887,0.5773299748110831,0.0,0.0,15290.47485,1751.0518700000002
513500.SH,2014-12-29,0.5773299748110831,0.5773299748110831,0.5808564231738036,0.5773299748110831,0.580352644836272,0.006,0.5236,33643.765,3872.58414
513500.SH,2014-12-30,0.580352644836272,0.579345088161209,0.580352644836272,0.5783375314861461,0.5788413098236777,-0.003,-0.2604,10318.03,1185.956115
513500.SH,2014-12-31,0.5788413098236777,0.5743073047858942,0.5783375314861461,0.5743073047858942,0.5783375314861461,-0.001,-0.087,13293.545,1523.3803100000002
513500.SH,2015-01-05,0.5783375314861461,0.5743073047858942,0.5743073047858942,0.5707808564231738,0.5712846347607052,-0.014,-1.2195,36349.32,4122.827135
513500.SH,2015-01-06,0.5712846347607052,0.5632241813602016,0.5632241813602016,0.5591939546599497,0.5612090680100756,-0.02,-1.7637,33330.71065,3703.884945
513500.SH,2015-01-07,0.5612090680100756,0.5607052896725441,0.5607052896725441,0.5556675062972292,0.5581863979848867,-0.006,-0.5386,69544.475,7699.447775000001
513500.SH,2015-01-08,0.5581863979848867,0.565743073047859,0.5682619647355164,0.563727959697733,0.5682619647355164,0.02,1.8051,75040.94,8437.526355
513500.SH,2015-01-09,0.5682619647355164,0.5743073047858942,0.5768261964735516,0.5743073047858942,0.5758186397984887,0.015,1.3298,56332.295150000005,6438.09739
513500.SH,2015-01-12,0.5758186397984887,0.5758186397984887,0.5758186397984887,0.5687657430730478,0.5712846347607052,-0.009,-0.7874,36623.25,4152.77483
513500.SH,2015-01-13,0.5712846347607052,0.5687657430730478,0.5687657430730478,0.563727959697733,0.5652392947103275,-0.012,-1.0582,27809.850000000002,3120.84479
513500.SH,2015-01-14,0.5652392947103275,0.565743073047859,0.565743073047859,0.5622166246851386,0.56272040302267,-0.005,-0.4456,32008.125,3576.0648400000005
513500.SH,2015-01-15,0.56272040302267,0.5617128463476071,0.5622166246851386,0.5596977329974812,0.5622166246851386,-0.001,-0.0895,39944.730650000005,4447.00741
513500.SH,2015-01-16,0.5622166246851386,0.5581863979848867,0.5612090680100756,0.5546599496221662,0.5602015113350126,-0.004,-0.3584,86442.78,9566.96158
513500.SH,2015-01-19,0.5602015113350126,0.563727959697733,0.5667506297229219,0.5617128463476071,0.5622166246851386,0.004,0.3597,124384.66550000002,13906.036600000001
513500.SH,2015-01-20,0.5622166246851386,0.563727959697733,0.5642317380352645,0.5622166246851386,0.563727959697733,0.003,0.2688,54341.36,6074.0603
513500.SH,2015-01-21,0.563727959697733,0.5642317380352645,0.5662468513853904,0.5622166246851386,0.565743073047859,0.004,0.3575,96008.51485,10745.025335
513500.SH,2015-01-22,0.565743073047859,0.5662468513853904,0.5722921914357683,0.565743073047859,0.5707808564231738,0.01,0.8905,187991.41,21251.550935
513500.SH,2015-01-23,0.5707808564231738,0.5838790931989924,0.5969773299748111,0.5783375314861461,0.580352644836272,0.019,1.677,331876.12,38334.03019
513500.SH,2015-01-26,0.580352644836272,0.5798488664987406,0.5798488664987406,0.5717884130982368,0.5727959697732997,-0.015,-1.3021,127115.43000000001,14465.874090000001
513500.SH,2015-01-27,0.5727959697732997,0.5738035264483627,0.5758186397984887,0.5738035264483627,0.5748110831234257,0.004,0.3518,423863.005,48363.31812
513500.SH,2015-01-28,0.5748110831234257,0.5677581863979849,0.5692695214105793,0.5662468513853904,0.5687657430730478,-0.012,-1.0517,355856.905,40059.020995
513500.SH,2015-01-29,0.5687657430730478,0.56272040302267,0.56272040302267,0.5602015113350126,0.5617128463476071,-0.014,-1.24,57684.100000000006,6424.398905
513500.SH,2015-01-30,0.5617128463476071,0.565743073047859,0.5677581863979849,0.5642317380352645,0.565743073047859,0.008,0.7175,66654.315,7484.682685000001
513500.SH,2015-02-02,0.565743073047859,0.5586901763224181,0.5612090680100756,0.5561712846347607,0.5602015113350126,-0.011,-0.9795,203001.98,22536.294545
513500.SH,2015-02-03,0.5602015113350126,0.5672544080604534,0.5682619647355164,0.564735516372796,0.5662468513853904,0.012,1.0791,234337.19,26325.252620000003
513500.SH,2015-02-04,0.5662468513853904,0.5702770780856423,0.5732997481108312,0.5702770780856423,0.5712846347607052,0.01,0.8897,72920.96,8284.7151
513500.SH,2015-02-05,0.5712846347607052,0.5692695214105793,0.5707808564231738,0.5672544080604534,0.5677581863979849,-0.007,-0.6173,78893.825,8902.66545
513500.SH,2015-02-06,0.5677581863979849,0.5692695214105793,0.5753148614609571,0.5692695214105793,0.5722921914357683,0.009,0.7986,60143.515,6850.219120000001
513500.SH,2015-02-09,0.5722921914357683,0.5722921914357683,0.5722921914357683,0.5692695214105793,0.5722921914357683,0.0,0.0,204703.125,23232.537265000003
513500.SH,2015-02-10,0.5722921914357683,0.5692695214105793,0.5707808564231738,0.5682619647355164,0.5687657430730478,-0.007,-0.6162,24748.98,2794.8403000000003
513500.SH,2015-02-11,0.5687657430730478,0.5717884130982368,0.5763224181360201,0.5717884130982368,0.5758186397984887,0.014,1.24,38588.41985,4408.460695000001
513500.SH,2015-02-12,0.5758186397984887,0.5753148614609571,0.5763224181360201,0.5748110831234257,0.5753148614609571,-0.001,-0.0875,479365.59,54785.073005
513500.SH,2015-02-13,0.5753148614609571,0.580352644836272,0.5843828715365239,0.5798488664987406,0.5828715365239295,0.015,1.3135,403159.455,46621.558035
513500.SH,2015-02-16,0.5828715365239295,0.5838790931989924,0.5843828715365239,0.5828715365239295,0.5843828715365239,0.003,0.2593,507034.505,58734.949075000004
513500.SH,2015-02-17,0.5843828715365239,0.5828715365239295,0.5853904282115868,0.5828715365239295,0.5853904282115868,0.002,0.1724,2434320.63,282167.86711500003
513500.SH,2015-02-25,0.5853904282115868,0.5889168765743074,0.5919395465994962,0.5884130982367758,0.5899244332493703,0.009,0.7745,1325753.71,155431.754735
513500.SH,2015-02-26,0.5899244332493703,0.5904282115869017,0.5904282115869017,0.5884130982367758,0.5894206549118388,-0.001,-0.0854,1841714.76,215532.977325
513500.SH,2015-02-27,0.5894206549118388,0.5894206549118388,0.5899244332493703,0.5889168765743074,0.5894206549118388,0.0,0.0,3495553.25985,409104.31959
513500.SH,2015-03-02,0.5894206549118388,0.5894206549118388,0.5894206549118388,0.5863979848866498,0.5894206549118388,0.0,0.0,2627401.6197,306896.42345
513500.SH,2015-03-03,0.5894206549118388,0.5919395465994962,0.5939546599496222,0.5909319899244333,0.5929471032745592,0.007,0.5983,1474370.6600000001,173579.27383000002
513500.SH,2015-03-04,0.5929471032745592,0.5929471032745592,0.5929471032745592,0.5899244332493703,0.5919395465994962,-0.002,-0.1699,4862892.7,571055.80484
513500.SH,2015-03-05,0.5919395465994962,0.5889168765743074,0.5914357682619648,0.5889168765743074,0.5914357682619648,-0.001,-0.0851,7145781.86835,837690.812725
513500.SH,2015-03-06,0.5914357682619648,0.5919395465994962,0.5939546599496222,0.5919395465994962,0.5929471032745592,0.003,0.2555,1421657.0,167366.61289000002
513500.SH,2015-03-09,0.5929471032745592,0.5874055415617128,0.5894206549118388,0.5843828715365239,0.5874055415617128,-0.011,-0.9346,662918.54,77185.17670000001
513500.SH,2015-03-10,0.5874055415617128,0.5884130982367758,0.5889168765743074,0.5853904282115868,0.5874055415617128,0.0,0.0,3380379.5700000003,394271.61154500005
513500.SH,2015-03-11,0.5874055415617128,0.5808564231738036,0.5808564231738036,0.5758186397984887,0.5768261964735516,-0.021,-1.801,2523601.96,289453.559505
513500.SH,2015-03-12,0.5768261964735516,0.5768261964735516,0.579345088161209,0.5768261964735516,0.579345088161209,0.005,0.4367,2327493.8850000002,267208.91307
513500.SH,2015-03-13,0.579345088161209,0.5904282115869017,0.5904282115869017,0.5813602015113349,0.5818639798488665,0.005,0.4348,3430629.845,397471.07226
513500.SH,2015-03-16,0.5818639798488665,0.5818639798488665,0.582367758186398,0.579345088161209,0.5798488664987406,-0.004,-0.3463,5454115.025,629399.27023
513500.SH,2015-03-17,0.5798488664987406,0.5853904282115868,0.5874055415617128,0.5843828715365239,0.5853904282115868,0.011,0.9557,2071802.0650000002,240763.32578
513500.SH,2015-03-18,0.5853904282115868,0.5838790931989924,0.5843828715365239,0.5828715365239295,0.5828715365239295,-0.005,-0.4303,1252181.6700000002,145167.871565
513500.SH,2015-03-19,0.5828715365239295,0.5879093198992443,0.5914357682619648,0.5879093198992443,0.5904282115869017,0.015,1.2965,3104847.6750000003,363542.410135
513500.SH,2015-03-20,0.5904282115869017,0.5889168765743074,0.5889168765743074,0.5858942065491184,0.5869017632241814,-0.007,-0.5973,525530.735,61270.060065
513500.SH,2015-03-23,0.5869017632241814,0.5909319899244333,0.5924433249370277,0.5904282115869017,0.5914357682619648,0.009,0.7725,13310415.515,1563498.8353400002
513500.SH,2015-03-24,0.5914357682619648,0.5934508816120907,0.5934508816120907,0.5874055415617128,0.5879093198992443,-0.007,-0.5963,14801127.270650001,1735501.3760300002
513500.SH,2015-03-25,0.5879093198992443,0.5863979848866498,0.5869017632241814,0.5833753148614609,0.5833753148614609,-0.009,-0.7712,20578784.810000002,2391375.6770550003
513500.SH,2015-03-26,0.5833753148614609,0.5783375314861461,0.5783375314861461,0.5748110831234257,0.5753148614609571,-0.016,-1.3817,23687157.845000003,2710385.1878400003
513500.SH,2015-03-27,0.5753148614609571,0.5748110831234257,0.5773299748110831,0.5743073047858942,0.5763224181360201,0.002,0.1751,14122683.47,1616592.8808900001
513500.SH,2015-03-30,0.5763224181360201,0.5773299748110831,0.5778337531486146,0.5748110831234257,0.5753148614609571,-0.002,-0.1748,2668102.02,305715.24721500004
513500.SH,2015-03-31,0.5753148614609571,0.5808564231738036,0.5828715365239295,0.579345088161209,0.580352644836272,0.01,0.8757,468904.64,54077.72024
513500.SH,2015-04-01,0.580352644836272,0.5773299748110831,0.5778337531486146,0.5748110831234257,0.5768261964735516,-0.007,-0.6076,2080496.365,238116.612135
513500.SH,2015-04-02,0.5768261964735516,0.5748110831234257,0.5773299748110831,0.5738035264483627,0.5768261964735516,0.0,0.0,1322776.21,151266.87735999998
513500.SH,2015-04-03,0.5768261964735516,0.5768261964735516,0.5773299748110831,0.5763224181360201,0.5763224181360201,-0.001,-0.0873,573940.915,65714.780755
513500.SH,2015-04-07,0.5763224181360201,0.5783375314861461,0.580352644836272,0.5773299748110831,0.5783375314861461,0.004,0.3497,719227.035,82581.635415
513500.SH,2015-04-08,0.5783375314861461,0.5778337531486146,0.579345088161209,0.5753148614609571,0.5773299748110831,-0.002,-0.1742,2335815.005,268005.7675
513500.SH,2015-04-09,0.5773299748110831,0.5778337531486146,0.5778337531486146,0.5758186397984887,0.5768261964735516,-0.001,-0.0873,2210440.42,253147.15520500002
513500.SH,2015-04-10,0.5768261964735516,0.5783375314861461,0.580352644836272,0.5783375314861461,0.579345088161209,0.005,0.4367,866188.495,99569.84702
513500.SH,2015-04-13,0.579345088161209,0.580352644836272,0.5818639798488665,0.5778337531486146,0.579345088161209,0.0,0.0,1253344.8800000001,144314.07344
513500.SH,2015-04-14,0.579345088161209,0.5788413098236777,0.579345088161209,0.5768261964735516,0.5778337531486146,-0.003,-0.2609,2826602.285,324488.08299500006
513500.SH,2015-04-15,0.5778337531486146,0.5778337531486146,0.579345088161209,0.5778337531486146,0.5778337531486146,0.0,0.0,752178.035,86391.87269
513500.SH,2015-04-16,0.5778337531486146,0.5783375314861461,0.582367758186398,0.5783375314861461,0.5788413098236777,0.002,0.1744,1258621.01,145274.493855
513500.SH,2015-04-17,0.5788413098236777,0.5788413098236777,0.5828715365239295,0.5788413098236777,0.5818639798488665,0.006,0.5222,3274795.435,378290.93234500004
513500.SH,2015-04-20,0.5818639798488665,0.579345088161209,0.5798488664987406,0.5758186397984887,0.5778337531486146,-0.008,-0.6926,762764.0003,87597.86738000001
513500.SH,2015-04-21,0.5778337531486146,0.5808564231738036,0.5843828715365239,0.5808564231738036,0.5828715365239295,0.01,0.8718,1925789.5938,222800.55063500002
513500.SH,2015-04-22,0.5828715365239295,0.5808564231738036,0.5813602015113349,0.5798488664987406,0.5813602015113349,-0.003,-0.2593,249071.6465,28715.61344
513500.SH,2015-04-23,0.5813602015113349,0.5843828715365239,0.5848866498740555,0.5828715365239295,0.5833753148614609,0.004,0.3466,2501142.876,289995.83967
513500.SH,2015-04-24,0.5833753148614609,0.5853904282115868,0.5884130982367758,0.5853904282115868,0.5858942065491184,0.005,0.4318,770584.7415000001,89682.04195000001
513500.SH,2015-04-27,0.5858942065491184,0.5879093198992443,0.5889168765743074,0.5863979848866498,0.5879093198992443,0.004,0.3439,1214452.95365,141825.488865
513500.SH,2015-04-28,0.5879093198992443,0.5879093198992443,0.5879093198992443,0.5843828715365239,0.5858942065491184,-0.004,-0.3428,1896532.52,221048.34945
513500.SH,2015-04-29,0.5858942065491184,0.5889168765743074,0.5889168765743074,0.5858942065491184,0.5874055415617128,0.003,0.258,153640.98500000002,17924.170865
513500.SH,2015-04-30,0.5874055415617128,0.5863979848866498,0.5863979848866498,0.5828715365239295,0.5843828715365239,-0.006,-0.5146,347621.14,40318.246115
513500.SH,2015-05-04,0.5843828715365239,0.5848866498740555,0.5848866498740555,0.5833753148614609,0.5843828715365239,0.0,0.0,1643411.2750000001,190563.261355
513500.SH,2015-05-05,0.5843828715365239,0.5843828715365239,0.5884130982367758,0.5843828715365239,0.5869017632241814,0.005,0.431,471608.21,54898.7877
513500.SH,2015-05-06,0.5869017632241814,0.5833753148614609,0.5843828715365239,0.5798488664987406,0.580352644836272,-0.013,-1.1159,716058.9750000001,82606.209715
513500.SH,2015-05-07,0.580352644836272,0.5783375314861461,0.579345088161209,0.5768261964735516,0.579345088161209,-0.002,-0.1736,533659.1115000001,61315.671395000005
513500.SH,2015-05-08,0.579345088161209,0.5808564231738036,0.5858942065491184,0.579345088161209,0.5818639798488665,0.005,0.4348,1125072.195,129718.956
513500.SH,2015-05-11,0.5818639798488665,0.5858942065491184,0.5884130982367758,0.5848866498740555,0.5858942065491184,0.008,0.6926,454531.255,52831.17795500001
513500.SH,2015-05-12,0.5858942065491184,0.5858942065491184,0.5858942065491184,0.5838790931989924,0.5853904282115868,-0.001,-0.086,741911.615,86138.67006
513500.SH,2015-05-13,0.5853904282115868,0.5843828715365239,0.5848866498740555,0.5813602015113349,0.5838790931989924,-0.003,-0.2582,2147472.7264,248924.12130000003
513500.SH,2015-05-14,0.5838790931989924,0.5818639798488665,0.5843828715365239,0.5813602015113349,0.5818639798488665,-0.004,-0.3451,386106.32,44690.016070000005
513500.SH,2015-05-15,0.5818639798488665,0.5843828715365239,0.5879093198992443,0.5843828715365239,0.5863979848866498,0.009,0.7792,1887763.2664,219877.43368000002
513500.SH,2015-05-18,0.5863979848866498,0.5848866498740555,0.5869017632241814,0.5848866498740555,0.5858942065491184,-0.001,-0.0859,794668.9450000001,92394.75883
513500.SH,2015-05-19,0.5858942065491184,0.5863979848866498,0.5889168765743074,0.5863979848866498,0.5889168765743074,0.006,0.5159,101338.22,11834.27622
513500.SH,2015-05-20,0.5889168765743074,0.5879093198992443,0.5894206549118388,0.5879093198992443,0.5884130982367758,-0.001,-0.0855,244405.11000000002,28547.624875
513500.SH,2015-05-21,0.5884130982367758,0.5884130982367758,0.5889168765743074,0.5843828715365239,0.5874055415617128,-0.002,-0.1712,755719.275,88118.52097
513500.SH,2015-05-22,0.5874055415617128,0.5879093198992443,0.5899244332493703,0.5879093198992443,0.5899244332493703,0.005,0.4288,1845510.08,215883.24844000002
513500.SH,2015-05-25,0.5899244332493703,0.5889168765743074,0.5939546599496222,0.5858942065491184,0.5894206549118388,-0.001,-0.0854,623825.9500000001,73047.32906999999
513500.SH,2015-05-26,0.5894206549118388,0.5894206549118388,0.5899244332493703,0.5869017632241814,0.5894206549118388,0.0,0.0,2288886.9848,267803.64289
513500.SH,2015-05-27,0.5894206549118388,0.5879093198992443,0.5879093198992443,0.5843828715365239,0.5863979848866498,-0.006,-0.5128,1171304.83,136134.180235
513500.SH,2015-05-28,0.5863979848866498,0.5879093198992443,0.5909319899244333,0.5879093198992443,0.5884130982367758,0.004,0.3436,1113596.9100000001,130327.95003
513500.SH,2015-05-29,0.5884130982367758,0.5884130982367758,0.5909319899244333,0.5884130982367758,0.5894206549118388,0.002,0.1712,4509177.61,527533.764755
513500.SH,2015-06-01,0.5894206549118388,0.5894206549118388,0.5894206549118388,0.5838790931989924,0.5858942065491184,-0.007,-0.5983,501823.88,58281.17212
513500.SH,2015-06-02,0.5858942065491184,0.5863979848866498,0.5874055415617128,0.5848866498740555,0.5863979848866498,0.001,0.086,5097106.82,593352.0315
513500.SH,2015-06-03,0.5863979848866498,0.5863979848866498,0.5863979848866498,0.5828715365239295,0.5833753148614609,-0.006,-0.5155,392603.22500000003,45614.22413
513500.SH,2015-06-04,0.5833753148614609,0.5833753148614609,0.5894206549118388,0.5833753148614609,0.5869017632241814,0.007,0.6045,680731.93,79126.00648000001
513500.SH,2015-06-05,0.5869017632241814,0.5863979848866498,0.5863979848866498,0.5808564231738036,0.5853904282115868,-0.003,-0.2575,716082.795,83121.94447500001
513500.SH,2015-06-08,0.5853904282115868,0.5853904282115868,0.5869017632241814,0.5833753148614609,0.5863979848866498,0.002,0.1721,613124.8150000001,71278.86478
513500.SH,2015-06-09,0.5863979848866498,0.5858942065491184,0.5858942065491184,0.5808564231738036,0.582367758186398,-0.008,-0.6873,3519460.58,406194.70659
513500.SH,2015-06-10,0.582367758186398,0.5818639798488665,0.5843828715365239,0.5808564231738036,0.5843828715365239,0.004,0.346,24121.72,2791.03307
513500.SH,2015-06-11,0.5843828715365239,0.5889168765743074,0.5909319899244333,0.5869017632241814,0.5879093198992443,0.007,0.6034,8464.04,987.916635
513500.SH,2015-06-12,0.5879093198992443,0.5879093198992443,0.5894206549118388,0.5879093198992443,0.5889168765743074,0.002,0.1714,14297.955,1670.9849100000001
513500.SH,2015-06-15,0.5889168765743074,0.5863979848866498,0.5863979848866498,0.5828715365239295,0.5828715365239295,-0.012,-1.0265,15623.935000000001,1809.746335
513500.SH,2015-06-16,0.5828715365239295,0.5838790931989924,0.5838790931989924,0.579345088161209,0.5813602015113349,-0.003,-0.2593,837336.52,96712.1775
513500.SH,2015-06-17,0.5813602015113349,0.5833753148614609,0.5858942065491184,0.5813602015113349,0.5813602015113349,0.0,0.0,1294019.5150000001,149785.18205
513500.SH,2015-06-18,0.5813602015113349,0.582367758186398,0.5853904282115868,0.579345088161209,0.5818639798488665,0.001,0.0867,1695209.85,195688.43210499999
513500.SH,2015-06-19,0.5818639798488665,0.5843828715365239,0.5884130982367758,0.5833753148614609,0.5838790931989924,0.004,0.3463,870092.99,101232.23092500001
513500.SH,2015-06-23,0.5838790931989924,0.5848866498740555,0.5919395465994962,0.5848866498740555,0.5874055415617128,0.007,0.604,589398.11,68736.44502
513500.SH,2015-06-24,0.5874055415617128,0.5889168765743074,0.5914357682619648,0.5884130982367758,0.5894206549118388,0.004,0.3431,3353063.9850000003,393492.514925
513500.SH,2015-06-25,0.5894206549118388,0.5788413098236777,0.5869017632241814,0.5788413098236777,0.5863979848866498,-0.006,-0.5128,2221999.075,258218.115605
513500.SH,2015-06-26,0.5863979848866498,0.5863979848866498,0.5863979848866498,0.5838790931989924,0.5838790931989924,-0.005,-0.4296,11278.77,1308.851435
513500.SH,2015-06-29,0.5838790931989924,0.5838790931989924,0.5858942065491184,0.5813602015113349,0.5838790931989924,0.0,0.0,743525.42,86104.367275
513500.SH,2015-06-30,0.5838790931989924,0.5748110831234257,0.5783375314861461,0.5732997481108312,0.5748110831234257,-0.018,-1.5531,1404693.1900000002,160859.23106
513500.SH,2015-07-01,0.5748110831234257,0.5753148614609571,0.5783375314861461,0.5753148614609571,0.5763224181360201,0.003,0.2629,121918.70000000001,13938.390115000002
513500.SH,2015-07-02,0.5763224181360201,0.5773299748110831,0.5818639798488665,0.5773299748110831,0.579345088161209,0.006,0.5245,790119.3250000001,90705.82356500001
513500.SH,2015-07-03,0.579345088161209,0.579345088161209,0.5813602015113349,0.5773299748110831,0.579345088161209,0.0,0.0,16298.835000000001,1872.3314
513500.SH,2015-07-06,0.579345088161209,0.5783375314861461,0.579345088161209,0.5692695214105793,0.5773299748110831,-0.004,-0.3478,719747.105,82149.485035
513500.SH,2015-07-07,0.5773299748110831,0.5773299748110831,0.579345088161209,0.5722921914357683,0.5758186397984887,-0.003,-0.2618,11544.76,1315.8168
513500.SH,2015-07-08,0.5758186397984887,0.5743073047858942,0.5788413098236777,0.5219143576826196,0.563727959697733,-0.024,-2.0997,39848.875,4489.65712
513500.SH,2015-07-09,0.563727959697733,0.5591939546599497,0.5894206549118388,0.5345088161209067,0.5632241813602016,-0.001,-0.0894,153847.42500000002,17399.122485
513500.SH,2015-07-10,0.5632241813602016,0.5632241813602016,0.5843828715365239,0.5617128463476071,0.565743073047859,0.005,0.4472,167357.33500000002,19057.588
513500.SH,2015-07-13,0.565743073047859,0.5743073047858942,0.5758186397984887,0.5697732997481109,0.5712846347607052,0.011,0.9795,35291.315,4005.1722150000005
513500.SH,2015-07-14,0.5712846347607052,0.5763224181360201,0.5869017632241814,0.5753148614609571,0.5828715365239295,0.023,2.0282,36649.03515,4225.265045000001
513500.SH,2015-07-15,0.5828715365239295,0.5838790931989924,0.5904282115869017,0.5838790931989924,0.5869017632241814,0.008,0.6914,488073.76515,56914.187975
513500.SH,2015-07-16,0.5869017632241814,0.5874055415617128,0.5884130982367758,0.5818639798488665,0.5838790931989924,-0.006,-0.515,237020.91,27473.356770000002
513500.SH,2015-07-17,0.5838790931989924,0.5869017632241814,0.5899244332493703,0.5869017632241814,0.5899244332493703,0.012,1.0354,384746.59500000003,44976.36423
513500.SH,2015-07-20,0.5899244332493703,0.5894206549118388,0.5944584382871536,0.5889168765743074,0.5914357682619648,0.003,0.2562,414422.24575000006,48716.169735
513500.SH,2015-07-21,0.5914357682619648,0.5924433249370277,0.5954659949622166,0.5924433249370277,0.5954659949622166,0.008,0.6814,265015.2856,31194.509230000003
513500.SH,2015-07-22,0.5954659949622166,0.5904282115869017,0.5939546599496222,0.5884130982367758,0.5919395465994962,-0.007,-0.5922,23020.045000000002,2703.190865
513500.SH,2015-07-23,0.5919395465994962,0.5894206549118388,0.5944584382871536,0.5894206549118388,0.5944584382871536,0.005,0.4255,19272.365,2266.054165
513500.SH,2015-07-24,0.5944584382871536,0.5904282115869017,0.6035264483627204,0.5904282115869017,0.5934508816120907,-0.002,-0.1695,135472.28,16001.370840000001
513500.SH,2015-07-27,0.5934508816120907,0.5848866498740555,0.5879093198992443,0.5798488664987406,0.5798488664987406,-0.027,-2.292,26261.550000000003,3044.805395
513500.SH,2015-07-28,0.5798488664987406,0.5833753148614609,0.5838790931989924,0.5788413098236777,0.580352644836272,0.001,0.0869,509321.22500000003,58776.72737
513500.SH,2015-07-29,0.580352644836272,0.5853904282115868,0.5889168765743074,0.5853904282115868,0.5869017632241814,0.013,1.1285,535706.6390000001,62461.83223000001
513500.SH,2015-07-30,0.5869017632241814,0.5944584382871536,0.5944584382871536,0.5904282115869017,0.5924433249370277,0.011,0.9442,563656.63,66286.02604
513500.SH,2015-07-31,0.5924433249370277,0.5909319899244333,0.5949622166246852,0.5909319899244333,0.5929471032745592,0.001,0.085,195267.229,22990.311685000004
513500.SH,2015-08-03,0.5929471032745592,0.5929471032745592,0.5934508816120907,0.5909319899244333,0.5919395465994962,-0.002,-0.1699,518168.37000000005,60877.96103
513500.SH,2015-08-04,0.5919395465994962,0.5914357682619648,0.5924433249370277,0.5894206549118388,0.5894206549118388,-0.005,-0.4255,128298.49,15037.99476
513500.SH,2015-08-05,0.5894206549118388,0.5894206549118388,0.5904282115869017,0.5884130982367758,0.5899244332493703,0.001,0.0855,10871.845000000001,1271.652535
513500.SH,2015-08-06,0.5899244332493703,0.5904282115869017,0.5924433249370277,0.5904282115869017,0.5919395465994962,0.004,0.3416,9627.25,1130.2987
513500.SH,2015-08-07,0.5919395465994962,0.5894206549118388,0.5919395465994962,0.5863979848866498,0.5874055415617128,-0.009,-0.766,24268.61,2833.327465
513500.SH,2015-08-10,0.5874055415617128,0.5899244332493703,0.5899244332493703,0.5869017632241814,0.5884130982367758,0.002,0.1715,130587.195,15252.31124
513500.SH,2015-08-11,0.5884130982367758,0.5944584382871536,0.6372795969773299,0.5924433249370277,0.6045340050377833,0.032,2.7397,126725.99285,15081.422590000002
513500.SH,2015-08-12,0.6045340050377833,0.604030226700252,0.6125944584382872,0.5989924433249371,0.6045340050377833,0.0,0.0,96401.52500000001,11556.858575
513500.SH,2015-08-13,0.6045340050377833,0.601007556675063,0.6136020151133501,0.601007556675063,0.6100755667506298,0.011,0.9167,43130.08,5213.437745
513500.SH,2015-08-14,0.6100755667506298,0.6105793450881613,0.6110831234256927,0.6070528967254408,0.6100755667506298,0.0,0.0,22714.355,2749.9296750000003
513500.SH,2015-08-17,0.6100755667506298,0.6130982367758187,0.6191435768261966,0.6130982367758187,0.6171284634760705,0.014,1.1561,29947.695,3671.9324
513500.SH,2015-08-18,0.6171284634760705,0.6191435768261966,0.6216624685138539,0.6191435768261966,0.6201511335012595,0.006,0.4898,34185.67,4211.07428
513500.SH,2015-08-19,0.6201511335012595,0.6196473551637279,0.6211586901763225,0.6171284634760705,0.617632241813602,-0.005,-0.4062,41917.245,5154.570585
513500.SH,2015-08-20,0.617632241813602,0.6161209068010076,0.6171284634760705,0.6115869017632242,0.6125944584382872,-0.01,-0.8157,22996.225000000002,2798.68723
513500.SH,2015-08-21,0.6125944584382872,0.6045340050377833,0.6045340050377833,0.597984886649874,0.6000000000000001,-0.025,-2.0559,46486.73485,5530.565315000001
513500.SH,2015-08-24,0.6000000000000001,0.5788413098236777,0.5788413098236777,0.5571788413098238,0.5662468513853904,-0.067,-5.6255,51304.310000000005,5846.468140000001
513500.SH,2015-08-25,0.5662468513853904,0.5405541561712847,0.5743073047858942,0.5405541561712847,0.5591939546599497,-0.014,-1.2456,60463.100000000006,6720.358435
513500.SH,2015-08-26,0.5591939546599497,0.563727959697733,0.5732997481108312,0.5430730478589421,0.5607052896725441,0.003,0.2703,25749.420000000002,2845.289075
513500.SH,2015-08-27,0.5607052896725441,0.5843828715365239,0.5843828715365239,0.5692695214105793,0.5753148614609571,0.029,2.6056,37333.880000000005,4271.88674
513500.SH,2015-08-28,0.5753148614609571,0.5788413098236777,0.5863979848866498,0.5788413098236777,0.5853904282115868,0.02,1.7513,34719.635,4010.277635
513500.SH,2015-08-31,0.5853904282115868,0.5843828715365239,0.5853904282115868,0.5763224181360201,0.5828715365239295,-0.005,-0.4303,15907.79,1837.437085
513500.SH,2015-09-01,0.5828715365239295,0.5798488664987406,0.5798488664987406,0.5702770780856423,0.5732997481108312,-0.019,-1.6422,19145.325,2180.4172949999997
513500.SH,2015-09-02,0.5732997481108312,0.565743073047859,0.5692695214105793,0.5586901763224181,0.5687657430730478,-0.009,-0.7909,11334.35,1271.521525
513500.SH,2015-09-07,0.5687657430730478,0.5738035264483627,0.5738035264483627,0.5652392947103275,0.5692695214105793,0.001,0.0886,11483.225,1294.3529950000002
513500.SH,2015-09-08,0.5692695214105793,0.5692695214105793,0.5732997481108312,0.5662468513853904,0.5732997481108312,0.008,0.708,38667.8,4370.803260000001
513500.SH,2015-09-09,0.5732997481108312,0.5818639798488665,0.5818639798488665,0.5768261964735516,0.580352644836272,0.014,1.2302,18821.77,2163.655955
513500.SH,2015-09-10,0.580352644836272,0.5702770780856423,0.5727959697732997,0.5702770780856423,0.5727959697732997,-0.015,-1.3021,16251.195000000002,1845.2063750000002
513500.SH,2015-09-11,0.5727959697732997,0.5743073047858942,0.5763224181360201,0.5738035264483627,0.5743073047858942,0.003,0.2639,8456.1,965.359095
513500.SH,2015-09-14,0.5743073047858942,0.5768261964735516,0.5798488664987406,0.5763224181360201,0.5778337531486146,0.007,0.614,12858.83,1476.95116
513500.SH,2015-09-15,0.5778337531486146,0.5692695214105793,0.5773299748110831,0.5692695214105793,0.5743073047858942,-0.007,-0.6103,4053.3700000000003,462.169535
513500.SH,2015-09-16,0.5743073047858942,0.5818639798488665,0.5818639798488665,0.5788413098236777,0.5808564231738036,0.013,1.1404,8023.370000000001,924.64476
513500.SH,2015-09-17,0.5808564231738036,0.5843828715365239,0.5863979848866498,0.5843828715365239,0.5863979848866498,0.011,0.954,16159.785750000001,1877.962845
513500.SH,2015-09-18,0.5863979848866498,0.5843828715365239,0.5843828715365239,0.582367758186398,0.5838790931989924,-0.005,-0.4296,3142.255,363.87829
513500.SH,2015-09-21,0.5838790931989924,0.5758186397984887,0.5758186397984887,0.5712846347607052,0.5748110831234257,-0.018,-1.5531,22744.03075,2590.9927100000004
513500.SH,2015-09-22,0.5748110831234257,0.5773299748110831,0.5783375314861461,0.5758186397984887,0.5783375314861461,0.007,0.6135,15949.475,1827.504145
513500.SH,2015-09-23,0.5783375314861461,0.5722921914357683,0.5722921914357683,0.565743073047859,0.5712846347607052,-0.014,-1.2195,40364.975,4554.15771
513500.SH,2015-09-24,0.5712846347607052,0.5707808564231738,0.5712846347607052,0.5697732997481109,0.5707808564231738,-0.001,-0.0882,12894.560000000001,1459.497055
513500.SH,2015-09-25,0.5707808564231738,0.5697732997481109,0.5702770780856423,0.5677581863979849,0.5702770780856423,-0.001,-0.0883,11391.915,1287.83227
513500.SH,2015-09-28,0.5702770780856423,0.5682619647355164,0.5692695214105793,0.5677581863979849,0.5682619647355164,-0.004,-0.3534,4357.075,491.38278
513500.SH,2015-09-29,0.5682619647355164,0.5566750629722922,0.5566750629722922,0.5511335012594459,0.5526448362720403,-0.031,-2.7482,18357.280000000002,2019.42387
513500.SH,2015-09-30,0.5526448362720403,0.563727959697733,0.563727959697733,0.5516372795969773,0.5566750629722922,0.008,0.7293,38489.15,4232.736585
513500.SH,2015-10-08,0.5566750629722922,0.5768261964735516,0.5843828715365239,0.5768261964735516,0.579345088161209,0.045,4.0724,40184.340000000004,4628.736145
513500.SH,2015-10-09,0.579345088161209,0.5828715365239295,0.5874055415617128,0.582367758186398,0.5848866498740555,0.011,0.9565,19113.3665,2221.8184400000005
513500.SH,2015-10-12,0.5848866498740555,0.5869017632241814,0.5874055415617128,0.5863979848866498,0.5874055415617128,0.005,0.4307,7372.29,859.181445
513500.SH,2015-10-13,0.5874055415617128,0.5863979848866498,0.5879093198992443,0.5848866498740555,0.5858942065491184,-0.003,-0.2573,13738.185000000001,1600.35861
513500.SH,2015-10-14,0.5858942065491184,0.579345088161209,0.5838790931989924,0.579345088161209,0.5833753148614609,-0.005,-0.4299,5022.05,581.5236150000001
513500.SH,2015-10-15,0.5833753148614609,0.582367758186398,0.5838790931989924,0.5808564231738036,0.5838790931989924,0.001,0.0864,26209.940000000002,3030.8826050000002
513500.SH,2015-10-16,0.5838790931989924,0.5874055415617128,0.5914357682619648,0.5874055415617128,0.5884130982367758,0.009,0.7765,17714.14,2072.079965
513500.SH,2015-10-19,0.5884130982367758,0.5944584382871536,0.5944584382871536,0.5899244332493703,0.5909319899244333,0.005,0.4281,19897.64,2335.402125
513500.SH,2015-10-20,0.5909319899244333,0.5934508816120907,0.5944584382871536,0.5929471032745592,0.5934508816120907,0.005,0.4263,17859.045000000002,2104.12779
513500.SH,2015-10-21,0.5934508816120907,0.5939546599496222,0.5944584382871536,0.5909319899244333,0.5914357682619648,-0.004,-0.3396,25991.59,3054.948745
513500.SH,2015-10-22,0.5914357682619648,0.5919395465994962,0.5919395465994962,0.5858942065491184,0.5899244332493703,-0.003,-0.2555,4837.445000000001,566.8167500000001
513500.SH,2015-10-23,0.5899244332493703,0.5939546599496222,0.602015113350126,0.5939546599496222,0.6000000000000001,0.02,1.7079,34997.535,4172.95434
513500.SH,2015-10-26,0.6000000000000001,0.6100755667506298,0.6100755667506298,0.604030226700252,0.604030226700252,0.008,0.6717,15195.175000000001,1827.277855
513500.SH,2015-10-27,0.604030226700252,0.6045340050377833,0.6070528967254408,0.6035264483627204,0.6050377833753149,0.002,0.1668,13650.845000000001,1638.2224850000002
513500.SH,2015-10-28,0.6050377833753149,0.6025188916876574,0.6055415617128463,0.6025188916876574,0.6045340050377833,-0.001,-0.0833,4392.805,527.3946500000001
513500.SH,2015-10-29,0.6045340050377833,0.6146095717884131,0.6146095717884131,0.6095717884130982,0.6100755667506298,0.011,0.9167,6784.7300000000005,822.5224650000001
513500.SH,2015-10-30,0.6100755667506298,0.6095717884130982,0.6105793450881613,0.6090680100755668,0.6105793450881613,0.001,0.0826,5159.015,624.717215
513500.SH,2015-11-02,0.6105793450881613,0.6105793450881613,0.6105793450881613,0.6065491183879093,0.6070528967254408,-0.007,-0.5776,12553.140000000001,1512.50251
513500.SH,2015-11-03,0.6070528967254408,0.6110831234256927,0.6141057934508817,0.6110831234256927,0.6141057934508817,0.014,1.1618,3346.71,407.51653000000005
513500.SH,2015-11-04,0.6141057934508817,0.615617128463476,0.615617128463476,0.6136020151133501,0.6151133501259446,0.002,0.1641,299375.715,36553.753165
513500.SH,2015-11-05,0.6151133501259446,0.615617128463476,0.615617128463476,0.6130982367758187,0.6146095717884131,-0.001,-0.0819,15713.0615,1914.5761700000003
513500.SH,2015-11-06,0.6146095717884131,0.6146095717884131,0.6146095717884131,0.6125944584382872,0.6136020151133501,-0.002,-0.1639,7769.29,946.6663500000001
513500.SH,2015-11-09,0.6136020151133501,0.6136020151133501,0.6151133501259446,0.6125944584382872,0.6151133501259446,0.003,0.2463,36990.475,4511.0316
513500.SH,2015-11-10,0.6151133501259446,0.6110831234256927,0.6110831234256927,0.6055415617128463,0.6090680100755668,-0.012,-0.9828,14760.460000000001,1783.206885
513500.SH,2015-11-11,0.6090680100755668,0.6090680100755668,0.6115869017632242,0.6090680100755668,0.6090680100755668,0.0,0.0,3521.3900000000003,425.859915
513500.SH,2015-11-12,0.6090680100755668,0.6115869017632242,0.6115869017632242,0.6080604534005039,0.6095717884130982,0.001,0.0827,3622.625,438.07560500000005
513500.SH,2015-11-13,0.6095717884130982,0.6045340050377833,0.6045340050377833,0.5994962216624685,0.601007556675063,-0.017,-1.405,18970.645,2265.7504599999997
513500.SH,2015-11-16,0.601007556675063,0.5944584382871536,0.5944584382871536,0.5879093198992443,0.5939546599496222,-0.014,-1.1735,26378.466500000002,3101.1178600000003
513500.SH,2015-11-17,0.5939546599496222,0.601007556675063,0.6055415617128463,0.601007556675063,0.6055415617128463,0.023,1.9508,39918.35,4786.742145
513500.SH,2015-11-18,0.6055415617128463,0.603022670025189,0.6050377833753149,0.6025188916876574,0.6025188916876574,-0.006,-0.4992,4013.67,480.701495
513500.SH,2015-11-19,0.6025188916876574,0.6050377833753149,0.6161209068010076,0.6050377833753149,0.6141057934508817,0.023,1.9231,37379.51515000001,4555.3288600000005
513500.SH,2015-11-20,0.6141057934508817,0.6151133501259446,0.6166246851385391,0.6141057934508817,0.6161209068010076,0.004,0.3281,9768.185000000001,1193.3442850000001
513500.SH,2015-11-23,0.6161209068010076,0.6196473551637279,0.6196473551637279,0.6166246851385391,0.6171284634760705,0.002,0.1635,11425.66,1399.57189
513500.SH,2015-11-24,0.6171284634760705,0.6171284634760705,0.6171284634760705,0.6146095717884131,0.6161209068010076,-0.002,-0.1633,15717.230000000001,1920.94008
513500.SH,2015-11-25,0.6161209068010076,0.615617128463476,0.617632241813602,0.615617128463476,0.615617128463476,-0.001,-0.0818,6344.06,775.672495
513500.SH,2015-11-26,0.615617128463476,0.615617128463476,0.617632241813602,0.6151133501259446,0.6171284634760705,0.003,0.2455,8863.025,1084.68737
513500.SH,2015-11-27,0.6171284634760705,0.6196473551637279,0.6201511335012595,0.615617128463476,0.6166246851385391,-0.001,-0.0816,12358.61,1514.37635
513500.SH,2015-11-30,0.6166246851385391,0.6166246851385391,0.6211586901763225,0.6151133501259446,0.6196473551637279,0.006,0.4902,41875.560000000005,5136.9021
513500.SH,2015-12-01,0.6196473551637279,0.6136020151133501,0.6196473551637279,0.6136020151133501,0.618639798488665,-0.002,-0.1626,41702.865000000005,5107.07152
513500.SH,2015-12-02,0.618639798488665,0.6221662468513854,0.6236775818639798,0.6221662468513854,0.6231738035264485,0.009,0.7329,15665.62,1935.50204
513500.SH,2015-12-03,0.6231738035264485,0.6201511335012595,0.6201511335012595,0.6146095717884131,0.6171284634760705,-0.012,-0.9701,21076.73,2578.080285
513500.SH,2015-12-04,0.6171284634760705,0.6095717884130982,0.6095717884130982,0.6055415617128463,0.6080604534005039,-0.018,-1.4694,61261.07,7382.951435000001
513500.SH,2015-12-07,0.6080604534005039,0.6171284634760705,0.6196473551637279,0.6171284634760705,0.6181360201511336,0.02,1.657,5629.46,691.341755
513500.SH,2015-12-08,0.6181360201511336,0.615617128463476,0.6166246851385391,0.6146095717884131,0.6151133501259446,-0.006,-0.489,12479.695,1525.48441
513500.SH,2015-12-09,0.6151133501259446,0.6120906801007557,0.6136020151133501,0.6105793450881613,0.6136020151133501,-0.003,-0.2457,10000.43,1214.69693
513500.SH,2015-12-10,0.6136020151133501,0.6115869017632242,0.6115869017632242,0.6090680100755668,0.6105793450881613,-0.006,-0.4926,28790.440000000002,3484.586115
513500.SH,2015-12-11,0.6105793450881613,0.6105793450881613,0.6136020151133501,0.6105793450881613,0.6120906801007557,0.003,0.2475,3731.8,453.60426
513500.SH,2015-12-14,0.6120906801007557,0.6045340050377833,0.6045340050377833,0.5989924433249371,0.6035264483627204,-0.017,-1.3992,18744.355,2241.634695
513500.SH,2015-12-15,0.6035264483627204,0.6035264483627204,0.6065491183879093,0.6035264483627204,0.6060453400503779,0.005,0.4174,38647.950000000004,4640.40596
513500.SH,2015-12-16,0.6060453400503779,0.6100755667506298,0.6141057934508817,0.6100755667506298,0.6105793450881613,0.009,0.7481,13106.955,1592.25584
513500.SH,2015-12-17,0.6105793450881613,0.6241813602015114,0.6246851385390428,0.617632241813602,0.6181360201511336,0.015,1.2376,40472.165,4979.060855
513500.SH,2015-12-18,0.6181360201511336,0.6141057934508817,0.6141057934508817,0.6090680100755668,0.6100755667506298,-0.016,-1.304,26029.305,3154.5620000000004
513500.SH,2015-12-21,0.6100755667506298,0.604030226700252,0.6050377833753149,0.6005037783375314,0.6050377833753149,-0.01,-0.8258,39054.875,4681.765420000001
513500.SH,2015-12-22,0.6050377833753149,0.6080604534005039,0.6085642317380352,0.6065491183879093,0.6080604534005039,0.006,0.4996,6052.265,729.640345
513500.SH,2015-12-23,0.6080604534005039,0.6120906801007557,0.6125944584382872,0.6100755667506298,0.6100755667506298,0.004,0.3314,7703.785000000001,933.29539
513500.SH,2015-12-24,0.6100755667506298,0.6146095717884131,0.6181360201511336,0.6146095717884131,0.6166246851385391,0.013,1.0735,17950.355,2195.844715
513500.SH,2015-12-25,0.6166246851385391,0.6166246851385391,0.6181360201511336,0.6146095717884131,0.6181360201511336,0.003,0.2451,6762.895,827.3738050000001
513500.SH,2015-12-28,0.6181360201511336,0.6166246851385391,0.618639798488665,0.6146095717884131,0.6161209068010076,-0.004,-0.326,11068.36,1352.894615
513500.SH,2015-12-29,0.6161209068010076,0.6146095717884131,0.617632241813602,0.6146095717884131,0.6171284634760705,0.002,0.1635,4412.655000000001,539.8902250000001
513500.SH,2015-12-30,0.6171284634760705,0.6226700251889169,0.6226700251889169,0.6211586901763225,0.6211586901763225,0.008,0.6531,9651.07,1190.88884
513500.SH,2015-12-31,0.6211586901763225,0.6201511335012595,0.6216624685138539,0.6166246851385391,0.6216624685138539,0.001,0.0811,8601.005000000001,1058.352375
513500.SH,2016-01-04,0.6216624685138539,0.6216624685138539,0.6216624685138539,0.6146095717884131,0.6181360201511336,-0.007,-0.5673,25797.06,3155.5009050000003
513500.SH,2016-01-05,0.6181360201511336,0.6151133501259446,0.6151133501259446,0.6035264483627204,0.6100755667506298,-0.016,-1.304,46851.955,5663.4888550000005
513500.SH,2016-01-06,0.6100755667506298,0.6120906801007557,0.6125944584382872,0.6070528967254408,0.6115869017632242,0.003,0.2477,44311.155,5364.30767
513500.SH,2016-01-07,0.6115869017632242,0.6045340050377833,0.6055415617128463,0.6025188916876574,0.6055415617128463,-0.012,-0.9885,2906.04,348.976895
513500.SH,2016-01-08,0.6055415617128463,0.6000000000000001,0.6005037783375314,0.5939546599496222,0.6005037783375314,-0.01,-0.8319,50896.05505,6023.758415
513500.SH,2016-01-11,0.6005037783375314,0.5914357682619648,0.5944584382871536,0.5904282115869017,0.5909319899244333,-0.019,-1.594,26069.660050000002,3063.6708350000004
513500.SH,2016-01-12,0.5909319899244333,0.5944584382871536,0.5944584382871536,0.5899244332493703,0.5939546599496222,0.006,0.5115,12721.865,1493.72044
513500.SH,2016-01-13,0.5939546599496222,0.5909319899244333,0.5964735516372796,0.5909319899244333,0.5944584382871536,0.001,0.0848,6439.34,760.60833
513500.SH,2016-01-14,0.5944584382871536,0.5843828715365239,0.5874055415617128,0.5808564231738036,0.5863979848866498,-0.016,-1.3559,20401.83,2366.36614
513500.SH,2016-01-15,0.5863979848866498,0.5894206549118388,0.5904282115869017,0.5879093198992443,0.5899244332493703,0.007,0.6014,13303.470000000001,1557.131265
513500.SH,2016-01-18,0.5899244332493703,0.5869017632241814,0.5869017632241814,0.5743073047858942,0.5858942065491184,-0.008,-0.6832,5983.127450000001,693.0131250000001
513500.SH,2016-01-19,0.5858942065491184,0.5768261964735516,0.5944584382871536,0.5768261964735516,0.5939546599496222,0.016,1.3758,6635.8550000000005,772.65728
513500.SH,2016-01-20,0.5939546599496222,0.5939546599496222,0.5939546599496222,0.5833753148614609,0.5833753148614609,-0.021,-1.7812,6965.365000000001,811.049165
513500.SH,2016-01-21,0.5833753148614609,0.5833753148614609,0.5894206549118388,0.5773299748110831,0.5773299748110831,-0.012,-1.0363,16374.265000000001,1895.9489300000002
513500.SH,2016-01-22,0.5773299748110831,0.5743073047858942,0.5894206549118388,0.5743073047858942,0.5889168765743074,0.023,2.007,7124.165,826.067675
513500.SH,2016-01-25,0.5889168765743074,0.5899244332493703,0.5919395465994962,0.5818639798488665,0.5853904282115868,-0.007,-0.5988,10373.61,1207.17378
513500.SH,2016-01-26,0.5853904282115868,0.5818639798488665,0.5818639798488665,0.5722921914357683,0.5722921914357683,-0.026,-2.2375,11562.625,1323.135495
513500.SH,2016-01-27,0.5722921914357683,0.5818639798488665,0.5818639798488665,0.5753148614609571,0.579345088161209,0.014,1.2324,5873.615000000001,674.5407150000001
513500.SH,2016-01-28,0.579345088161209,0.5773299748110831,0.5788413098236777,0.5732997481108312,0.5743073047858942,-0.01,-0.8696,7016.975,801.29686
513500.SH,2016-01-29,0.5743073047858942,0.5778337531486146,0.5808564231738036,0.5753148614609571,0.5808564231738036,0.013,1.1404,9682.83,1111.875915
513500.SH,2016-02-01,0.5808564231738036,0.5863979848866498,0.5909319899244333,0.5863979848866498,0.5874055415617128,0.013,1.1275,6625.93,772.38732
513500.SH,2016-02-02,0.5874055415617128,0.5874055415617128,0.5909319899244333,0.5838790931989924,0.5879093198992443,0.001,0.0858,8835.235,1030.1157500000002
513500.SH,2016-02-03,0.5879093198992443,0.5778337531486146,0.5874055415617128,0.5778337531486146,0.5869017632241814,-0.002,-0.1714,5043.885,585.2296100000001
513500.SH,2016-02-04,0.5869017632241814,0.5869017632241814,0.6035264483627204,0.5869017632241814,0.6035264483627204,0.033,2.8326,12144.230000000001,1425.6607450000001
513500.SH,2016-02-05,0.6035264483627204,0.5994962216624685,0.601007556675063,0.579345088161209,0.601007556675063,-0.005,-0.4174,29566.575,3476.233235
513500.SH,2016-02-15,0.601007556675063,0.5944584382871536,0.5984886649874055,0.5768261964735516,0.5949622166246852,-0.012,-1.0059,7356.410000000001,864.910155
513500.SH,2016-02-16,0.5949622166246852,0.5954659949622166,0.597984886649874,0.5869017632241814,0.597984886649874,0.006,0.508,5629.46,663.99838
513500.SH,2016-02-17,0.597984886649874,0.6000000000000001,0.6000000000000001,0.5934508816120907,0.5939546599496222,-0.008,-0.674,3078.735,363.765145
513500.SH,2016-02-18,0.5939546599496222,0.5969773299748111,0.602015113350126,0.5944584382871536,0.5944584382871536,0.001,0.0848,8513.665,1011.252295
513500.SH,2016-02-19,0.5944584382871536,0.5944584382871536,0.5974811083123426,0.5874055415617128,0.5929471032745592,-0.003,-0.2542,4549.62,535.523225
513500.SH,2016-02-22,0.5929471032745592,0.5929471032745592,0.5994962216624685,0.5914357682619648,0.5919395465994962,-0.002,-0.1699,4057.34,477.56718
513500.SH,2016-02-23,0.5919395465994962,0.5959697732997481,0.597984886649874,0.5934508816120907,0.5934508816120907,0.003,0.2553,5949.045,703.628905
513500.SH,2016-02-24,0.5934508816120907,0.5914357682619648,0.5914357682619648,0.5869017632241814,0.5894206549118388,-0.008,-0.6791,6081.9209,710.69749
513500.SH,2016-02-25,0.5894206549118388,0.5894206549118388,0.5939546599496222,0.5869017632241814,0.5894206549118388,0.0,0.0,7374.155900000001,864.53102
513500.SH,2016-02-26,0.5894206549118388,0.5919395465994962,0.6246851385390428,0.5919395465994962,0.5984886649874055,0.018,1.5385,12462.8225,1486.64193
513500.SH,2016-02-29,0.5984886649874055,0.5984886649874055,0.5994962216624685,0.5924433249370277,0.597984886649874,-0.001,-0.0842,4383.1182,518.7221850000001
513500.SH,2016-03-01,0.597984886649874,0.5944584382871536,0.597984886649874,0.5899244332493703,0.5964735516372796,-0.003,-0.2527,8958.305,1055.59124
513500.SH,2016-03-02,0.5964735516372796,0.602015113350126,0.6095717884130982,0.602015113350126,0.6070528967254408,0.021,1.7736,18444.620000000003,2221.145525
513500.SH,2016-03-03,0.6070528967254408,0.6050377833753149,0.6095717884130982,0.6045340050377833,0.6065491183879093,-0.001,-0.083,6548.515,788.5531599999999
513500.SH,2016-03-04,0.6065491183879093,0.6100755667506298,0.6100755667506298,0.6045340050377833,0.6070528967254408,0.001,0.0831,7068.9423,851.0608100000001
513500.SH,2016-03-07,0.6070528967254408,0.6095717884130982,0.6105793450881613,0.6075566750629723,0.6100755667506298,0.006,0.4979,5911.86595,714.8382
513500.SH,2016-03-08,0.6100755667506298,0.6105793450881613,0.6105793450881613,0.6005037783375314,0.6060453400503779,-0.008,-0.6606,9817.810000000001,1179.83239
513500.SH,2016-03-09,0.6060453400503779,0.6035264483627204,0.604030226700252,0.5954659949622166,0.602015113350126,-0.008,-0.665,6743.045,802.51962
513500.SH,2016-03-10,0.602015113350126,0.6005037783375314,0.604030226700252,0.6005037783375314,0.6025188916876574,0.001,0.0837,4813.625,576.3169600000001
513500.SH,2016-03-11,0.6025188916876574,0.6015113350125945,0.6035264483627204,0.5974811083123426,0.6025188916876574,0.0,0.0,5423.02,646.917455
513500.SH,2016-03-14,0.6025188916876574,0.6125944584382872,0.6125944584382872,0.6070528967254408,0.6105793450881613,0.016,1.3378,11518.955,1395.46691
513500.SH,2016-03-15,0.6105793450881613,0.6110831234256927,0.6110831234256927,0.6075566750629723,0.6080604534005039,-0.005,-0.4125,16824.86,2032.0266350000002
513500.SH,2016-03-16,0.6080604534005039,0.6080604534005039,0.6080604534005039,0.604030226700252,0.6080604534005039,0.0,0.0,32722.725000000002,3937.1303850000004
513500.SH,2016-03-17,0.6080604534005039,0.6110831234256927,0.6136020151133501,0.6080604534005039,0.6105793450881613,0.005,0.4143,15131.655,1834.987595
513500.SH,2016-03-18,0.6105793450881613,0.6146095717884131,0.6146095717884131,0.6100755667506298,0.6115869017632242,0.002,0.165,11197.385,1360.449525
513500.SH,2016-03-21,0.6115869017632242,0.6130982367758187,0.620654911838791,0.6130982367758187,0.6161209068010076,0.009,0.7414,15272.59,1869.6318
513500.SH,2016-03-22,0.6161209068010076,0.6201511335012595,0.6201511335012595,0.6136020151133501,0.6146095717884131,-0.003,-0.2453,14178.855000000001,1731.24951
513500.SH,2016-03-23,0.6146095717884131,0.6161209068010076,0.6201511335012595,0.6136020151133501,0.6151133501259446,0.001,0.082,21850.88,2667.4827
513500.SH,2016-03-24,0.6151133501259446,0.6136020151133501,0.6136020151133501,0.6095717884130982,0.6105793450881613,-0.009,-0.7371,3465.81,420.57187500000003
513500.SH,2016-03-25,0.6105793450881613,0.6146095717884131,0.6146095717884131,0.6110831234256927,0.6115869017632242,0.002,0.165,4035.4851500000004,490.06871
513500.SH,2016-03-28,0.6115869017632242,0.6115869017632242,0.6115869017632242,0.6065491183879093,0.6090680100755668,-0.005,-0.4119,18033.725000000002,2177.638295
513500.SH,2016-03-29,0.6090680100755668,0.6090680100755668,0.6110831234256927,0.6060453400503779,0.6080604534005039,-0.002,-0.1654,5454.780000000001,659.32569
513500.SH,2016-03-30,0.6080604534005039,0.6141057934508817,0.6146095717884131,0.6115869017632242,0.6130982367758187,0.01,0.8285,7370.940200000001,896.824985
513500.SH,2016-03-31,0.6130982367758187,0.615617128463476,0.6166246851385391,0.6120906801007557,0.6130982367758187,0.0,0.0,6838.325000000001,832.6419950000001
513500.SH,2016-04-01,0.6130982367758187,0.6125944584382872,0.6130982367758187,0.6105793450881613,0.6120906801007557,-0.002,-0.1643,4188.35,508.66815999999994
513500.SH,2016-04-05,0.6120906801007557,0.6136020151133501,0.6146095717884131,0.6120906801007557,0.6146095717884131,0.005,0.4115,5333.695000000001,649.68256
513500.SH,2016-04-06,0.6146095717884131,0.6080604534005039,0.6136020151133501,0.6080604534005039,0.6136020151133501,-0.002,-0.1639,7874.495000000001,956.8494000000001
513500.SH,2016-04-07,0.6136020151133501,0.6236775818639798,0.6236775818639798,0.615617128463476,0.6166246851385391,0.006,0.4926,4845.385,593.7174699999999
513500.SH,2016-04-08,0.6166246851385391,0.6146095717884131,0.6146095717884131,0.6110831234256927,0.6141057934508817,-0.005,-0.4085,2620.2000000000003,318.85055
513500.SH,2016-04-11,0.6141057934508817,0.6151133501259446,0.617632241813602,0.6146095717884131,0.6166246851385391,0.005,0.4102,21148.190000000002,2589.7123850000003
513500.SH,2016-04-12,0.6166246851385391,0.6171284634760705,0.6171284634760705,0.6141057934508817,0.6151133501259446,-0.003,-0.2451,2942.7625000000003,359.310805
513500.SH,2016-04-13,0.6151133501259446,0.6171284634760705,0.6216624685138539,0.6171284634760705,0.6171284634760705,0.004,0.3276,6691.435,822.75471
513500.SH,2016-04-14,0.6171284634760705,0.6236775818639798,0.6236775818639798,0.6196473551637279,0.6211586901763225,0.008,0.6531,10713.045,1319.741145
513500.SH,2016-04-15,0.6211586901763225,0.6211586901763225,0.6211586901763225,0.6196473551637279,0.6211586901763225,0.0,0.0,4970.4400000000005,612.5313
513500.SH,2016-04-18,0.6211586901763225,0.620654911838791,0.6211586901763225,0.618639798488665,0.6201511335012595,-0.002,-0.1622,11201.355000000001,1378.957665
513500.SH,2016-04-19,0.6201511335012595,0.6216624685138539,0.6241813602015114,0.620654911838791,0.6241813602015114,0.008,0.6499,36585.535,4518.929915000001
513500.SH,2016-04-20,0.6241813602015114,0.6256926952141058,0.6287153652392947,0.618639798488665,0.6251889168765744,0.002,0.1614,19002.405000000002,2353.68993
513500.SH,2016-04-21,0.6251889168765744,0.6272040302267003,0.6297229219143576,0.6221662468513854,0.6297229219143576,0.009,0.7252,15131.655,1881.250005
513500.SH,2016-04-22,0.6297229219143576,0.6297229219143576,0.6297229219143576,0.6246851385390428,0.6282115869017633,-0.003,-0.24,4011.6850000000004,498.44144000000006
513500.SH,2016-04-25,0.6282115869017633,0.6272040302267003,0.6272040302267003,0.6226700251889169,0.6251889168765744,-0.006,-0.4812,12244.4725,1517.5583050000002
513500.SH,2016-04-26,0.6251889168765744,0.6272040302267003,0.6287153652392947,0.6246851385390428,0.6287153652392947,0.007,0.5641,8365.782500000001,1040.475465
513500.SH,2016-04-27,0.6287153652392947,0.6297229219143576,0.6312342569269521,0.6287153652392947,0.6302267002518891,0.003,0.2404,19127.46,2390.1782
513500.SH,2016-04-28,0.6302267002518891,0.6302267002518891,0.634256926952141,0.6287153652392947,0.632241813602015,0.004,0.3197,13666.725,1711.60992
513500.SH,2016-04-29,0.632241813602015,0.6261964735516373,0.6317380352644837,0.6221662468513854,0.6241813602015114,-0.016,-1.2749,14643.345000000001,1813.7798550000002
513500.SH,2016-05-03,0.6241813602015114,0.6236775818639798,0.6272040302267003,0.620654911838791,0.6272040302267003,0.006,0.4843,3936.255,489.01864500000005
513500.SH,2016-05-04,0.6272040302267003,0.6246851385390428,0.6272040302267003,0.6201511335012595,0.620654911838791,-0.013,-1.0442,10609.825,1313.786145
513500.SH,2016-05-05,0.620654911838791,0.620654911838791,0.6216624685138539,0.615617128463476,0.617632241813602,-0.006,-0.487,17668.485,2167.00068
513500.SH,2016-05-06,0.617632241813602,0.6196473551637279,0.6196473551637279,0.6171284634760705,0.6171284634760705,-0.001,-0.0816,3934.27,482.41256500000003
513500.SH,2016-05-09,0.6171284634760705,0.6201511335012595,0.6297229219143576,0.618639798488665,0.6297229219143576,0.025,2.0408,7947.9400000000005,981.7194650000001
513500.SH,2016-05-10,0.6297229219143576,0.6292191435768263,0.6327455919395466,0.6226700251889169,0.6277078085642317,-0.004,-0.32,13859.27,1718.039335
513500.SH,2016-05-11,0.6277078085642317,0.6297229219143576,0.6337531486146096,0.6297229219143576,0.6327455919395466,0.01,0.8026,6758.925,848.601395
513500.SH,2016-05-12,0.6327455919395466,0.6297229219143576,0.6297229219143576,0.6256926952141058,0.6297229219143576,-0.006,-0.4777,7394.125,923.003165
513500.SH,2016-05-13,0.6297229219143576,0.6251889168765744,0.6312342569269521,0.6201511335012595,0.6256926952141058,-0.008,-0.64,7106.3,882.806915
513500.SH,2016-05-16,0.6256926952141058,0.617632241813602,0.6231738035264485,0.617632241813602,0.6221662468513854,-0.007,-0.5636,9682.83,1195.432505
513500.SH,2016-05-17,0.6221662468513854,0.6241813602015114,0.6292191435768263,0.6241813602015114,0.6251889168765744,0.006,0.4858,9432.720000000001,1172.6546300000002
513500.SH,2016-05-18,0.6251889168765744,0.6236775818639798,0.6236775818639798,0.618639798488665,0.6201511335012595,-0.01,-0.8058,6800.610000000001,837.03083
513500.SH,2016-05-19,0.6201511335012595,0.6201511335012595,0.6226700251889169,0.6191435768261966,0.620654911838791,0.001,0.0812,10224.735,1258.10094
513500.SH,2016-05-20,0.620654911838791,0.620654911838791,0.620654911838791,0.618639798488665,0.6196473551637279,-0.002,-0.1623,6348.030000000001,781.82004
513500.SH,2016-05-23,0.6196473551637279,0.6236775818639798,0.6236775818639798,0.6211586901763225,0.6226700251889169,0.006,0.4878,8019.400000000001,990.1080750000001
513500.SH,2016-05-24,0.6226700251889169,0.6226700251889169,0.6226700251889169,0.6196473551637279,0.620654911838791,-0.004,-0.3236,3825.0950000000003,471.37795
513500.SH,2016-05-25,0.620654911838791,0.6272040302267003,0.6287153652392947,0.6261964735516373,0.6282115869017633,0.015,1.2175,9670.92,1204.1744449999999
513500.SH,2016-05-26,0.6282115869017633,0.6292191435768263,0.6332493702770781,0.6292191435768263,0.6317380352644837,0.007,0.5613,14325.745,1793.0088150000001
513500.SH,2016-05-27,0.6317380352644837,0.6332493702770781,0.6332493702770781,0.6312342569269521,0.6327455919395466,0.002,0.1595,4553.59,571.265135
513500.SH,2016-05-30,0.6327455919395466,0.6327455919395466,0.6458438287153653,0.6327455919395466,0.6443324937027708,0.023,1.8312,36893.19015,4702.13152
513500.SH,2016-05-31,0.6443324937027708,0.6458438287153653,0.6458438287153653,0.6397984886649875,0.6458438287153653,0.003,0.2346,7967.79,1018.53526
513500.SH,2016-06-01,0.6458438287153653,0.6458438287153653,0.6478589420654912,0.6433249370277078,0.6443324937027708,-0.003,-0.234,5758.485000000001,737.647835
513500.SH,2016-06-02,0.6443324937027708,0.6453400503778337,0.6453400503778337,0.6418136020151134,0.6433249370277078,-0.002,-0.1564,2880.235,367.82050000000004
513500.SH,2016-06-03,0.6433249370277078,0.6438287153652393,0.6498740554156172,0.6362720403022669,0.6418136020151134,-0.003,-0.2349,16050.710000000001,2051.0469049999997
513500.SH,2016-06-06,0.6418136020151134,0.6418136020151134,0.6423173803526449,0.6362720403022669,0.6377833753148615,-0.008,-0.6279,17136.505,2171.89172
513500.SH,2016-06-07,0.6377833753148615,0.6408060453400504,0.6418136020151134,0.6372795969773299,0.6397984886649875,0.004,0.316,21152.16,2683.3488050000005
513500.SH,2016-06-08,0.6397984886649875,0.6397984886649875,0.6418136020151134,0.6377833753148615,0.6413098236775818,0.003,0.2362,11278.77,1432.4117300000003
513500.SH,2016-06-13,0.6413098236775818,0.6372795969773299,0.6372795969773299,0.632241813602015,0.6337531486146096,-0.015,-1.1783,16404.04,2064.310675
513500.SH,2016-06-14,0.6337531486146096,0.6302267002518891,0.634256926952141,0.6302267002518891,0.634256926952141,0.001,0.0795,9797.960000000001,1231.130745
513500.SH,2016-06-15,0.634256926952141,0.6362720403022669,0.6372795969773299,0.632241813602015,0.6372795969773299,0.006,0.4766,5254.79125,662.733935
513500.SH,2016-06-16,0.6372795969773299,0.6362720403022669,0.6362720403022669,0.6332493702770781,0.6357682619647356,-0.003,-0.2372,4028.06125,507.61809500000004
513500.SH,2016-06-17,0.6357682619647356,0.6382871536523929,0.6382871536523929,0.635264483627204,0.6372795969773299,0.003,0.2377,4236.9825,535.0766
513500.SH,2016-06-20,0.6372795969773299,0.6423173803526449,0.6423173803526449,0.6362720403022669,0.6423173803526449,0.01,0.7905,6635.8550000000005,841.63206
513500.SH,2016-06-21,0.6423173803526449,0.6423173803526449,0.6423173803526449,0.6387909319899244,0.6423173803526449,0.0,0.0,3324.875,423.084885
513500.SH,2016-06-22,0.6423173803526449,0.6423173803526449,0.6433249370277078,0.6392947103274559,0.6392947103274559,-0.006,-0.4706,8926.545,1136.303325
513500.SH,2016-06-23,0.6392947103274559,0.6392947103274559,0.6418136020151134,0.6392947103274559,0.6408060453400504,0.003,0.2364,2576.53,327.880315
513500.SH,2016-06-24,0.6408060453400504,0.6428211586901763,0.6473551637279596,0.6246851385390428,0.634256926952141,-0.013,-1.022,21150.175,2664.3960250000005
513500.SH,2016-06-27,0.634256926952141,0.6246851385390428,0.6433249370277078,0.6246851385390428,0.6347607052896725,0.001,0.0794,8806.452500000001,1109.90084
513500.SH,2016-06-28,0.6347607052896725,0.634256926952141,0.6347607052896725,0.615617128463476,0.6327455919395466,-0.004,-0.3175,20620.18,2559.933415
513500.SH,2016-06-29,0.6327455919395466,0.6413098236775818,0.6418136020151134,0.6362720403022669,0.6367758186397985,0.008,0.6369,8539.470000000001,1082.617015
513500.SH,2016-06-30,0.6367758186397985,0.6392947103274559,0.6473551637279596,0.6392947103274559,0.6473551637279596,0.021,1.6614,14939.11,1909.28813
513500.SH,2016-07-01,0.6473551637279596,0.6498740554156172,0.6528967254408061,0.6493702770780856,0.6518891687657431,0.009,0.7004,4478.16,579.086035
513500.SH,2016-07-04,0.6518891687657431,0.6523929471032746,0.653904282115869,0.6448362720403022,0.6463476070528967,-0.011,-0.8501,37361.67,4800.605385
513500.SH,2016-07-05,0.6463476070528967,0.6458438287153653,0.6473551637279596,0.6453400503778337,0.6458438287153653,-0.001,-0.0779,6199.155000000001,795.407365
513500.SH,2016-07-06,0.6458438287153653,0.6458438287153653,0.6468513853904282,0.6448362720403022,0.6463476070528967,0.001,0.078,5355.530000000001,686.5837100000001
513500.SH,2016-07-07,0.6463476070528967,0.6478589420654912,0.6523929471032746,0.6468513853904282,0.6513853904282115,0.01,0.7794,7570.79,974.58339
513500.SH,2016-07-08,0.6513853904282115,0.6513853904282115,0.6549118387909321,0.6483627204030227,0.6544080604534005,0.006,0.464,5248.34,679.50123
513500.SH,2016-07-11,0.6544080604534005,0.6564231738035264,0.6685138539042821,0.6564231738035264,0.6644836272040302,0.02,1.5396,9355.305,1232.38725
513500.SH,2016-07-12,0.6644836272040302,0.6639798488664987,0.6740554156171286,0.6639798488664987,0.671536523929471,0.014,1.0614,11064.390000000001,1471.677015
513500.SH,2016-07-13,0.671536523929471,0.671536523929471,0.6841309823677583,0.671536523929471,0.6760705289672545,0.009,0.6752,10621.735,1429.43026
513500.SH,2016-07-14,0.6760705289672545,0.6816120906801008,0.6816120906801008,0.673551637279597,0.673551637279597,-0.005,-0.3726,10994.915,1478.6483349999999
513500.SH,2016-07-15,0.673551637279597,0.6851385390428212,0.7052896725440806,0.6755667506297229,0.6836272040302267,0.02,1.4959,10663.42,1452.4522900000002
513500.SH,2016-07-18,0.6836272040302267,0.6846347607052897,0.6851385390428212,0.6775818639798489,0.6790931989924434,-0.009,-0.6632,9180.625,1238.348205
513500.SH,2016-07-19,0.6790931989924434,0.6811083123425693,0.6876574307304786,0.6775818639798489,0.6876574307304786,0.017,1.2611,7267.085,982.36062
513500.SH,2016-07-20,0.6876574307304786,0.6851385390428212,0.6876574307304786,0.6811083123425693,0.6856423173803526,-0.004,-0.293,4781.865,650.7227
513500.SH,2016-07-21,0.6856423173803526,0.6952141057934509,0.7027707808564232,0.6896725440806045,0.7007556675062973,0.03,2.2043,13827.51,1918.20475
513500.SH,2016-07-22,0.7007556675062973,0.6997481108312342,0.6997481108312342,0.6861460957178842,0.6942065491183879,-0.013,-0.9346,13986.310000000001,1920.5946900000001
513500.SH,2016-07-25,0.6942065491183879,0.6942065491183879,0.7042821158690176,0.6942065491183879,0.7032745591939547,0.018,1.3062,8331.045,1161.2031650000001
513500.SH,2016-07-26,0.7032745591939547,0.7012594458438287,0.7052896725440806,0.6926952141057935,0.7052896725440806,0.004,0.2865,16173.78,2257.304285
513500.SH,2016-07-27,0.7052896725440806,0.7078085642317381,0.7078085642317381,0.6856423173803526,0.7012594458438287,-0.008,-0.5714,9629.235,1340.0814400000002
513500.SH,2016-07-28,0.7012594458438287,0.7012594458438287,0.7012594458438287,0.6942065491183879,0.6957178841309823,-0.011,-0.7902,9395.005000000001,1300.29807
513500.SH,2016-07-29,0.6957178841309823,0.6967254408060454,0.7148614609571788,0.6962216624685138,0.7148614609571788,0.038,2.7516,9673.897500000001,1344.764055
513500.SH,2016-08-01,0.7148614609571788,0.7153652392947103,0.7173803526448362,0.7062972292191435,0.709823677581864,-0.01,-0.7047,13916.835000000001,1965.949955
513500.SH,2016-08-02,0.709823677581864,0.710831234256927,0.7158690176322419,0.7068010075566751,0.7153652392947103,0.011,0.7807,5964.925,843.63691
513500.SH,2016-08-03,0.7153652392947103,0.7073047858942065,0.7073047858942065,0.7012594458438287,0.7027707808564232,-0.025,-1.7606,7906.255,1102.784615
513500.SH,2016-08-04,0.7027707808564232,0.7042821158690176,0.7052896725440806,0.6992443324937028,0.7002518891687657,-0.005,-0.3584,6250.765,871.4189700000001
513500.SH,2016-08-05,0.7002518891687657,0.7002518891687657,0.7012594458438287,0.6977329974811083,0.6987405541561713,-0.003,-0.2158,7787.155000000001,1081.616575
513500.SH,2016-08-08,0.6987405541561713,0.709823677581864,0.709823677581864,0.7012594458438287,0.7073047858942065,0.017,1.2257,9504.18,1331.12512
513500.SH,2016-08-09,0.7073047858942065,0.7068010075566751,0.7073047858942065,0.7032745591939547,0.7073047858942065,0.0,0.0,7483.450000000001,1047.70285
513500.SH,2016-08-10,0.7073047858942065,0.7078085642317381,0.709823677581864,0.7052896725440806,0.7052896725440806,-0.004,-0.2849,7108.285000000001,998.627695
513500.SH,2016-08-11,0.7052896725440806,0.708816120906801,0.708816120906801,0.7002518891687657,0.7022670025188916,-0.006,-0.4286,16280.970000000001,2268.8867600000003
513500.SH,2016-08-12,0.7022670025188916,0.7042821158690176,0.7078085642317381,0.6952141057934509,0.6992443324937028,-0.006,-0.4304,10091.74,1409.002625
513500.SH,2016-08-15,0.6992443324937028,0.6997481108312342,0.7042821158690176,0.6992443324937028,0.7002518891687657,0.002,0.1441,11818.69,1644.07228
513500.SH,2016-08-16,0.7002518891687657,0.7103274559193954,0.71183879093199,0.6967254408060454,0.6982367758186397,-0.004,-0.2878,11152.7225,1549.445345
513500.SH,2016-08-17,0.6982367758186397,0.6952141057934509,0.6967254408060454,0.6901763224181361,0.692191435768262,-0.012,-0.8658,20541.772500000003,2820.9132750000003
513500.SH,2016-08-18,0.692191435768262,0.692191435768262,0.6967254408060454,0.692191435768262,0.693198992443325,0.002,0.1456,9472.42,1304.939
513500.SH,2016-08-19,0.693198992443325,0.6992443324937028,0.6992443324937028,0.6916876574307305,0.6942065491183879,0.002,0.1453,7420.922500000001,1021.733095
513500.SH,2016-08-22,0.6942065491183879,0.692191435768262,0.6952141057934509,0.6916876574307305,0.6952141057934509,0.002,0.1451,5792.2300000000005,797.773485
513500.SH,2016-08-23,0.6952141057934509,0.6952141057934509,0.6952141057934509,0.692191435768262,0.6952141057934509,0.0,0.0,3715.92,512.2133699999999
513500.SH,2016-08-24,0.6952141057934509,0.6952141057934509,0.6987405541561713,0.693198992443325,0.6987405541561713,0.007,0.5072,5430.96,751.89418
513500.SH,2016-08-25,0.6987405541561713,0.6987405541561713,0.6987405541561713,0.693198992443325,0.6972292191435768,-0.003,-0.2163,4176.4400000000005,577.569495
513500.SH,2016-08-26,0.6972292191435768,0.6982367758186397,0.6987405541561713,0.6972292191435768,0.6977329974811083,0.001,0.0723,2667.84,369.466065
513500.SH,2016-08-29,0.6977329974811083,0.6977329974811083,0.6977329974811083,0.692191435768262,0.6962216624685138,-0.003,-0.2166,1986.9850000000001,274.85501000000005
513500.SH,2016-08-30,0.6962216624685138,0.6962216624685138,0.7052896725440806,0.6962216624685138,0.7042821158690176,0.016,1.1577,10476.83,1462.442795
513500.SH,2016-08-31,0.7042821158690176,0.7042821158690176,0.7083123425692694,0.7012594458438287,0.7078085642317381,0.007,0.5007,5940.1125,831.5363500000001
513500.SH,2016-09-01,0.7078085642317381,0.7078085642317381,0.7083123425692694,0.7052896725440806,0.7057934508816122,-0.004,-0.2847,6197.17,869.18386
513500.SH,2016-09-02,0.7057934508816122,0.7078085642317381,0.7078085642317381,0.7047858942065491,0.7073047858942065,0.003,0.2141,3563.0750000000003,499.18978500000003
513500.SH,2016-09-05,0.7073047858942065,0.7073047858942065,0.7148614609571788,0.7073047858942065,0.7148614609571788,0.015,1.0684,6028.445000000001,852.45428
513500.SH,2016-09-06,0.7148614609571788,0.7148614609571788,0.7304785894206549,0.7148614609571788,0.7279596977329975,0.026,1.8323,8870.965,1275.4438850000001
513500.SH,2016-09-07,0.7279596977329975,0.7279596977329975,0.7355163727959698,0.7279596977329975,0.7309823677581865,0.006,0.4152,7977.715,1161.508855
513500.SH,2016-09-08,0.7309823677581865,0.7309823677581865,0.7345088161209068,0.7259445843828716,0.7299748110831235,-0.002,-0.1378,4224.08,611.135845
513500.SH,2016-09-09,0.7299748110831235,0.7299748110831235,0.7299748110831235,0.7229219143576826,0.7269521410579346,-0.006,-0.4141,5309.875,765.779255
513500.SH,2016-09-12,0.7269521410579346,0.7204030226700252,0.7204030226700252,0.7007556675062973,0.7073047858942065,-0.039,-2.7027,20268.835000000003,2841.485815
513500.SH,2016-09-13,0.7073047858942065,0.7123425692695213,0.7249370277078087,0.7123425692695213,0.7138539042821159,0.013,0.9259,6679.525000000001,950.2393500000001
513500.SH,2016-09-14,0.7138539042821159,0.7178841309823678,0.7178841309823678,0.7062972292191435,0.7128463476070529,-0.002,-0.1411,5235.417649999999,738.1937100000001
513500.SH,2016-09-19,0.7128463476070529,0.7153652392947103,0.7188916876574307,0.7103274559193954,0.7173803526448362,0.009,0.636,8376.7,1190.6645350000001
513500.SH,2016-09-20,0.7173803526448362,0.7178841309823678,0.7178841309823678,0.709823677581864,0.7168765743073048,-0.001,-0.0702,2960.6076500000004,419.95454
513500.SH,2016-09-21,0.7168765743073048,0.7158690176322419,0.7455919395465995,0.7158690176322419,0.7259445843828716,0.018,1.2649,6677.54,966.272195
513500.SH,2016-09-22,0.7259445843828716,0.7269521410579346,0.7370277078085643,0.7269521410579346,0.7319899244332494,0.012,0.8328,5851.780000000001,852.313345
513500.SH,2016-09-23,0.7319899244332494,0.7390428211586902,0.7390428211586902,0.7345088161209068,0.7380352644836272,0.012,0.8259,6685.4800000000005,977.42591
513500.SH,2016-09-26,0.7380352644836272,0.7350125944584384,0.7350125944584384,0.726448362720403,0.7289672544080605,-0.018,-1.2287,8412.43,1218.69869
513500.SH,2016-09-27,0.7289672544080605,0.7259445843828716,0.7299748110831235,0.7204030226700252,0.728463476070529,-0.001,-0.0691,8511.68,1227.11112
513500.SH,2016-09-28,0.728463476070529,0.728463476070529,0.7340050377833753,0.7204030226700252,0.7279596977329975,-0.001,-0.0692,4551.6050000000005,658.40068
513500.SH,2016-09-29,0.7279596977329975,0.7279596977329975,0.7350125944584384,0.7219143576826197,0.7229219143576826,-0.01,-0.692,11699.59,1683.58966
513500.SH,2016-09-30,0.7229219143576826,0.7229219143576826,0.7304785894206549,0.7224181360201511,0.7299748110831235,0.014,0.9756,8793.550000000001,1268.698855
513500.SH,2016-10-10,0.7299748110831235,0.7299748110831235,0.7375314861460958,0.7299748110831235,0.7375314861460958,0.015,1.0352,13636.95,1990.714815
513500.SH,2016-10-11,0.7375314861460958,0.7375314861460958,0.7476070528967255,0.7375314861460958,0.744080604534005,0.013,0.888,9865.45,1456.7974550000001
513500.SH,2016-10-12,0.744080604534005,0.7385390428211587,0.7476070528967255,0.7355163727959698,0.744080604534005,0.0,0.0,5004.185,739.271565
513500.SH,2016-10-13,0.744080604534005,0.7465994962216624,0.7602015113350126,0.7455919395465995,0.7596977329974811,0.031,2.0988,10792.445,1612.3043400000001
513500.SH,2016-10-14,0.7596977329974811,0.7541561712846349,0.7682619647355163,0.7511335012594459,0.7662468513853904,0.013,0.8621,12479.695,1887.260585
513500.SH,2016-10-17,0.7662468513853904,0.7662468513853904,0.7662468513853904,0.7516372795969773,0.7586901763224182,-0.015,-0.9862,17958.295000000002,2707.51618
513500.SH,2016-10-18,0.7586901763224182,0.7581863979848866,0.7657430730478589,0.7561712846347607,0.7591939546599495,0.001,0.0664,5988.745,904.1714700000001
513500.SH,2016-10-19,0.7591939546599495,0.7607052896725441,0.7632241813602014,0.7561712846347607,0.7607052896725441,0.003,0.1991,8636.735,1303.52568
513500.SH,2016-10-20,0.7607052896725441,0.7602015113350126,0.7642317380352645,0.7596977329974811,0.761712846347607,0.002,0.1325,11123.94,1683.97872
513500.SH,2016-10-21,0.761712846347607,0.761712846347607,0.7707808564231738,0.761712846347607,0.7627204030226701,0.002,0.1323,13170.475,2003.59151
513500.SH,2016-10-24,0.7627204030226701,0.7627204030226701,0.7642317380352645,0.7607052896725441,0.763727959697733,0.002,0.1321,11278.77,1707.74314
513500.SH,2016-10-25,0.763727959697733,0.7732997481108312,0.7758186397984886,0.764735516372796,0.7662468513853904,0.005,0.3298,8382.655,1276.25178
513500.SH,2016-10-26,0.7662468513853904,0.7657430730478589,0.7677581863979849,0.763727959697733,0.7657430730478589,-0.001,-0.0657,13122.835000000001,1994.9210300000002
513500.SH,2016-10-27,0.7657430730478589,0.7657430730478589,0.7657430730478589,0.7596977329974811,0.7612090680100755,-0.009,-0.5921,9176.655,1387.612265
513500.SH,2016-10-28,0.7612090680100755,0.7612090680100755,0.7612090680100755,0.7566750629722923,0.7586901763224182,-0.005,-0.3309,5351.56,805.50903
513500.SH,2016-10-31,0.7586901763224182,0.7586901763224182,0.7632241813602014,0.7531486146095718,0.7607052896725441,0.004,0.2656,8555.35,1291.847925
513500.SH,2016-11-01,0.7607052896725441,0.7607052896725441,0.7642317380352645,0.7607052896725441,0.7622166246851385,0.003,0.1987,8890.815,1345.57195
513500.SH,2016-11-02,0.7622166246851385,0.761712846347607,0.7869017632241814,0.7571788413098236,0.7581863979848866,-0.008,-0.5288,7300.83,1107.2925500000001
513500.SH,2016-11-03,0.7581863979848866,0.7586901763224182,0.7586901763224182,0.7460957178841311,0.7546599496221662,-0.007,-0.4651,7203.5650000000005,1076.51314
513500.SH,2016-11-04,0.7546599496221662,0.7541561712846349,0.7546599496221662,0.7460957178841311,0.7496221662468514,-0.01,-0.6676,8468.01,1262.668425
513500.SH,2016-11-07,0.7496221662468514,0.748110831234257,0.7591939546599495,0.7435768261964736,0.7581863979848866,0.017,1.1425,16672.015,2489.680295
513500.SH,2016-11-08,0.7581863979848866,0.7612090680100755,0.7758186397984886,0.7581863979848866,0.7632241813602014,0.01,0.6645,30910.420000000002,4691.811505
513500.SH,2016-11-09,0.7632241813602014,0.763727959697733,0.7672544080604534,0.7259445843828716,0.7410579345088162,-0.044,-2.9043,52908.19,7823.7306100000005
513500.SH,2016-11-10,0.7410579345088162,0.7556675062972292,0.764735516372796,0.74911838790932,0.7571788413098236,0.032,2.1754,28129.435,4223.0438300000005
513500.SH,2016-11-11,0.7571788413098236,0.7571788413098236,0.7571788413098236,0.744080604534005,0.7541561712846349,-0.006,-0.3992,11102.105000000001,1653.3065000000001
513500.SH,2016-11-14,0.7541561712846349,0.7541561712846349,0.7571788413098236,0.7506297229219143,0.7531486146095718,-0.002,-0.1336,14198.705,2127.10218
513500.SH,2016-11-15,0.7531486146095718,0.7541561712846349,0.7586901763224182,0.7531486146095718,0.7551637279596978,0.004,0.2676,10875.815,1632.5850850000002
513500.SH,2016-11-16,0.7551637279596978,0.7561712846347607,0.7979848866498741,0.7561712846347607,0.7753148614609572,0.04,2.6684,34229.340000000004,5304.664375
513500.SH,2016-11-17,0.7753148614609572,0.7753148614609572,0.7904282115869018,0.7717884130982368,0.780352644836272,0.01,0.6498,8813.4,1366.047225
513500.SH,2016-11-18,0.780352644836272,0.7863979848866498,0.7909319899244333,0.781360201511335,0.7858942065491185,0.011,0.7101,393161.01,61171.600095
513500.SH,2016-11-21,0.7858942065491185,0.7858942065491185,0.7909319899244333,0.7818639798488666,0.7848866498740554,-0.002,-0.1282,9909.12,1543.958805
513500.SH,2016-11-22,0.7848866498740554,0.7853904282115869,0.7964735516372796,0.7853904282115869,0.7954659949622166,0.021,1.3479,22565.48,3559.2379950000004
513500.SH,2016-11-23,0.7954659949622166,0.7959697732997482,0.805037783375315,0.7959697732997482,0.8035264483627204,0.016,1.0133,146556.52000000002,23357.502940000002
513500.SH,2016-11-24,0.8035264483627204,0.803022670025189,0.8503778337531486,0.803022670025189,0.8392947103274558,0.071,4.4514,43650.15,7225.26502
513500.SH,2016-11-25,0.8392947103274558,0.8463476070528967,0.9229219143576827,0.8423173803526448,0.854911838790932,0.031,1.8607,62872.89000000001,10874.340145
513500.SH,2016-11-28,0.854911838790932,0.8564231738035264,0.8816120906801008,0.8312342569269521,0.8392947103274558,-0.031,-1.8268,47717.415,7994.02773
513500.SH,2016-11-29,0.8392947103274558,0.8392947103274558,0.8397984886649874,0.8226700251889169,0.8282115869017632,-0.022,-1.3205,36197.4675,5960.724740000001
513500.SH,2016-11-30,0.8282115869017632,0.8282115869017632,0.8458438287153652,0.8272040302267002,0.8392947103274558,0.022,1.3382,18581.585,3079.534955
513500.SH,2016-12-01,0.8392947103274558,0.8392947103274558,0.8488664987405542,0.834256926952141,0.8478589420654912,0.017,1.0204,18736.415,3135.003795
513500.SH,2016-12-02,0.8478589420654912,0.8453400503778338,0.8473551637279597,0.8387909319899245,0.8463476070528967,-0.003,-0.1783,13376.915,2238.17484
513500.SH,2016-12-05,0.8463476070528967,0.8463476070528967,0.8760705289672545,0.8443324937027707,0.8740554156171285,0.055,3.2738,33812.490000000005,5808.9913400000005
513500.SH,2016-12-06,0.8740554156171285,0.8836272040302268,0.929471032745592,0.8836272040302268,0.8962216624685139,0.044,2.536,46294.170000000006,8254.43194
513500.SH,2016-12-07,0.8962216624685139,0.8982367758186398,0.926448362720403,0.8982367758186398,0.9219143576826196,0.051,2.8668,56491.115000000005,10316.78739
513500.SH,2016-12-08,0.9219143576826196,0.947103274559194,0.9697732997481109,0.9057934508816121,0.9068010075566751,-0.03,-1.6393,107499.263,20180.845905000002
513500.SH,2016-12-09,0.9068010075566751,0.9017632241813602,0.9118387909319899,0.8730478589420656,0.8866498740554156,-0.04,-2.2222,65987.35500000001,11668.7034
513500.SH,2016-12-12,0.8866498740554156,0.8871536523929471,0.9158690176322418,0.8871536523929471,0.9057934508816121,0.038,2.1591,51788.2133,9307.619345000001
513500.SH,2016-12-13,0.9057934508816121,0.9057934508816121,0.9566750629722922,0.9042821158690176,0.9430730478589421,0.074,4.1157,58018.2152,10633.601330000001
513500.SH,2016-12-14,0.9430730478589421,0.9465994962216625,0.9566750629722922,0.9254408060453401,0.9279596977329976,-0.03,-1.6026,58406.64,10904.653080000002
513500.SH,2016-12-15,0.9279596977329976,0.9269521410579346,0.9269521410579346,0.8770780856423175,0.9042821158690176,-0.047,-2.5516,49541.630000000005,8829.96681
513500.SH,2016-12-16,0.9042821158690176,0.9083123425692695,0.9345088161209069,0.9083123425692695,0.9279596977329976,0.047,2.6184,53322.6183,9791.91369
513500.SH,2016-12-19,0.9279596977329976,0.9279596977329976,0.982367758186398,0.9279596977329976,0.945088161209068,0.034,1.8458,119172.4525,22407.936505
513500.SH,2016-12-20,0.945088161209068,0.9662468513853905,0.9672544080604534,0.9460957178841309,0.9556675062972293,0.021,1.1194,73809.2475,14033.80708
513500.SH,2016-12-21,0.9556675062972293,0.9596977329974812,1.0055415617128463,0.9596977329974812,0.9984886649874055,0.085,4.4808,304366.6402,58864.56759
513500.SH,2016-12-22,0.9984886649874055,0.9924433249370277,0.9924433249370277,0.9748110831234257,0.9924433249370277,-0.012,-0.6054,550247.9550000001,107954.889975
513500.SH,2016-12-23,0.9924433249370277,0.9884130982367758,0.9944584382871536,0.9571788413098237,0.9591939546599496,-0.066,-3.3503,3581390.595,703281.067495
513500.SH,2016-12-26,0.9591939546599496,0.945088161209068,0.980352644836272,0.9420654911838792,0.96272040302267,0.007,0.3676,44573.0559,8522.992515
513500.SH,2016-12-27,0.96272040302267,0.9632241813602015,0.9712846347607053,0.9183879093198992,0.9269521410579346,-0.071,-3.7153,76817.3959,14323.662735
513500.SH,2016-12-28,0.9269521410579346,0.912846347607053,0.9163727959697733,0.834256926952141,0.8448362720403023,-0.163,-8.8587,207399.72765000002,35461.157555
513500.SH,2016-12-29,0.8448362720403023,0.7808564231738035,0.8261964735516373,0.7707808564231738,0.8136020151133502,-0.062,-3.6971,84278.79255000001,13494.976845000001
513500.SH,2016-12-30,0.8136020151133502,0.8130982367758187,0.8130982367758187,0.7838790931989925,0.7944584382871537,-0.038,-2.3529,118292.10500000001,18656.838335
513500.SH,2017-01-03,0.7944584382871537,0.7229219143576826,0.7496221662468514,0.7229219143576826,0.7309823677581865,-0.126,-7.9899,474289.90530000004,69278.94552000001
513500.SH,2017-01-04,0.7309823677581865,0.7340050377833753,0.7375314861460958,0.7319899244332494,0.7365239294710327,0.011,0.7581,351727.09265,51260.921870000006
513500.SH,2017-01-05,0.7365239294710327,0.7385390428211587,0.7445843828715365,0.7340050377833753,0.7365239294710327,0.0,0.0,308252.635,45065.480805
513500.SH,2017-01-06,0.7365239294710327,0.7340050377833753,0.7355163727959698,0.7314861460957178,0.7329974811083124,-0.007,-0.4788,185615.36500000002,27053.430020000003
513500.SH,2017-01-09,0.7329974811083124,0.7340050377833753,0.7365239294710327,0.7340050377833753,0.7350125944584384,0.004,0.2749,86241.67965,12577.26966
513500.SH,2017-01-10,0.7350125944584384,0.7350125944584384,0.7350125944584384,0.7279596977329975,0.7314861460957178,-0.007,-0.4798,105026.35,15218.44714
513500.SH,2017-01-11,0.7314861460957178,0.7314861460957178,0.7319899244332494,0.7289672544080605,0.7309823677581865,-0.001,-0.0689,56723.69745,8230.103780000001
513500.SH,2017-01-12,0.7309823677581865,0.7329974811083124,0.7345088161209068,0.7314861460957178,0.7319899244332494,0.002,0.1378,75906.40000000001,11035.794090000001
513500.SH,2017-01-13,0.7319899244332494,0.7304785894206549,0.7329974811083124,0.7294710327455919,0.7324937027707809,0.001,0.0688,83477.19,12123.067915
513500.SH,2017-01-16,0.7324937027707809,0.7314861460957178,0.7329974811083124,0.7304785894206549,0.7324937027707809,0.0,0.0,64232.615000000005,9334.545870000002
513500.SH,2017-01-17,0.7324937027707809,0.7324937027707809,0.7324937027707809,0.7249370277078087,0.726448362720403,-0.012,-0.8253,69546.46,10048.224830000001
513500.SH,2017-01-18,0.726448362720403,0.7259445843828716,0.7365239294710327,0.7224181360201511,0.7289672544080605,0.005,0.3467,112789.68500000001,16297.139810000002
513500.SH,2017-01-19,0.7289672544080605,0.7299748110831235,0.7304785894206549,0.726448362720403,0.7269521410579346,-0.004,-0.2764,52945.905000000006,7658.21734
513500.SH,2017-01-20,0.7269521410579346,0.726448362720403,0.726448362720403,0.7239294710327456,0.7249370277078087,-0.004,-0.2772,56389.880000000005,8111.051420000001
513500.SH,2017-01-23,0.7249370277078087,0.7249370277078087,0.7269521410579346,0.7209068010075567,0.7219143576826197,-0.006,-0.417,84360.515,12114.494700000001
513500.SH,2017-01-24,0.7219143576826197,0.7224181360201511,0.7244332493702771,0.7204030226700252,0.7209068010075567,-0.002,-0.1396,60981.185000000005,8734.287825000001
513500.SH,2017-01-25,0.7209068010075567,0.7244332493702771,0.7309823677581865,0.7239294710327456,0.728463476070529,0.015,1.0482,95803.84150000001,13833.449120000001
513500.SH,2017-01-26,0.728463476070529,0.7355163727959698,0.7380352644836272,0.726448362720403,0.7345088161209068,0.012,0.8299,217819.23085000002,31686.737620000004
513500.SH,2017-02-03,0.7345088161209068,0.7289672544080605,0.7294710327455919,0.72544080604534,0.728463476070529,-0.012,-0.823,73879.715,10663.777300000002
513500.SH,2017-02-06,0.728463476070529,0.7324937027707809,0.7350125944584384,0.7319899244332494,0.7350125944584384,0.013,0.899,69851.95150000001,10172.27939
513500.SH,2017-02-07,0.7350125944584384,0.7340050377833753,0.7340050377833753,0.7324937027707809,0.7335012594458438,-0.003,-0.2056,41079.575000000004,5979.9713
513500.SH,2017-02-08,0.7335012594458438,0.7340050377833753,0.7365239294710327,0.7329974811083124,0.7360201511335013,0.005,0.3434,59169.872500000005,8633.739635
513500.SH,2017-02-09,0.7360201511335013,0.7350125944584384,0.7355163727959698,0.7329974811083124,0.7329974811083124,-0.006,-0.4107,56181.455,8187.001490000001
513500.SH,2017-02-10,0.7329974811083124,0.7375314861460958,0.7420654911838791,0.7370277078085643,0.7415617128463476,0.017,1.1684,166277.495,24414.144245
513500.SH,2017-02-13,0.7415617128463476,0.7435768261964736,0.7486146095717884,0.7425692695214106,0.7460957178841311,0.009,0.6114,68772.31,10160.77433
513500.SH,2017-02-14,0.7460957178841311,0.7486146095717884,0.74911838790932,0.7445843828715365,0.7455919395465995,-0.001,-0.0675,84775.38,12572.53345
513500.SH,2017-02-15,0.7455919395465995,0.748110831234257,0.7506297229219143,0.748110831234257,0.7496221662468514,0.008,0.5405,104549.95000000001,15554.787525000002
513500.SH,2017-02-16,0.7496221662468514,0.7546599496221662,0.7546599496221662,0.7486146095717884,0.7496221662468514,0.0,0.0,156505.34,23335.344385
513500.SH,2017-02-17,0.7496221662468514,0.7496221662468514,0.7496221662468514,0.7465994962216624,0.748110831234257,-0.003,-0.2016,58561.47,8691.296695
513500.SH,2017-02-20,0.748110831234257,0.7486146095717884,0.7506297229219143,0.747103274559194,0.7506297229219143,0.005,0.3367,114004.505,16945.498375
513500.SH,2017-02-21,0.7506297229219143,0.7516372795969773,0.7521410579345089,0.74911838790932,0.750125944584383,-0.001,-0.0671,46603.83,6938.724315
513500.SH,2017-02-22,0.750125944584383,0.7541561712846349,0.7571788413098236,0.7526448362720403,0.7571788413098236,0.014,0.9402,127371.49500000001,19093.21875
513500.SH,2017-02-23,0.7571788413098236,0.7571788413098236,0.7602015113350126,0.7561712846347607,0.7591939546599495,0.004,0.2661,70070.51985000001,10551.559295000001
513500.SH,2017-02-24,0.7591939546599495,0.7607052896725441,0.7607052896725441,0.7586901763224182,0.7602015113350126,0.002,0.1327,85593.2,12910.73775
513500.SH,2017-02-27,0.7602015113350126,0.7607052896725441,0.7607052896725441,0.7566750629722923,0.7596977329974811,-0.001,-0.0663,37278.339700000004,5620.3012100000005
513500.SH,2017-02-28,0.7596977329974811,0.7596977329974811,0.7662468513853904,0.7596977329974811,0.7652392947103274,0.011,0.7294,109865.78,16652.472675
513500.SH,2017-03-01,0.7652392947103274,0.7627204030226701,0.7773299748110831,0.7612090680100755,0.7763224181360201,0.022,1.4483,78826.335,12061.572615000001
513500.SH,2017-03-02,0.7763224181360201,0.7899244332493703,0.8503778337531486,0.7899244332493703,0.8176322418136021,0.082,5.3212,385522.73000000004,62831.334025000004
513500.SH,2017-03-03,0.8176322418136021,0.8060453400503779,0.8261964735516373,0.8060453400503779,0.8211586901763224,0.007,0.4313,137189.305,22263.763970000004
513500.SH,2017-03-06,0.8211586901763224,0.8211586901763224,0.8483627204030226,0.8211586901763224,0.8453400503778338,0.048,2.9448,163695.01,27302.077075
513500.SH,2017-03-07,0.8453400503778338,0.8397984886649874,0.8534005037783375,0.7959697732997482,0.8201511335012595,-0.05,-2.9797,289383.2647,47509.785985
513500.SH,2017-03-08,0.8201511335012595,0.818639798488665,0.8201511335012595,0.7974811083123425,0.8035264483627204,-0.033,-2.027,181998.695,29043.668435
513500.SH,2017-03-09,0.8035264483627204,0.8035264483627204,0.8040302267002519,0.7788413098236776,0.7838790931989925,-0.039,-2.4451,186238.655,29116.38891
513500.SH,2017-03-10,0.7838790931989925,0.7798488664987406,0.8130982367758187,0.7798488664987406,0.8010075566750631,0.034,2.1851,173929.67,27623.73243
513500.SH,2017-03-13,0.8010075566750631,0.8065491183879093,0.8226700251889169,0.8040302267002519,0.8075566750629722,0.013,0.8176,133259.005,21436.191665000002
513500.SH,2017-03-14,0.8075566750629722,0.8095717884130983,0.8156171284634761,0.8095717884130983,0.8146095717884131,0.014,0.8734,55849.979849999996,9007.356335
513500.SH,2017-03-15,0.8146095717884131,0.8125944584382871,0.8125944584382871,0.7959697732997482,0.803022670025189,-0.023,-1.4224,84453.86955,13427.083890000002
513500.SH,2017-03-16,0.803022670025189,0.8211586901763224,0.8357682619647355,0.8115869017632242,0.8125944584382871,0.019,1.192,139279.51,22666.472830000002
513500.SH,2017-03-17,0.8125944584382871,0.8105793450881612,0.8161209068010076,0.8065491183879093,0.8115869017632242,-0.002,-0.124,46943.265,7571.105615
513500.SH,2017-03-20,0.8115869017632242,0.8110831234256928,0.8141057934508816,0.8100755667506297,0.8120906801007557,0.001,0.0621,28679.280000000002,4619.968400000001
513500.SH,2017-03-21,0.8120906801007557,0.8105793450881612,0.8141057934508816,0.8070528967254409,0.8136020151133502,0.003,0.1861,43489.38485,6998.95517
513500.SH,2017-03-22,0.8136020151133502,0.7954659949622166,0.7994962216624685,0.780352644836272,0.783375314861461,-0.06,-3.7152,169056.495,26512.221755
513500.SH,2017-03-23,0.783375314861461,0.7909319899244333,0.7919395465994963,0.7823677581863979,0.783375314861461,0.0,0.0,54216.305,8447.21514
513500.SH,2017-03-24,0.783375314861461,0.781360201511335,0.7828715365239295,0.7732997481108312,0.7768261964735517,-0.013,-0.836,61116.165,9413.24715
513500.SH,2017-03-27,0.7768261964735517,0.7763224181360201,0.7768261964735517,0.764735516372796,0.7662468513853904,-0.021,-1.3619,72454.485,11045.330030000001
513500.SH,2017-03-28,0.7662468513853904,0.7662468513853904,0.7763224181360201,0.7662468513853904,0.7748110831234257,0.017,1.1177,35954.40425,5519.70935
513500.SH,2017-03-29,0.7748110831234257,0.7823677581863979,0.7843828715365239,0.7758186397984886,0.7823677581863979,0.015,0.9753,39116.41,6072.66286
513500.SH,2017-03-30,0.7823677581863979,0.783375314861461,0.7853904282115869,0.7763224181360201,0.7793450881612091,-0.006,-0.3863,36136.925,5598.50591
513500.SH,2017-03-31,0.7793450881612091,0.7828715365239295,0.8025188916876574,0.780352644836272,0.7929471032745592,0.027,1.7453,95399.1,14997.947385
513500.SH,2017-04-05,0.7929471032745592,0.7929471032745592,0.7944584382871537,0.7853904282115869,0.7879093198992444,-0.01,-0.6353,42375.00585,6631.6011450000005
513500.SH,2017-04-06,0.7879093198992444,0.7879093198992444,0.7879093198992444,0.7717884130982368,0.780352644836272,-0.015,-0.9591,48813.135,7533.603010000001
513500.SH,2017-04-07,0.780352644836272,0.7823677581863979,0.7823677581863979,0.7763224181360201,0.7773299748110831,-0.006,-0.3873,43789.1,6764.203115
513500.SH,2017-04-10,0.7773299748110831,0.7768261964735517,0.7788413098236776,0.7758186397984886,0.7788413098236776,0.003,0.1944,21700.02,3349.713305
513500.SH,2017-04-11,0.7788413098236776,0.780352644836272,0.781360201511335,0.7727959697732998,0.7758186397984886,-0.006,-0.3881,32798.155,5060.49151
513500.SH,2017-04-12,0.7758186397984886,0.7758186397984886,0.7758186397984886,0.7707808564231738,0.7727959697732998,-0.006,-0.3896,24542.54,3763.17491
513500.SH,2017-04-13,0.7727959697732998,0.7707808564231738,0.7707808564231738,0.7682619647355163,0.7702770780856423,-0.005,-0.3259,16824.86,2570.6107300000003
513500.SH,2017-04-14,0.7702770780856423,0.7692695214105794,0.7692695214105794,0.761712846347607,0.7632241813602014,-0.014,-0.9156,35616.855,5401.385485000001
513500.SH,2017-04-17,0.7632241813602014,0.7632241813602014,0.7632241813602014,0.7546599496221662,0.7591939546599495,-0.008,-0.5281,31490.04,4740.146255000001
513500.SH,2017-04-18,0.7591939546599495,0.763727959697733,0.7768261964735517,0.763727959697733,0.7732997481108312,0.028,1.858,34217.43,5244.939695
513500.SH,2017-04-19,0.7732997481108312,0.7717884130982368,0.7717884130982368,0.7622166246851385,0.766750629722922,-0.013,-0.8469,31805.655000000002,4837.79039
513500.SH,2017-04-20,0.766750629722922,0.766750629722922,0.766750629722922,0.7602015113350126,0.7642317380352645,-0.005,-0.3285,33346.015,5054.907705
513500.SH,2017-04-21,0.7642317380352645,0.7732997481108312,0.7732997481108312,0.7692695214105794,0.7697732997481108,0.011,0.7251,47739.25,7310.49695
513500.SH,2017-04-24,0.7697732997481108,0.7707808564231738,0.780352644836272,0.7702770780856423,0.7738035264483627,0.008,0.5236,52725.37150000001,8103.39726
513500.SH,2017-04-25,0.7738035264483627,0.780352644836272,0.7853904282115869,0.7773299748110831,0.7853904282115869,0.023,1.4974,114737.6052,17815.416685000004
513500.SH,2017-04-26,0.7853904282115869,0.7904282115869018,0.7984886649874056,0.7884130982367759,0.7899244332493703,0.009,0.5773,52949.875,8318.563320000001
513500.SH,2017-04-27,0.7899244332493703,0.7884130982367759,0.7884130982367759,0.7738035264483627,0.7763224181360201,-0.027,-1.7219,63134.91,9759.822195
513500.SH,2017-04-28,0.7763224181360201,0.7808564231738035,0.7823677581863979,0.7758186397984886,0.7823677581863979,0.012,0.7787,29907.995000000003,4627.9500849999995
513500.SH,2017-05-02,0.7823677581863979,0.7843828715365239,0.7843828715365239,0.780352644836272,0.7818639798488666,-0.001,-0.0644,40200.22,6243.188255
513500.SH,2017-05-03,0.7818639798488666,0.783375314861461,0.783375314861461,0.7798488664987406,0.7808564231738035,-0.002,-0.1289,27660.975000000002,4294.759895
513500.SH,2017-05-04,0.7808564231738035,0.7808564231738035,0.7808564231738035,0.7768261964735517,0.7793450881612091,-0.003,-0.1935,14518.29,2243.7665850000003
513500.SH,2017-05-05,0.7793450881612091,0.780352644836272,0.780352644836272,0.7753148614609572,0.7778337531486147,-0.003,-0.1939,20624.15,3180.682615
513500.SH,2017-05-08,0.7778337531486147,0.7843828715365239,0.7858942065491185,0.7808564231738035,0.7853904282115869,0.015,0.9715,69566.31,10828.24249
513500.SH,2017-05-09,0.7853904282115869,0.7848866498740554,0.7858942065491185,0.7788413098236776,0.7823677581863979,-0.006,-0.3849,37234.630000000005,5778.658555
513500.SH,2017-05-10,0.7823677581863979,0.7828715365239295,0.7828715365239295,0.7788413098236776,0.7798488664987406,-0.005,-0.322,27756.255,4302.870605000001
513500.SH,2017-05-11,0.7798488664987406,0.780352644836272,0.7843828715365239,0.780352644836272,0.7828715365239295,0.006,0.3876,16693.850000000002,2594.45852
513500.SH,2017-05-12,0.7828715365239295,0.7818639798488666,0.7818639798488666,0.7758186397984886,0.7773299748110831,-0.011,-0.7079,29024.670000000002,4478.507375
513500.SH,2017-05-15,0.7773299748110831,0.7773299748110831,0.7778337531486147,0.7738035264483627,0.7778337531486147,0.001,0.0648,20326.4,3133.37014
513500.SH,2017-05-16,0.7778337531486147,0.7818639798488666,0.783375314861461,0.7808564231738035,0.7818639798488666,0.008,0.5181,60923.62,9459.066905000001
513500.SH,2017-05-17,0.7818639798488666,0.7808564231738035,0.7808564231738035,0.7712846347607053,0.7722921914357682,-0.019,-1.2242,64659.39000000001,9931.169380000001
513500.SH,2017-05-18,0.7722921914357682,0.7546599496221662,0.7642317380352645,0.7511335012594459,0.7591939546599495,-0.026,-1.696,128768.73650000001,19349.623185
513500.SH,2017-05-19,0.7591939546599495,0.7602015113350126,0.7652392947103274,0.7581863979848866,0.7586901763224182,-0.001,-0.0664,35569.215000000004,5366.55072
513500.SH,2017-05-22,0.7586901763224182,0.761712846347607,0.766750629722922,0.7602015113350126,0.7657430730478589,0.014,0.9296,66880.60500000001,10129.26841
513500.SH,2017-05-23,0.7657430730478589,0.7712846347607053,0.7748110831234257,0.7652392947103274,0.7672544080604534,0.003,0.1974,38570.535,5877.678295000001
513500.SH,2017-05-24,0.7672544080604534,0.7677581863979849,0.7697732997481108,0.763727959697733,0.7677581863979849,0.001,0.0657,68859.65000000001,10488.539515
513500.SH,2017-05-25,0.7677581863979849,0.7682619647355163,0.7732997481108312,0.7682619647355163,0.7722921914357682,0.009,0.5906,30831.02,4721.189505
513500.SH,2017-05-26,0.7722921914357682,0.7738035264483627,0.7793450881612091,0.7738035264483627,0.7788413098236776,0.013,0.848,34263.104849999996,5292.073520000001
513500.SH,2017-05-31,0.7788413098236776,0.7788413098236776,0.7788413098236776,0.7687657430730479,0.7707808564231738,-0.016,-1.0349,52120.145000000004,7985.522005000001
513500.SH,2017-06-01,0.7707808564231738,0.7707808564231738,0.7712846347607053,0.766750629722922,0.7672544080604534,-0.007,-0.4575,41778.295000000006,6384.1510450000005
513500.SH,2017-06-02,0.7672544080604534,0.780352644836272,0.780352644836272,0.7717884130982368,0.7768261964735517,0.019,1.2475,97152.9666,14964.204370000001
513500.SH,2017-06-05,0.7768261964735517,0.7798488664987406,0.7798488664987406,0.7722921914357682,0.7738035264483627,-0.006,-0.3891,51713.22,7942.890160000001
513500.SH,2017-06-06,0.7738035264483627,0.7717884130982368,0.7727959697732998,0.7687657430730479,0.7722921914357682,-0.003,-0.1953,21445.940000000002,3281.846155
513500.SH,2017-06-07,0.7722921914357682,0.7692695214105794,0.7717884130982368,0.7692695214105794,0.7702770780856423,-0.004,-0.2609,24560.405000000002,3753.6488950000003
513500.SH,2017-06-08,0.7702770780856423,0.7702770780856423,0.7707808564231738,0.7682619647355163,0.7697732997481108,-0.001,-0.0654,19857.940000000002,3032.7723250000004
513500.SH,2017-06-09,0.7697732997481108,0.7702770780856423,0.7702770780856423,0.7682619647355163,0.7697732997481108,0.0,0.0,22605.18,3451.6787850000005
513500.SH,2017-06-12,0.7697732997481108,0.7692695214105794,0.7702770780856423,0.7652392947103274,0.7677581863979849,-0.004,-0.2618,19822.210000000003,3023.61949
513500.SH,2017-06-13,0.7677581863979849,0.7657430730478589,0.7702770780856423,0.7657430730478589,0.7702770780856423,0.005,0.3281,43965.765,6700.131285
513500.SH,2017-06-14,0.7702770780856423,0.7702770780856423,0.7732997481108312,0.7692695214105794,0.7702770780856423,0.0,0.0,18220.315000000002,2788.700695
513500.SH,2017-06-15,0.7702770780856423,0.7707808564231738,0.7712846347607053,0.7682619647355163,0.7712846347607053,0.002,0.1308,31178.395,4765.631670000001
513500.SH,2017-06-16,0.7712846347607053,0.7702770780856423,0.7722921914357682,0.7682619647355163,0.7722921914357682,0.002,0.1306,21437.78165,3279.4840050000003
513500.SH,2017-06-19,0.7722921914357682,0.7717884130982368,0.7727959697732998,0.7697732997481108,0.7727959697732998,0.001,0.0652,15078.060000000001,2308.608595
513500.SH,2017-06-20,0.7727959697732998,0.7798488664987406,0.7798488664987406,0.7763224181360201,0.7793450881612091,0.013,0.8475,51169.33,7910.913795
513500.SH,2017-06-21,0.7793450881612091,0.7748110831234257,0.7748110831234257,0.7717884130982368,0.7732997481108312,-0.012,-0.7757,16098.35,2469.04622
513500.SH,2017-06-22,0.7732997481108312,0.7732997481108312,0.7743073047858942,0.7697732997481108,0.7732997481108312,0.0,0.0,27797.940000000002,4261.697735000001
513500.SH,2017-06-23,0.7732997481108312,0.7712846347607053,0.7748110831234257,0.7712846347607053,0.7748110831234257,0.003,0.1954,6191.215,951.0968700000001
513500.SH,2017-06-26,0.7748110831234257,0.7753148614609572,0.7758186397984886,0.7732997481108312,0.7743073047858942,-0.001,-0.065,27946.815000000002,4295.156895
513500.SH,2017-06-27,0.7743073047858942,0.7732997481108312,0.7753148614609572,0.7732997481108312,0.7748110831234257,0.001,0.0651,10548.29,1621.7013299999999
513500.SH,2017-06-28,0.7748110831234257,0.7702770780856423,0.7702770780856423,0.7652392947103274,0.7682619647355163,-0.013,-0.8453,28351.755,4318.39926
513500.SH,2017-06-29,0.7682619647355163,0.7727959697732998,0.7753148614609572,0.7702770780856423,0.7707808564231738,0.005,0.3279,64258.420000000006,9847.455975
513500.SH,2017-06-30,0.7707808564231738,0.764735516372796,0.7662468513853904,0.7622166246851385,0.7662468513853904,-0.009,-0.5882,19093.715,2895.3507750000003
513500.SH,2017-07-03,0.7662468513853904,0.7652392947103274,0.766750629722922,0.7642317380352645,0.7657430730478589,-0.001,-0.0657,19262.440000000002,2925.98131
513500.SH,2017-07-04,0.7657430730478589,0.7662468513853904,0.766750629722922,0.764735516372796,0.7662468513853904,0.001,0.0658,17434.255,2650.207245
513500.SH,2017-07-05,0.7662468513853904,0.7662468513853904,0.7677581863979849,0.7657430730478589,0.7672544080604534,0.002,0.1315,7672.025000000001,1167.8271100000002
513500.SH,2017-07-06,0.7672544080604534,0.7682619647355163,0.7682619647355163,0.7662468513853904,0.7672544080604534,0.0,0.0,7995.580000000001,1217.3925600000002
513500.SH,2017-07-07,0.7672544080604534,0.764735516372796,0.764735516372796,0.7596977329974811,0.7632241813602014,-0.008,-0.5253,21033.06,3179.225625
513500.SH,2017-07-10,0.7632241813602014,0.7662468513853904,0.766750629722922,0.763727959697733,0.7662468513853904,0.006,0.396,17013.435,2584.72011
513500.SH,2017-07-11,0.7662468513853904,0.766750629722922,0.7682619647355163,0.7657430730478589,0.766750629722922,0.001,0.0657,8150.410000000001,1240.77983
513500.SH,2017-07-12,0.766750629722922,0.766750629722922,0.766750629722922,0.7642317380352645,0.7657430730478589,-0.002,-0.1314,7104.3150000000005,1079.393375
513500.SH,2017-07-13,0.7657430730478589,0.7702770780856423,0.7717884130982368,0.7692695214105794,0.7707808564231738,0.01,0.6579,13638.935000000001,2085.986875
513500.SH,2017-07-14,0.7707808564231738,0.7707808564231738,0.7717884130982368,0.7687657430730479,0.7697732997481108,-0.002,-0.1307,10732.895,1640.473475
513500.SH,2017-07-17,0.7697732997481108,0.7717884130982368,0.7732997481108312,0.7707808564231738,0.7722921914357682,0.005,0.3272,35243.714700000004,5405.006125000001
513500.SH,2017-07-18,0.7722921914357682,0.7722921914357682,0.7727959697732998,0.7707808564231738,0.7727959697732998,0.001,0.0652,6693.42,1025.699125
513500.SH,2017-07-19,0.7727959697732998,0.7732997481108312,0.7773299748110831,0.7712846347607053,0.7748110831234257,0.004,0.2608,43506.35660000001,6694.8353050000005
513500.SH,2017-07-20,0.7748110831234257,0.7768261964735517,0.7798488664987406,0.7768261964735517,0.778337531486146,0.007,0.4551,21902.49,3382.13034
513500.SH,2017-07-21,0.778337531486146,0.7763224181360201,0.778337531486146,0.7748110831234257,0.7763224181360201,-0.004,-0.2589,13366.99,2060.73966
513500.SH,2017-07-24,0.7763224181360201,0.7753148614609572,0.7763224181360201,0.7702770780856423,0.7748110831234257,-0.003,-0.1947,16872.5,2590.557995
513500.SH,2017-07-25,0.7748110831234257,0.7743073047858942,0.7753148614609572,0.7722921914357682,0.7743073047858942,-0.001,-0.065,9224.295,1416.95652
513500.SH,2017-07-26,0.7743073047858942,0.7753148614609572,0.7768261964735517,0.7743073047858942,0.7758186397984886,0.003,0.1952,8033.295,1237.272335
513500.SH,2017-07-27,0.7758186397984886,0.7763224181360201,0.7763224181360201,0.7717884130982368,0.7738035264483627,-0.004,-0.2597,24866.095,3817.9093000000003
513500.SH,2017-07-28,0.7738035264483627,0.7727959697732998,0.7778337531486147,0.7702770780856423,0.7732997481108312,-0.001,-0.0651,23494.460000000003,3607.2134600000004
513500.SH,2017-07-31,0.7732997481108312,0.7732997481108312,0.7763224181360201,0.7702770780856423,0.7738035264483627,0.001,0.0651,19999.212450000003,3067.6606850000003
513500.SH,2017-08-01,0.7738035264483627,0.7732997481108312,0.7753148614609572,0.7717884130982368,0.7717884130982368,-0.004,-0.2604,32274.115,4946.165435000001
513500.SH,2017-08-02,0.7717884130982368,0.7722921914357682,0.7743073047858942,0.7712846347607053,0.7732997481108312,0.003,0.1958,24420.5816,3744.01966
513500.SH,2017-08-03,0.7732997481108312,0.7732997481108312,0.7732997481108312,0.7702770780856423,0.7707808564231738,-0.005,-0.3257,10379.565,1589.21482
513500.SH,2017-08-04,0.7707808564231738,0.7707808564231738,0.7707808564231738,0.7687657430730479,0.7692695214105794,-0.003,-0.1961,10893.68,1663.7694350000002
513500.SH,2017-08-07,0.7692695214105794,0.7697732997481108,0.7773299748110831,0.7697732997481108,0.7753148614609572,0.012,0.7859,29905.910750000003,4599.26882
513500.SH,2017-08-08,0.7753148614609572,0.7753148614609572,0.7763224181360201,0.7732997481108312,0.7753148614609572,0.0,0.0,7989.625,1229.93776
513500.SH,2017-08-09,0.7753148614609572,0.7753148614609572,0.7753148614609572,0.7712846347607053,0.7712846347607053,-0.008,-0.5198,15627.905,2395.0613
513500.SH,2017-08-10,0.7712846347607053,0.7687657430730479,0.7707808564231738,0.7687657430730479,0.7692695214105794,-0.004,-0.2613,9317.60985,1423.0127550000002
513500.SH,2017-08-11,0.7692695214105794,0.7632241813602014,0.763727959697733,0.7581863979848866,0.7622166246851385,-0.014,-0.9168,19619.74,2966.088235
513500.SH,2017-08-14,0.7622166246851385,0.764735516372796,0.7652392947103274,0.7612090680100755,0.764735516372796,0.005,0.3305,7906.255,1198.59461
513500.SH,2017-08-15,0.764735516372796,0.7702770780856423,0.7702770780856423,0.7672544080604534,0.7672544080604534,0.005,0.3294,6566.38,1001.815605
513500.SH,2017-08-16,0.7672544080604534,0.7672544080604534,0.7697732997481108,0.764735516372796,0.7652392947103274,-0.004,-0.2626,27793.97,4223.27012
513500.SH,2017-08-17,0.7652392947103274,0.7677581863979849,0.7677581863979849,0.764735516372796,0.764735516372796,-0.001,-0.0658,3328.8450000000003,506.36754500000006
513500.SH,2017-08-18,0.764735516372796,0.7561712846347607,0.7607052896725441,0.7551637279596978,0.7581863979848866,-0.013,-0.8564,30507.465,4583.50395
513500.SH,2017-08-21,0.7581863979848866,0.7591939546599495,0.7591939546599495,0.7541561712846349,0.7571788413098236,-0.002,-0.1329,22162.525,3325.84765
513500.SH,2017-08-22,0.7571788413098236,0.7566750629722923,0.7581863979848866,0.7546599496221662,0.7576826196473552,0.001,0.0665,9190.550000000001,1380.34518
513500.SH,2017-08-23,0.7576826196473552,0.7576826196473552,0.7622166246851385,0.7576826196473552,0.7607052896725441,0.006,0.3989,14230.465,2147.8573400000005
513500.SH,2017-08-24,0.7607052896725441,0.7602015113350126,0.7602015113350126,0.7561712846347607,0.7566750629722923,-0.008,-0.5298,6812.52,1023.6863350000001
513500.SH,2017-08-25,0.7566750629722923,0.7556675062972292,0.7571788413098236,0.7541561712846349,0.7566750629722923,0.0,0.0,11788.915,1769.03994
513500.SH,2017-08-28,0.7566750629722923,0.7556675062972292,0.7571788413098236,0.7536523929471033,0.7566750629722923,0.0,0.0,24619.955,3691.03207
513500.SH,2017-08-29,0.7566750629722923,0.7566750629722923,0.7566750629722923,0.7521410579345089,0.7526448362720403,-0.008,-0.5326,22964.465,3435.2489400000004
513500.SH,2017-08-30,0.7526448362720403,0.7536523929471033,0.7536523929471033,0.7516372795969773,0.7526448362720403,0.0,0.0,11769.065,1757.6658900000002
513500.SH,2017-08-31,0.7526448362720403,0.7541561712846349,0.7551637279596978,0.7531486146095718,0.7541561712846349,0.003,0.2008,26894.765000000003,4025.3616500000003
513500.SH,2017-09-01,0.7541561712846349,0.7561712846347607,0.7576826196473552,0.7551637279596978,0.7576826196473552,0.007,0.4676,19252.515,2889.4692200000004
513500.SH,2017-09-04,0.7576826196473552,0.7571788413098236,0.7581863979848866,0.7556675062972292,0.7571788413098236,-0.001,-0.0665,31444.385000000002,4722.638555
513500.SH,2017-09-05,0.7571788413098236,0.7571788413098236,0.7571788413098236,0.7546599496221662,0.7556675062972292,-0.003,-0.1996,15407.570000000002,2310.661085
513500.SH,2017-09-06,0.7556675062972292,0.7541561712846349,0.7541561712846349,0.7506297229219143,0.7541561712846349,-0.003,-0.2,15649.740000000002,2336.386685
513500.SH,2017-09-07,0.7541561712846349,0.7541561712846349,0.7541561712846349,0.7516372795969773,0.7531486146095718,-0.002,-0.1336,8616.885,1287.0660599999999
513500.SH,2017-09-08,0.7531486146095718,0.7541561712846349,0.7546599496221662,0.7521410579345089,0.7521410579345089,-0.002,-0.1338,19012.33,2844.00478
513500.SH,2017-09-11,0.7521410579345089,0.7531486146095718,0.7556675062972292,0.7531486146095718,0.7531486146095718,0.002,0.134,14607.615000000002,2186.785175
513500.SH,2017-09-12,0.7531486146095718,0.7571788413098236,0.7632241813602014,0.7566750629722923,0.7571788413098236,0.008,0.5351,49523.765,7473.32253
513500.SH,2017-09-13,0.7571788413098236,0.7581863979848866,0.7581863979848866,0.7561712846347607,0.7571788413098236,0.0,0.0,7116.225,1069.0832850000002
513500.SH,2017-09-14,0.7571788413098236,0.7576826196473552,0.7591939546599495,0.7556675062972292,0.7581863979848866,0.002,0.1331,53239.685000000005,8001.453615
513500.SH,2017-09-15,0.7581863979848866,0.7561712846347607,0.7607052896725441,0.7561712846347607,0.7591939546599495,0.002,0.1329,26545.405000000002,3996.26949
513500.SH,2017-09-18,0.7591939546599495,0.7602015113350126,0.7632241813602014,0.7602015113350126,0.761712846347607,0.005,0.3318,18936.9,2865.698845
513500.SH,2017-09-19,0.761712846347607,0.7612090680100755,0.7632241813602014,0.7612090680100755,0.7632241813602014,0.003,0.1984,10061.965,1523.02301
513500.SH,2017-09-20,0.7632241813602014,0.7632241813602014,0.764735516372796,0.7632241813602014,0.764735516372796,0.003,0.198,14323.76,2172.6718250000004
513500.SH,2017-09-21,0.764735516372796,0.7652392947103274,0.766750629722922,0.764735516372796,0.766750629722922,0.004,0.2635,13593.28,2066.4644
513500.SH,2017-09-22,0.766750629722922,0.7682619647355163,0.7682619647355163,0.764735516372796,0.7662468513853904,-0.001,-0.0657,26519.600000000002,4036.60072
513500.SH,2017-09-25,0.7662468513853904,0.7662468513853904,0.7677581863979849,0.763727959697733,0.763727959697733,-0.005,-0.3287,10169.155,1545.75523
513500.SH,2017-09-26,0.763727959697733,0.763727959697733,0.764735516372796,0.761712846347607,0.764735516372796,0.002,0.1319,34662.07,5251.859405
513500.SH,2017-09-27,0.764735516372796,0.7632241813602014,0.766750629722922,0.7632241813602014,0.7657430730478589,0.002,0.1318,12833.025000000001,1949.994525
513500.SH,2017-09-28,0.7657430730478589,0.7692695214105794,0.7712846347607053,0.7692695214105794,0.7702770780856423,0.009,0.5921,22287.58,3406.9626900000003
513500.SH,2017-09-29,0.7702770780856423,0.7717884130982368,0.7753148614609572,0.7717884130982368,0.7753148614609572,0.01,0.654,10129.455,1557.25632
513500.SH,2017-10-09,0.7753148614609572,0.7863979848866498,0.7894206549118388,0.7818639798488666,0.7858942065491185,0.021,1.3645,61312.68,9543.201130000001
513500.SH,2017-10-10,0.7858942065491185,0.7858942065491185,0.7874055415617128,0.7808564231738035,0.7853904282115869,-0.001,-0.0641,18415.4802,2867.1340000000005
513500.SH,2017-10-11,0.7853904282115869,0.7853904282115869,0.7914357682619647,0.7853904282115869,0.7894206549118388,0.008,0.5131,24862.125,3896.0766150000004
513500.SH,2017-10-12,0.7894206549118388,0.7894206549118388,0.7919395465994963,0.7894206549118388,0.7904282115869018,0.002,0.1276,10083.800000000001,1583.98236
513500.SH,2017-10-13,0.7904282115869018,0.7899244332493703,0.7899244332493703,0.783375314861461,0.7848866498740554,-0.011,-0.7011,14879.560000000001,2319.0755
513500.SH,2017-10-16,0.7848866498740554,0.7853904282115869,0.7869017632241814,0.7848866498740554,0.7853904282115869,0.001,0.0642,7544.985000000001,1177.1784450000002
513500.SH,2017-10-17,0.7853904282115869,0.7853904282115869,0.7879093198992444,0.7853904282115869,0.7874055415617128,0.004,0.2566,9649.085000000001,1506.1723450000002
513500.SH,2017-10-18,0.7874055415617128,0.7894206549118388,0.7894206549118388,0.7848866498740554,0.7863979848866498,-0.002,-0.128,10687.24,1667.01888
513500.SH,2017-10-19,0.7863979848866498,0.7884130982367759,0.7884130982367759,0.7853904282115869,0.7858942065491185,-0.001,-0.0641,14935.140000000001,2333.1531200000004
513500.SH,2017-10-20,0.7858942065491185,0.7858942065491185,0.7909319899244333,0.7858942065491185,0.7899244332493703,0.008,0.5128,26408.440000000002,4132.75015
513500.SH,2017-10-23,0.7899244332493703,0.7919395465994963,0.7949622166246851,0.7904282115869018,0.7929471032745592,0.006,0.3827,7787.155000000001,1225.67795
513500.SH,2017-10-24,0.7929471032745592,0.7929471032745592,0.7929471032745592,0.7889168765743073,0.7909319899244333,-0.004,-0.2541,8684.375,1363.069725
513500.SH,2017-10-25,0.7909319899244333,0.7909319899244333,0.7944584382871537,0.7909319899244333,0.7944584382871537,0.007,0.4459,12706.084250000002,2001.6898800000001
513500.SH,2017-10-26,0.7944584382871537,0.7904282115869018,0.7929471032745592,0.7894206549118388,0.7904282115869018,-0.008,-0.5073,9742.380000000001,1527.87832
513500.SH,2017-10-27,0.7904282115869018,0.7909319899244333,0.7939546599496222,0.7909319899244333,0.7939546599496222,0.007,0.4461,27879.325,4387.09217
513500.SH,2017-10-30,0.7939546599496222,0.7984886649874056,0.8010075566750631,0.7964735516372796,0.7994962216624685,0.011,0.698,13684.59,2170.496265
513500.SH,2017-10-31,0.7994962216624685,0.8010075566750631,0.802015113350126,0.7979848866498741,0.7984886649874056,-0.002,-0.126,8473.965,1344.6231200000002
513500.SH,2017-11-01,0.7984886649874056,0.8010075566750631,0.8015113350125944,0.8,0.8015113350125944,0.006,0.3785,17745.9,2820.5778099999998
513500.SH,2017-11-02,0.8015113350125944,0.802015113350126,0.8025188916876574,0.7989924433249371,0.8015113350125944,0.0,0.0,19780.525,3144.329325
513500.SH,2017-11-03,0.8015113350125944,0.8040302267002519,0.8136020151133502,0.8015113350125944,0.8060453400503779,0.009,0.5657,14440.875,2313.717985
513500.SH,2017-11-06,0.8060453400503779,0.8161209068010076,0.816624685138539,0.8010075566750631,0.8090680100755668,0.006,0.375,55693.145000000004,8944.26708
513500.SH,2017-11-07,0.8090680100755668,0.8085642317380353,0.8090680100755668,0.8015113350125944,0.8035264483627204,-0.011,-0.6849,28891.675000000003,4614.5156050000005
513500.SH,2017-11-08,0.8035264483627204,0.8010075566750631,0.8035264483627204,0.8005037783375315,0.8015113350125944,-0.004,-0.2508,14899.41,2370.7907050000003
513500.SH,2017-11-09,0.8015113350125944,0.8010075566750631,0.8055415617128463,0.7994962216624685,0.8025188916876574,0.002,0.1257,23669.14,3770.09065
513500.SH,2017-11-10,0.8025188916876574,0.7944584382871537,0.7989924433249371,0.7944584382871537,0.7974811083123425,-0.01,-0.6277,45117.065,7132.126835
513500.SH,2017-11-13,0.7974811083123425,0.7969773299748111,0.7989924433249371,0.7954659949622166,0.7974811083123425,0.0,0.0,32430.93,5128.043045
513500.SH,2017-11-14,0.7974811083123425,0.7984886649874056,0.8,0.7979848866498741,0.7984886649874056,0.002,0.1263,19587.98,3105.21093
513500.SH,2017-11-15,0.7984886649874056,0.7979848866498741,0.7984886649874056,0.7929471032745592,0.7929471032745592,-0.011,-0.694,18246.120000000003,2878.7164749999997
513500.SH,2017-11-16,0.7929471032745592,0.7914357682619647,0.7924433249370277,0.7874055415617128,0.7919395465994963,-0.002,-0.1271,23264.2,3651.8402300000002
513500.SH,2017-11-17,0.7919395465994963,0.7969773299748111,0.7989924433249371,0.7964735516372796,0.7979848866498741,0.012,0.7634,15395.66,2438.3223900000003
513500.SH,2017-11-20,0.7979848866498741,0.7979848866498741,0.7984886649874056,0.7944584382871537,0.7954659949622166,-0.005,-0.3157,13924.775000000001,2204.4616
513500.SH,2017-11-21,0.7954659949622166,0.7959697732997482,0.7984886649874056,0.7959697732997482,0.7979848866498741,0.005,0.3167,18426.755,2914.9129500000004
513500.SH,2017-11-22,0.7979848866498741,0.8010075566750631,0.8060453400503779,0.8,0.8005037783375315,0.005,0.3157,17571.22,2797.152825
513500.SH,2017-11-23,0.8005037783375315,0.802015113350126,0.802015113350126,0.7974811083123425,0.7989924433249371,-0.003,-0.1888,26688.325,4239.314875000001
513500.SH,2017-11-24,0.7989924433249371,0.7979848866498741,0.8005037783375315,0.7944584382871537,0.7994962216624685,0.001,0.0631,10770.61,1706.538245
513500.SH,2017-11-27,0.7994962216624685,0.7994962216624685,0.8015113350125944,0.7989924433249371,0.7994962216624685,0.0,0.0,24851.009000000002,3948.4170950000002
513500.SH,2017-11-28,0.7994962216624685,0.7994962216624685,0.8015113350125944,0.7974811083123425,0.8005037783375315,0.002,0.126,23047.835000000003,3661.8883
513500.SH,2017-11-29,0.8005037783375315,0.805037783375315,0.8085642317380353,0.805037783375315,0.8075566750629722,0.014,0.8811,91514.455,14655.777055
513500.SH,2017-11-30,0.8075566750629722,0.8065491183879093,0.8075566750629722,0.8060453400503779,0.8070528967254409,-0.001,-0.0624,21517.4,3445.092555
513500.SH,2017-12-01,0.8070528967254409,0.8156171284634761,0.8156171284634761,0.8115869017632242,0.8136020151133502,0.013,0.8115,38757.125,6258.48268
513500.SH,2017-12-04,0.8136020151133502,0.8211586901763224,0.8463476070528967,0.818639798488665,0.8357682619647355,0.044,2.7245,139067.11500000002,22949.758135
513500.SH,2017-12-05,0.8357682619647355,0.8312342569269521,0.8312342569269521,0.8156171284634761,0.8211586901763224,-0.029,-1.748,62991.990000000005,10286.778160000002
513500.SH,2017-12-06,0.8211586901763224,0.819647355163728,0.819647355163728,0.8085642317380353,0.8130982367758187,-0.016,-0.9816,60737.030000000006,9774.515165
513500.SH,2017-12-07,0.8130982367758187,0.8120906801007557,0.8161209068010076,0.8120906801007557,0.8125944584382871,-0.001,-0.062,21269.275,3435.048455
513500.SH,2017-12-08,0.8125944584382871,0.8151133501259447,0.8206549118387909,0.8146095717884131,0.8201511335012595,0.015,0.9299,55945.240000000005,9072.54572
513500.SH,2017-12-11,0.8201511335012595,0.8231738035264483,0.8277078085642318,0.8206549118387909,0.8241813602015113,0.008,0.4914,31309.405000000002,5116.692815
513500.SH,2017-12-12,0.8241813602015113,0.8272040302267002,0.8287153652392947,0.8251889168765743,0.8267002518891687,0.005,0.3056,16517.185,2712.6533600000002
513500.SH,2017-12-13,0.8267002518891687,0.8282115869017632,0.8302267002518892,0.8256926952141058,0.8277078085642318,0.002,0.1219,22662.745000000003,3725.525415
513500.SH,2017-12-14,0.8277078085642318,0.8277078085642318,0.8292191435768261,0.8267002518891687,0.8282115869017632,0.001,0.0609,9730.470000000001,1598.788475
513500.SH,2017-12-15,0.8282115869017632,0.8256926952141058,0.8256926952141058,0.8211586901763224,0.8211586901763224,-0.014,-0.8516,17829.27,2909.30334
513500.SH,2017-12-18,0.8211586901763224,0.8297229219143577,0.8297229219143577,0.8251889168765743,0.8287153652392947,0.015,0.9202,35853.07,5885.316575
513500.SH,2017-12-19,0.8287153652392947,0.8312342569269521,0.8357682619647355,0.8312342569269521,0.8357682619647355,0.014,0.8511,16955.870000000003,2808.0087900000003
513500.SH,2017-12-20,0.8357682619647355,0.8337531486146096,0.8337531486146096,0.8302267002518892,0.8317380352644836,-0.008,-0.4822,14927.2,2461.7056900000002
513500.SH,2017-12-21,0.8317380352644836,0.8312342569269521,0.8312342569269521,0.8272040302267002,0.8282115869017632,-0.007,-0.424,21362.57,3511.06403
513500.SH,2017-12-22,0.8282115869017632,0.8297229219143577,0.8307304785894207,0.8282115869017632,0.8297229219143577,0.003,0.1825,13807.66,2274.093415
513500.SH,2017-12-25,0.8297229219143577,0.8297229219143577,0.8322418136020151,0.8261964735516373,0.8287153652392947,-0.002,-0.1214,21523.355,3536.7936
513500.SH,2017-12-26,0.8287153652392947,0.8297229219143577,0.8302267002518892,0.8246851385390428,0.8287153652392947,0.0,0.0,20100.11,3305.0190450000005
513500.SH,2017-12-27,0.8287153652392947,0.8297229219143577,0.8297229219143577,0.8256926952141058,0.8282115869017632,-0.001,-0.0608,28591.940000000002,4696.805765
513500.SH,2017-12-28,0.8282115869017632,0.8287153652392947,0.8287153652392947,0.8226700251889169,0.8231738035264483,-0.01,-0.6083,32323.74,5293.16924
513500.SH,2017-12-29,0.8231738035264483,0.8231738035264483,0.8241813602015113,0.8216624685138539,0.8231738035264483,0.0,0.0,23631.425000000003,3859.528795
513500.SH,2018-01-02,0.8231738035264483,0.8216624685138539,0.8216624685138539,0.8161209068010076,0.819647355163728,-0.007,-0.4284,26617.857500000002,4324.709575000001
513500.SH,2018-01-03,0.819647355163728,0.8246851385390428,0.8256926952141058,0.8221662468513854,0.8236775818639799,0.008,0.4917,48023.105,7850.363355
513500.SH,2018-01-04,0.8236775818639799,0.8272040302267002,0.8277078085642318,0.8241813602015113,0.8251889168765743,0.003,0.1835,37472.83,6141.73292
513500.SH,2018-01-05,0.8251889168765743,0.8267002518891687,0.8287153652392947,0.8256926952141058,0.8256926952141058,0.001,0.0611,33276.54,5458.98026
513500.SH,2018-01-08,0.8256926952141058,0.8297229219143577,0.8322418136020151,0.8287153652392947,0.8322418136020151,0.013,0.7932,30126.345,4968.08182
513500.SH,2018-01-09,0.8322418136020151,0.8302267002518892,0.8322418136020151,0.8297229219143577,0.8322418136020151,0.0,0.0,71101.3502,11731.743030000001
513500.SH,2018-01-10,0.8322418136020151,0.8327455919395467,0.8357682619647355,0.8327455919395467,0.8347607052896726,0.005,0.3027,26174.210000000003,4336.45085
513500.SH,2018-01-11,0.8347607052896726,0.8347607052896726,0.835264483627204,0.833249370277078,0.8347607052896726,0.0,0.0,25844.7,4278.41739
513500.SH,2018-01-12,0.8347607052896726,0.8392947103274558,0.8438287153652393,0.8392947103274558,0.8438287153652393,0.018,1.0863,26595.030000000002,4442.946100000001
513500.SH,2018-01-15,0.8438287153652393,0.8448362720403023,0.8508816120906801,0.8448362720403023,0.8473551637279597,0.007,0.4179,40617.07,6835.28398
513500.SH,2018-01-16,0.8473551637279597,0.8473551637279597,0.8478589420654912,0.8458438287153652,0.8468513853904283,-0.001,-0.0595,21620.620000000003,3632.19667
513500.SH,2018-01-17,0.8468513853904283,0.8367758186397986,0.8463476070528967,0.8367758186397986,0.8408060453400504,-0.012,-0.7139,43529.065,7259.3633500000005
513500.SH,2018-01-18,0.8408060453400504,0.8453400503778338,0.8508816120906801,0.8453400503778338,0.8468513853904283,0.012,0.719,37026.205,6228.181655
513500.SH,2018-01-19,0.8468513853904283,0.8448362720403023,0.8453400503778338,0.8397984886649874,0.8403022670025189,-0.013,-0.7733,41530.170000000006,6938.104995
513500.SH,2018-01-22,0.8403022670025189,0.8413098236775819,0.8448362720403023,0.8413098236775819,0.8433249370277078,0.006,0.3597,20898.08,3499.3981850000005
513500.SH,2018-01-23,0.8433249370277078,0.8463476070528967,0.854911838790932,0.8463476070528967,0.8523929471032745,0.018,1.0753,27136.935,4583.702450000001
513500.SH,2018-01-24,0.8523929471032745,0.8528967254408061,0.854911838790932,0.8508816120906801,0.8523929471032745,0.0,0.0,23139.145,3913.1257800000003
513500.SH,2018-01-25,0.8523929471032745,0.8483627204030226,0.8508816120906801,0.8463476070528967,0.8483627204030226,-0.008,-0.4728,32794.185000000005,5522.289850000001
513500.SH,2018-01-26,0.8483627204030226,0.8488664987405542,0.8488664987405542,0.8473551637279597,0.8483627204030226,0.0,0.0,28869.84,4861.3940250000005
513500.SH,2018-01-29,0.8483627204030226,0.8523929471032745,0.8564231738035264,0.8523929471032745,0.8544080604534005,0.012,0.7126,55554.195,9434.178975
513500.SH,2018-01-30,0.8544080604534005,0.8463476070528967,0.8503778337531486,0.8463476070528967,0.8473551637279597,-0.014,-0.8255,27535.920000000002,4637.896920000001
513500.SH,2018-01-31,0.8473551637279597,0.8413098236775819,0.8413098236775819,0.8347607052896726,0.8392947103274558,-0.016,-0.9512,24758.905000000002,4117.324715000001
513500.SH,2018-02-01,0.8392947103274558,0.8387909319899245,0.8443324937027707,0.8387909319899245,0.8413098236775819,0.004,0.2401,32829.915,5484.1996850000005
513500.SH,2018-02-02,0.8413098236775819,0.8397984886649874,0.8397984886649874,0.834256926952141,0.834256926952141,-0.014,-0.8383,19482.775,3231.605805
513500.SH,2018-02-05,0.834256926952141,0.8125944584382871,0.8146095717884131,0.8090680100755668,0.8115869017632242,-0.045,-2.7174,82398.144,13260.856020000001
513500.SH,2018-02-06,0.8115869017632242,0.7843828715365239,0.7843828715365239,0.7602015113350126,0.764735516372796,-0.093,-5.7728,233405.034,35401.021980000005
513500.SH,2018-02-07,0.764735516372796,0.781360201511335,0.7858942065491185,0.7758186397984886,0.7773299748110831,0.025,1.6469,76075.125,11800.009165000001
513500.SH,2018-02-08,0.7773299748110831,0.7773299748110831,0.7909319899244333,0.7682619647355163,0.7869017632241814,0.019,1.2314,63700.635,9871.970725000001
513500.SH,2018-02-09,0.7869017632241814,0.761712846347607,0.7808564231738035,0.7571788413098236,0.7622166246851385,-0.049,-3.137,178332.41985,26995.57124
513500.SH,2018-02-12,0.7622166246851385,0.7707808564231738,0.7732997481108312,0.7642317380352645,0.7722921914357682,0.02,1.3219,52195.575000000004,7978.141775000001
513500.SH,2018-02-13,0.7722921914357682,0.7798488664987406,0.7884130982367759,0.7798488664987406,0.783375314861461,0.022,1.4351,27313.600000000002,4245.978520000001
513500.SH,2018-02-14,0.783375314861461,0.7858942065491185,0.7909319899244333,0.7838790931989925,0.7879093198992444,0.009,0.5788,18408.89,2871.36999
513500.SH,2018-02-22,0.7879093198992444,0.7984886649874056,0.7984886649874056,0.7914357682619647,0.7944584382871537,0.013,0.8312,18063.5,2844.5824150000003
513500.SH,2018-02-23,0.7944584382871537,0.7944584382871537,0.8005037783375315,0.7944584382871537,0.8,0.011,0.6975,21221.635000000002,3362.91554
513500.SH,2018-02-26,0.8,0.8110831234256928,0.8181360201511335,0.8105793450881612,0.8171284634760706,0.034,2.1411,17211.935,2782.28716
513500.SH,2018-02-27,0.8171284634760706,0.8261964735516373,0.8272040302267002,0.8211586901763224,0.8236775818639799,0.013,0.8015,24419.47,3995.08643
513500.SH,2018-02-28,0.8236775818639799,0.8125944584382871,0.8176322418136021,0.8095717884130983,0.8176322418136021,-0.012,-0.7339,19675.32,3172.353555
513500.SH,2018-03-01,0.8176322418136021,0.8125944584382871,0.8125944584382871,0.7984886649874056,0.8070528967254409,-0.021,-1.2939,40970.4,6553.25518
513500.SH,2018-03-02,0.8070528967254409,0.7969773299748111,0.7974811083123425,0.7934508816120907,0.7939546599496222,-0.026,-1.623,18950.795000000002,2992.6654000000003
513500.SH,2018-03-05,0.7939546599496222,0.7959697732997482,0.7969773299748111,0.7939546599496222,0.7954659949622166,0.003,0.1904,13329.275000000001,2105.0111150000002
513500.SH,2018-03-06,0.7954659949622166,0.8055415617128463,0.8060453400503779,0.803022670025189,0.8040302267002519,0.017,1.0766,16275.015000000001,2598.17047
513500.SH,2018-03-07,0.8040302267002519,0.8040302267002519,0.8040302267002519,0.7974811083123425,0.8005037783375315,-0.007,-0.4386,17775.675,2824.025755
513500.SH,2018-03-08,0.8005037783375315,0.8040302267002519,0.8060453400503779,0.803022670025189,0.8055415617128463,0.01,0.6293,19216.785,3069.02438
513500.SH,2018-03-09,0.8055415617128463,0.8085642317380353,0.8110831234256928,0.8070528967254409,0.8110831234256928,0.011,0.6879,28351.755,4550.50928
513500.SH,2018-03-12,0.8110831234256928,0.8246851385390428,0.8272040302267002,0.8221662468513854,0.8261964735516373,0.03,1.8634,25491.389850000003,4171.892365
513500.SH,2018-03-13,0.8261964735516373,0.8251889168765743,0.8251889168765743,0.8201511335012595,0.8211586901763224,-0.01,-0.6098,13023.585000000001,2126.80046
513500.SH,2018-03-14,0.8211586901763224,0.8125944584382871,0.816624685138539,0.8125944584382871,0.816624685138539,-0.009,-0.5521,8402.524850000002,1358.00996
513500.SH,2018-03-15,0.816624685138539,0.8130982367758187,0.8171284634760706,0.8115869017632242,0.8161209068010076,-0.001,-0.0617,8297.319850000002,1343.56313
513500.SH,2018-03-16,0.8161209068010076,0.8161209068010076,0.8171284634760706,0.8080604534005038,0.8115869017632242,-0.009,-0.5556,13696.5,2212.35793
513500.SH,2018-03-19,0.8115869017632242,0.8115869017632242,0.8125944584382871,0.8105793450881612,0.8110831234256928,-0.001,-0.0621,10266.42,1653.296575
513500.SH,2018-03-20,0.8110831234256928,0.8,0.8035264483627204,0.8,0.803022670025189,-0.016,-0.9938,13825.525000000001,2199.366105
513500.SH,2018-03-21,0.803022670025189,0.803022670025189,0.8060453400503779,0.803022670025189,0.805037783375315,0.004,0.2509,12090.635,1931.819865
513500.SH,2018-03-22,0.805037783375315,0.8040302267002519,0.8075566750629722,0.803022670025189,0.8060453400503779,0.002,0.1252,5943.09,949.590255
513500.SH,2018-03-23,0.8060453400503779,0.7954659949622166,0.7954659949622166,0.7773299748110831,0.7848866498740554,-0.042,-2.625,73490.655,11422.03936
513500.SH,2018-03-26,0.7848866498740554,0.7692695214105794,0.7778337531486147,0.7657430730478589,0.7763224181360201,-0.017,-1.0911,49835.41,7617.812665
513500.SH,2018-03-27,0.7763224181360201,0.7853904282115869,0.7884130982367759,0.7838790931989925,0.7863979848866498,0.02,1.2979,26315.145,4104.10263
513500.SH,2018-03-28,0.7863979848866498,0.7758186397984886,0.7768261964735517,0.7687657430730479,0.7732997481108312,-0.026,-1.6656,49825.485,7653.685585
513500.SH,2018-03-29,0.7732997481108312,0.7727959697732998,0.7732997481108312,0.7677581863979849,0.7727959697732998,-0.001,-0.0651,29586.425000000003,4520.18245
513500.SH,2018-03-30,0.7727959697732998,0.7768261964735517,0.778337531486146,0.7717884130982368,0.7748110831234257,0.004,0.2608,33997.095,5228.79569
513500.SH,2018-04-02,0.7748110831234257,0.7753148614609572,0.7753148614609572,0.7727959697732998,0.7748110831234257,0.0,0.0,10659.45,1637.734175
513500.SH,2018-04-03,0.7748110831234257,0.7571788413098236,0.7682619647355163,0.7571788413098236,0.7627204030226701,-0.024,-1.5605,23951.010000000002,3618.22227
513500.SH,2018-04-04,0.7627204030226701,0.7657430730478589,0.7687657430730479,0.7642317380352645,0.7657430730478589,0.006,0.3963,17984.100000000002,2734.5618050000003
513500.SH,2018-04-09,0.7657430730478589,0.7657430730478589,0.7692695214105794,0.7657430730478589,0.7687657430730479,0.006,0.3947,45793.950000000004,6976.796615
513500.SH,2018-04-10,0.7687657430730479,0.7687657430730479,0.7768261964735517,0.7677581863979849,0.7763224181360201,0.015,0.983,33278.525,5104.80465
513500.SH,2018-04-11,0.7763224181360201,0.7823677581863979,0.783375314861461,0.7753148614609572,0.7758186397984886,-0.001,-0.0649,23742.585000000003,3672.1090650000006
513500.SH,2018-04-12,0.7758186397984886,0.7793450881612091,0.7798488664987406,0.7743073047858942,0.7748110831234257,-0.002,-0.1299,10302.15,1589.45302
513500.SH,2018-04-13,0.7748110831234257,0.7788413098236776,0.7818639798488666,0.7773299748110831,0.781360201511335,0.013,0.8453,24516.735,3792.80699
513500.SH,2018-04-16,0.781360201511335,0.7798488664987406,0.7808564231738035,0.7763224181360201,0.7773299748110831,-0.008,-0.5158,27525.995000000003,4251.284425
513500.SH,2018-04-17,0.7773299748110831,0.783375314861461,0.7853904282115869,0.7808564231738035,0.7848866498740554,0.015,0.9721,53350.845,8289.236930000001
513500.SH,2018-04-18,0.7848866498740554,0.7904282115869018,0.7934508816120907,0.7899244332493703,0.7924433249370277,0.015,0.9628,64091.68,10070.145185000001
513500.SH,2018-04-19,0.7924433249370277,0.7944584382871537,0.7944584382871537,0.7904282115869018,0.7909319899244333,-0.003,-0.1907,41212.57,6481.69196
513500.SH,2018-04-20,0.7909319899244333,0.7894206549118388,0.7909319899244333,0.7863979848866498,0.7894206549118388,-0.003,-0.1911,13599.235,2129.15864
513500.SH,2018-04-23,0.7894206549118388,0.7899244332493703,0.7899244332493703,0.7828715365239295,0.7838790931989925,-0.011,-0.702,21678.185,3372.727395
513500.SH,2018-04-24,0.7838790931989925,0.7838790931989925,0.7884130982367759,0.7838790931989925,0.7879093198992444,0.008,0.5141,5206.655000000001,813.5046100000001
513500.SH,2018-04-25,0.7879093198992444,0.783375314861461,0.783375314861461,0.7758186397984886,0.7778337531486147,-0.02,-1.2788,18244.135000000002,2816.077815
513500.SH,2018-04-26,0.7778337531486147,0.7788413098236776,0.7843828715365239,0.7768261964735517,0.7773299748110831,-0.001,-0.0648,16185.69,2505.1851300000003
513500.SH,2018-04-27,0.7773299748110831,0.7853904282115869,0.7924433249370277,0.7818639798488666,0.7914357682619647,0.028,1.8146,18389.04,2868.3011800000004
513500.SH,2018-05-02,0.7914357682619647,0.7858942065491185,0.7894206549118388,0.7843828715365239,0.7884130982367759,-0.006,-0.3819,12201.795,1906.0367
513500.SH,2018-05-03,0.7884130982367759,0.7884130982367759,0.7884130982367759,0.7838790931989925,0.7858942065491185,-0.005,-0.3195,14083.575,2196.90669
513500.SH,2018-05-04,0.7858942065491185,0.7869017632241814,0.7889168765743073,0.7838790931989925,0.7863979848866498,0.001,0.0641,30430.050000000003,4747.40143
513500.SH,2018-05-07,0.7863979848866498,0.7904282115869018,0.7934508816120907,0.7904282115869018,0.7934508816120907,0.014,0.8969,26493.795000000002,4167.819145
513500.SH,2018-05-08,0.7934508816120907,0.7934508816120907,0.7954659949622166,0.7924433249370277,0.7929471032745592,-0.001,-0.0635,35714.12,5627.691365
513500.SH,2018-05-09,0.7929471032745592,0.7979848866498741,0.7979848866498741,0.7919395465994963,0.7924433249370277,-0.001,-0.0635,13835.45,2178.91862
513500.SH,2018-05-10,0.7924433249370277,0.8005037783375315,0.8005037783375315,0.7979848866498741,0.7994962216624685,0.014,0.89,16054.68,2548.2179450000003
513500.SH,2018-05-11,0.7994962216624685,0.8055415617128463,0.8065491183879093,0.803022670025189,0.8040302267002519,0.009,0.5671,20100.11,3208.012095
513500.SH,2018-05-14,0.8040302267002519,0.8040302267002519,0.8100755667506297,0.8040302267002519,0.8095717884130983,0.011,0.6892,31041.43,4973.060200000001
513500.SH,2018-05-15,0.8095717884130983,0.8090680100755668,0.8090680100755668,0.8045340050377834,0.805037783375315,-0.009,-0.56,17585.115,2814.394535
513500.SH,2018-05-16,0.805037783375315,0.8010075566750631,0.805037783375315,0.8010075566750631,0.8035264483627204,-0.003,-0.1877,16316.7,2601.6005500000006
513500.SH,2018-05-17,0.8035264483627204,0.8045340050377834,0.8070528967254409,0.8045340050377834,0.8055415617128463,0.004,0.2508,7940.0,1269.89581
513500.SH,2018-05-18,0.8055415617128463,0.8060453400503779,0.8080604534005038,0.8060453400503779,0.8060453400503779,0.001,0.0625,11064.390000000001,1772.5950750000002
513500.SH,2018-05-21,0.8060453400503779,0.8085642317380353,0.8206549118387909,0.8085642317380353,0.8201511335012595,0.028,1.75,18099.23,2926.904335
513500.SH,2018-05-22,0.8201511335012595,0.818639798488665,0.819647355163728,0.8161209068010076,0.8176322418136021,-0.005,-0.3071,10248.555,1664.642835
513500.SH,2018-05-23,0.8176322418136021,0.8171284634760706,0.8171284634760706,0.8115869017632242,0.8120906801007557,-0.011,-0.6778,31222.065000000002,5050.7928
513500.SH,2018-05-24,0.8120906801007557,0.8130982367758187,0.816624685138539,0.8130982367758187,0.8161209068010076,0.008,0.4963,39606.705,6413.253130000001
513500.SH,2018-05-25,0.8161209068010076,0.8176322418136021,0.8176322418136021,0.8136020151133502,0.816624685138539,0.001,0.0617,30019.155000000002,4858.811540000001
513500.SH,2018-05-28,0.816624685138539,0.8181360201511335,0.8211586901763224,0.816624685138539,0.8201511335012595,0.007,0.4318,13519.835000000001,2198.318025
513500.SH,2018-05-29,0.8201511335012595,0.8201511335012595,0.8201511335012595,0.8136020151133502,0.8151133501259447,-0.01,-0.6143,4553.59,737.44735
513500.SH,2018-05-30,0.8151133501259447,0.8130982367758187,0.8130982367758187,0.7848866498740554,0.8045340050377834,-0.021,-1.2979,46738.810000000005,7407.132705
513500.SH,2018-05-31,0.8045340050377834,0.8120906801007557,0.8141057934508816,0.8110831234256928,0.8130982367758187,0.017,1.0645,8209.960000000001,1323.56624
513500.SH,2018-06-01,0.8130982367758187,0.8130982367758187,0.8130982367758187,0.8065491183879093,0.8095717884130983,-0.007,-0.4337,10830.16,1738.3716900000002
513500.SH,2018-06-04,0.8095717884130983,0.8146095717884131,0.8216624685138539,0.8146095717884131,0.8206549118387909,0.022,1.369,21549.16,3507.941625
513500.SH,2018-06-05,0.8206549118387909,0.8226700251889169,0.8287153652392947,0.8221662468513854,0.8256926952141058,0.01,0.6139,11951.685000000001,1958.8218200000001
513500.SH,2018-06-06,0.8256926952141058,0.8256926952141058,0.8272040302267002,0.8241813602015113,0.8241813602015113,-0.003,-0.183,13051.375,2140.0364400000003
513500.SH,2018-06-07,0.8241813602015113,0.8292191435768261,0.8312342569269521,0.8287153652392947,0.8302267002518892,0.012,0.7335,26289.34,4330.819405
513500.SH,2018-06-08,0.8302267002518892,0.8302267002518892,0.8302267002518892,0.8221662468513854,0.8277078085642318,-0.005,-0.3034,27365.210000000003,4493.827605
513500.SH,2018-06-11,0.8277078085642318,0.8287153652392947,0.8347607052896726,0.8287153652392947,0.8347607052896726,0.014,0.8521,28859.915,4770.623945
513500.SH,2018-06-12,0.8347607052896726,0.8347607052896726,0.8413098236775819,0.833249370277078,0.8403022670025189,0.011,0.6639,23272.14,3873.0982550000003
513500.SH,2018-06-13,0.8403022670025189,0.8397984886649874,0.8438287153652393,0.8382871536523929,0.8418136020151133,0.003,0.1799,20792.875,3476.0129
513500.SH,2018-06-14,0.8418136020151133,0.8403022670025189,0.8403022670025189,0.8357682619647355,0.836272040302267,-0.011,-0.6583,25048.715,4161.383775
513500.SH,2018-06-15,0.836272040302267,0.8372795969773299,0.8438287153652393,0.8372795969773299,0.8428211586901764,0.013,0.7831,19812.285,3311.51198
513500.SH,2018-06-19,0.8428211586901764,0.8403022670025189,0.8403022670025189,0.8236775818639799,0.8251889168765743,-0.035,-2.0921,31033.49,5117.6436300000005
513500.SH,2018-06-20,0.8251889168765743,0.8236775818639799,0.835264483627204,0.8236775818639799,0.833249370277078,0.016,0.9768,39836.965000000004,6555.075425
513500.SH,2018-06-21,0.833249370277078,0.835264483627204,0.8443324937027707,0.835264483627204,0.8428211586901764,0.019,1.1487,26009.455,4333.975555
513500.SH,2018-06-22,0.8428211586901764,0.836272040302267,0.8397984886649874,0.8297229219143577,0.8382871536523929,-0.009,-0.538,25062.61,4160.88157
513500.SH,2018-06-25,0.8382871536523929,0.8382871536523929,0.8513853904282116,0.8357682619647355,0.8453400503778338,0.014,0.8413,26086.870000000003,4369.423685000001
513500.SH,2018-06-26,0.8453400503778338,0.8372795969773299,0.8372795969773299,0.8282115869017632,0.8367758186397986,-0.017,-1.0131,26116.645,4312.364860000001
513500.SH,2018-06-27,0.8367758186397986,0.8347607052896726,0.8397984886649874,0.8267002518891687,0.8297229219143577,-0.014,-0.8429,43570.75,7192.20683
513500.SH,2018-06-28,0.8297229219143577,0.8246851385390428,0.8337531486146096,0.8246851385390428,0.8261964735516373,-0.007,-0.425,26321.100000000002,4318.42705
513500.SH,2018-06-29,0.8261964735516373,0.8337531486146096,0.8478589420654912,0.833249370277078,0.8413098236775819,0.03,1.8293,23053.79,3843.3550150000005
513500.SH,2018-07-02,0.8413098236775819,0.8438287153652393,0.8488664987405542,0.836272040302267,0.836272040302267,-0.01,-0.5988,25003.06,4179.322220000001
513500.SH,2018-07-03,0.836272040302267,0.8448362720403023,0.8513853904282116,0.8448362720403023,0.8508816120906801,0.029,1.747,47505.020000000004,8009.250695000001
513500.SH,2018-07-04,0.8508816120906801,0.8453400503778338,0.8453400503778338,0.8387909319899245,0.8418136020151133,-0.018,-1.0657,13365.005000000001,2238.0041300000003
513500.SH,2018-07-05,0.8418136020151133,0.8397984886649874,0.8554156171284635,0.8377833753148615,0.8498740554156171,0.016,0.9575,31041.43,5225.38943
513500.SH,2018-07-06,0.8498740554156171,0.855919395465995,0.8604534005037783,0.854911838790932,0.8574307304785894,0.015,0.8892,19660.432500000003,3345.4634200000005
513500.SH,2018-07-09,0.8574307304785894,0.8624685138539043,0.8664987405541562,0.8619647355163729,0.8654911838790932,0.016,0.9401,41196.69,7071.737180000001
513500.SH,2018-07-10,0.8654911838790932,0.8680100755667507,0.8705289672544081,0.8675062972292191,0.8695214105793451,0.008,0.4657,45811.815,7906.233165000001
513500.SH,2018-07-11,0.8695214105793451,0.8584382871536523,0.8720403022670026,0.8584382871536523,0.8710327455919397,0.003,0.1738,62799.445,10839.171900000001
513500.SH,2018-07-12,0.8710327455919397,0.8710327455919397,0.8775818639798488,0.8609571788413098,0.8770780856423175,0.012,0.694,39946.14,6928.96407
513500.SH,2018-07-13,0.8770780856423175,0.8790931989924434,0.8836272040302268,0.8690176322418136,0.8765743073047859,-0.001,-0.0574,45861.44,8000.334075000001
513500.SH,2018-07-16,0.8765743073047859,0.8790931989924434,0.8790931989924434,0.8760705289672545,0.8765743073047859,0.0,0.0,17946.385000000002,3124.4356549999998
513500.SH,2018-07-17,0.8765743073047859,0.8760705289672545,0.8770780856423175,0.8705289672544081,0.871536523929471,-0.01,-0.5747,27065.475000000002,4685.467445
513500.SH,2018-07-18,0.871536523929471,0.8765743073047859,0.8806045340050378,0.8765743073047859,0.8806045340050378,0.018,1.0405,31422.550000000003,5484.088525
513500.SH,2018-07-19,0.8806045340050378,0.8816120906801008,0.8871536523929471,0.8806045340050378,0.8866498740554156,0.012,0.6865,57914.36,10175.28865
513500.SH,2018-07-20,0.8866498740554156,0.8866498740554156,0.88816120906801,0.8790931989924434,0.8876574307304786,0.002,0.1136,42338.065,7450.6578
513500.SH,2018-07-23,0.8876574307304786,0.886146095717884,0.8866498740554156,0.8811083123425694,0.8841309823677581,-0.007,-0.3973,71269.44,12495.960090000002
513500.SH,2018-07-24,0.8841309823677581,0.8871536523929471,0.8957178841309824,0.8871536523929471,0.8952141057934508,0.022,1.2536,62614.840000000004,11095.37188
513500.SH,2018-07-25,0.8952141057934508,0.8962216624685139,0.8992443324937027,0.8947103274559194,0.8952141057934508,0.0,0.0,58777.83500000001,10460.076600000002
513500.SH,2018-07-26,0.8952141057934508,0.9017632241813602,0.9022670025188917,0.8972292191435768,0.9012594458438287,0.012,0.6753,35448.130000000005,6336.0664050000005
513500.SH,2018-07-27,0.9012594458438287,0.9022670025188917,0.912846347607053,0.9017632241813602,0.9123425692695214,0.022,1.2297,131367.30000000002,23709.608195
513500.SH,2018-07-30,0.9123425692695214,0.909823677581864,0.909823677581864,0.8992443324937027,0.9017632241813602,-0.021,-1.1596,83381.91,14928.23617
513500.SH,2018-07-31,0.9017632241813602,0.8952141057934508,0.8962216624685139,0.886146095717884,0.8871536523929471,-0.029,-1.6201,126186.45000000001,22309.272080000002
513500.SH,2018-08-01,0.8871536523929471,0.8942065491183879,0.8962216624685139,0.8931989924433249,0.8962216624685139,0.018,1.0221,66463.755,11797.64106
513500.SH,2018-08-02,0.8962216624685139,0.8957178841309824,0.8977329974811084,0.8916876574307305,0.8931989924433249,-0.006,-0.3373,54414.805,9659.53801
513500.SH,2018-08-03,0.8931989924433249,0.9017632241813602,0.9103274559193955,0.8992443324937027,0.9088161209068011,0.031,1.7484,93757.505,16870.74923
513500.SH,2018-08-06,0.9088161209068011,0.9143576826196473,0.9193954659949622,0.9103274559193955,0.9188916876574308,0.02,1.1086,274978.08,49964.53822
513500.SH,2018-08-07,0.9188916876574308,0.9234256926952141,0.947103274559194,0.9234256926952141,0.9350125944584383,0.032,1.7544,192515.225,35762.98673
513500.SH,2018-08-08,0.9350125944584383,0.9365239294710328,0.9365239294710328,0.9204030226700252,0.9219143576826196,-0.026,-1.4009,183404.075,33671.747545000006
513500.SH,2018-08-09,0.9219143576826196,0.9158690176322418,0.9158690176322418,0.9113350125944584,0.912846347607053,-0.018,-0.9836,179124.415,32460.9829
513500.SH,2018-08-10,0.912846347607053,0.910831234256927,0.9143576826196473,0.9088161209068011,0.9133501259445844,0.001,0.0552,124546.84000000001,22541.118095
513500.SH,2018-08-13,0.9133501259445844,0.9012594458438287,0.9068010075566751,0.9012594458438287,0.9068010075566751,-0.013,-0.717,77282.005,13875.088465
513500.SH,2018-08-14,0.9068010075566751,0.9047858942065492,0.9103274559193955,0.9047858942065492,0.9088161209068011,0.004,0.2222,55689.175,10042.79387
513500.SH,2018-08-15,0.9088161209068011,0.9123425692695214,0.9193954659949622,0.9123425692695214,0.9193954659949622,0.021,1.1641,175831.30000000002,32009.020235
513500.SH,2018-08-16,0.9193954659949622,0.9078085642317381,0.9148614609571789,0.9062972292191436,0.9068010075566751,-0.025,-1.3699,213975.06,38699.599700000006
513500.SH,2018-08-17,0.9068010075566751,0.9153652392947104,0.9178841309823678,0.9133501259445844,0.9178841309823678,0.022,1.2222,157164.36000000002,28572.504865000003
513500.SH,2018-08-20,0.9178841309823678,0.9193954659949622,0.9219143576826196,0.912846347607053,0.9173803526448363,-0.001,-0.0549,303486.65,55240.46972000001
513500.SH,2018-08-21,0.9173803526448363,0.9178841309823678,0.9178841309823678,0.9118387909319899,0.9148614609571789,-0.005,-0.2746,384258.28500000003,69741.13689000001
513500.SH,2018-08-22,0.9148614609571789,0.9158690176322418,0.9158690176322418,0.912846347607053,0.9138539042821159,-0.002,-0.1101,147789.20500000002,26812.969105
513500.SH,2018-08-23,0.9138539042821159,0.9138539042821159,0.9168765743073048,0.9133501259445844,0.9153652392947104,0.003,0.1654,148345.005,26952.774640000003
513500.SH,2018-08-24,0.9153652392947104,0.9148614609571789,0.9168765743073048,0.9133501259445844,0.9138539042821159,-0.003,-0.1651,310745.79500000004,56428.96068
513500.SH,2018-08-27,0.9138539042821159,0.9178841309823678,0.9183879093198992,0.9148614609571789,0.9173803526448363,0.007,0.3859,190867.67500000002,34714.72411
513500.SH,2018-08-28,0.9173803526448363,0.926448362720403,0.927455919395466,0.9209068010075567,0.9254408060453401,0.016,0.8786,326369.73000000004,59983.541865
513500.SH,2018-08-29,0.9254408060453401,0.9259445843828716,0.9279596977329976,0.9254408060453401,0.9279596977329976,0.005,0.2722,480804.715,88446.02215
513500.SH,2018-08-30,0.9279596977329976,0.9289672544080605,0.9324937027707808,0.9289672544080605,0.9319899244332495,0.008,0.4343,175001.57,32342.54589
513500.SH,2018-08-31,0.9319899244332495,0.9304785894206549,0.9304785894206549,0.927455919395466,0.9289672544080605,-0.006,-0.3243,73574.02500000001,13554.538755000001
513500.SH,2018-09-03,0.9289672544080605,0.9304785894206549,0.9304785894206549,0.9239294710327457,0.9249370277078086,-0.008,-0.4338,159742.875,29358.961865
513500.SH,2018-09-04,0.9249370277078086,0.9269521410579346,0.9279596977329976,0.9249370277078086,0.927455919395466,0.005,0.2723,86335.59000000001,15880.637185000001
513500.SH,2018-09-05,0.927455919395466,0.926448362720403,0.926448362720403,0.9234256926952141,0.9234256926952141,-0.008,-0.4345,64409.280000000006,11824.690655
513500.SH,2018-09-06,0.9234256926952141,0.9219143576826196,0.9219143576826196,0.9188916876574308,0.9198992443324937,-0.007,-0.3819,64292.165,11748.71875
513500.SH,2018-09-07,0.9198992443324937,0.9168765743073048,0.9178841309823678,0.9138539042821159,0.9173803526448363,-0.005,-0.2738,168893.725,30688.369960000004
513500.SH,2018-09-10,0.9173803526448363,0.9178841309823678,0.9214105793450882,0.9148614609571789,0.9214105793450882,0.008,0.4393,111570.895,20370.83621
513500.SH,2018-09-11,0.9214105793450882,0.9234256926952141,0.9249370277078086,0.9214105793450882,0.924433249370277,0.006,0.328,135295.61500000002,24803.585365000003
513500.SH,2018-09-12,0.924433249370277,0.9279596977329976,0.9304785894206549,0.9279596977329976,0.9289672544080605,0.009,0.4905,150484.83500000002,27759.309915
513500.SH,2018-09-13,0.9289672544080605,0.9284634760705289,0.9284634760705289,0.9254408060453401,0.926448362720403,-0.005,-0.2711,66989.78,12314.95588
513500.SH,2018-09-14,0.926448362720403,0.9309823677581864,0.9319899244332495,0.927455919395466,0.9319899244332495,0.011,0.5982,97552.82500000001,18015.409405
513500.SH,2018-09-17,0.9319899244332495,0.9309823677581864,0.9335012594458438,0.9309823677581864,0.9319899244332495,0.0,0.0,90035.63,16665.113155
513500.SH,2018-09-18,0.9319899244332495,0.9224181360201511,0.9254408060453401,0.9224181360201511,0.9249370277078086,-0.014,-0.7568,133302.67500000002,24425.66717
513500.SH,2018-09-19,0.9249370277078086,0.9299748110831235,0.9314861460957179,0.929471032745592,0.929471032745592,0.009,0.4902,112656.69,20801.690385
513500.SH,2018-09-20,0.929471032745592,0.9309823677581864,0.9324937027707808,0.9309823677581864,0.9324937027707808,0.006,0.3252,190176.89500000002,35185.585960000004
513500.SH,2018-09-21,0.9324937027707808,0.9380352644836273,0.9400503778337532,0.9380352644836273,0.9395465994962217,0.014,0.7563,176905.185,32970.95719
513500.SH,2018-09-25,0.9395465994962217,0.9340050377833754,0.9370277078085643,0.9340050377833754,0.9365239294710328,-0.006,-0.3217,139479.995,25889.969910000003
513500.SH,2018-09-26,0.9365239294710328,0.9360201511335013,0.9420654911838792,0.9355163727959698,0.9415617128463476,0.01,0.5379,263149.465,49063.80477
513500.SH,2018-09-27,0.9415617128463476,0.9395465994962217,0.9395465994962217,0.9340050377833754,0.9340050377833754,-0.015,-0.8026,107259.475,19936.270085
513500.SH,2018-09-28,0.9340050377833754,0.9355163727959698,0.9365239294710328,0.9340050377833754,0.9360201511335013,0.004,0.2157,271776.275,50440.678185
513500.SH,2018-10-08,0.9360201511335013,0.926448362720403,0.929471032745592,0.9193954659949622,0.927455919395466,-0.017,-0.915,260741.66,47987.95660500001
513500.SH,2018-10-09,0.927455919395466,0.927455919395466,0.9314861460957179,0.927455919395466,0.9309823677581864,0.007,0.3802,184475.975,34078.708275000005
513500.SH,2018-10-10,0.9309823677581864,0.9309823677581864,0.9335012594458438,0.9304785894206549,0.9335012594458438,0.005,0.2706,130551.46500000001,24158.202315000002
513500.SH,2018-10-11,0.9335012594458438,0.8967254408060453,0.9032745591939546,0.8806045340050378,0.88816120906801,-0.09,-4.857,771011.7150000001,135959.94686000003
513500.SH,2018-10-12,0.88816120906801,0.8755667506297229,0.8957178841309824,0.8755667506297229,0.8942065491183879,0.012,0.6807,330379.43,58164.487865
513500.SH,2018-10-15,0.8942065491183879,0.8942065491183879,0.8942065491183879,0.8851385390428211,0.886146095717884,-0.016,-0.9014,191893.92,33885.867510000004
513500.SH,2018-10-16,0.886146095717884,0.886146095717884,0.8916876574307305,0.8841309823677581,0.8896725440806046,0.007,0.398,354030.705,62458.769375
513500.SH,2018-10-17,0.8896725440806046,0.9068010075566751,0.9088161209068011,0.9052896725440805,0.9078085642317381,0.036,2.0385,172972.9,31138.272195
513500.SH,2018-10-18,0.9078085642317381,0.9068010075566751,0.9068010075566751,0.9017632241813602,0.9032745591939546,-0.009,-0.4994,212589.53,38129.52358
513500.SH,2018-10-19,0.9032745591939546,0.8921914357682619,0.8977329974811084,0.8921914357682619,0.8977329974811084,-0.011,-0.6135,203468.45500000002,36179.03876
513500.SH,2018-10-22,0.8977329974811084,0.8952141057934508,0.8977329974811084,0.891183879093199,0.8972292191435768,-0.001,-0.0561,191010.595,33940.17909500001
513500.SH,2018-10-23,0.8972292191435768,0.8916876574307305,0.8916876574307305,0.8836272040302268,0.8841309823677581,-0.026,-1.4599,164145.605,28917.493895
513500.SH,2018-10-24,0.8841309823677581,0.8831234256926952,0.88816120906801,0.8811083123425694,0.8841309823677581,0.0,0.0,259201.30000000002,45520.077565
513500.SH,2018-10-25,0.8841309823677581,0.856926952141058,0.8664987405541562,0.8539042821158691,0.8629722921914358,-0.042,-2.3932,367866.155,62846.83886
513500.SH,2018-10-26,0.8629722921914358,0.8664987405541562,0.8675062972292191,0.8614609571788413,0.8654911838790932,0.005,0.2919,415432.71,71280.430945
513500.SH,2018-10-29,0.8654911838790932,0.8624685138539043,0.8629722921914358,0.8589420654911839,0.8604534005037783,-0.01,-0.5821,241344.24000000002,41256.615164999996
513500.SH,2018-10-30,0.8604534005037783,0.8599496221662469,0.8680100755667507,0.8584382871536523,0.8609571788413098,0.001,0.0585,610756.7100000001,104557.47712000001
513500.SH,2018-10-31,0.8609571788413098,0.8695214105793451,0.87455919395466,0.8664987405541562,0.8740554156171285,0.026,1.5214,234327.3444,40587.2156
513500.SH,2018-11-01,0.8740554156171285,0.8836272040302268,0.8856423173803527,0.8785894206549119,0.8790931989924434,0.01,0.5764,165392.185,28997.951900000004
513500.SH,2018-11-02,0.8790931989924434,0.8821158690176322,0.8886649874055416,0.8801007556675063,0.88816120906801,0.018,1.0315,386050.74,67712.897635
513500.SH,2018-11-05,0.88816120906801,0.8841309823677581,0.8841309823677581,0.8770780856423175,0.8785894206549119,-0.019,-1.0777,130892.90484999999,22820.32224
513500.SH,2018-11-06,0.8785894206549119,0.8801007556675063,0.8962216624685139,0.8801007556675063,0.88816120906801,0.019,1.0894,601274.70245,105964.75279500001
513500.SH,2018-11-07,0.88816120906801,0.8906801007556675,0.8957178841309824,0.8906801007556675,0.8926952141057934,0.009,0.5105,374944.66500000004,66532.20375500001
513500.SH,2018-11-08,0.8926952141057934,0.9088161209068011,0.9173803526448363,0.9078085642317381,0.9103274559193955,0.035,1.9752,204697.17,36997.761935
513500.SH,2018-11-09,0.9103274559193955,0.909823677581864,0.909823677581864,0.9007556675062972,0.9062972292191436,-0.008,-0.4427,339665.26,61123.108530000005
513500.SH,2018-11-12,0.9062972292191436,0.8992443324937027,0.9057934508816121,0.8992443324937027,0.9052896725440805,-0.002,-0.1112,110564.5,19807.25501
513500.SH,2018-11-13,0.9052896725440805,0.889168765743073,0.889168765743073,0.8826196473551637,0.886146095717884,-0.038,-2.1146,314737.63,55323.053660000005
513500.SH,2018-11-14,0.886146095717884,0.886146095717884,0.8876574307304786,0.8856423173803527,0.8866498740554156,0.001,0.0569,138985.73,24466.931350000003
513500.SH,2018-11-15,0.8866498740554156,0.8826196473551637,0.8826196473551637,0.8770780856423175,0.8790931989924434,-0.015,-0.8523,309421.8,53991.86700500001
513500.SH,2018-11-16,0.8790931989924434,0.8841309823677581,0.8876574307304786,0.8795969773299748,0.8811083123425694,0.004,0.2292,1372456.79,240852.24584000002
513500.SH,2018-11-19,0.8811083123425694,0.8841309823677581,0.886146095717884,0.8836272040302268,0.8836272040302268,0.005,0.2859,462353.7033,81215.33808
513500.SH,2018-11-20,0.8836272040302268,0.8680100755667507,0.8740554156171285,0.8680100755667507,0.8710327455919397,-0.025,-1.4253,488123.41000000003,84367.02778500001
513500.SH,2018-11-21,0.8710327455919397,0.8564231738035264,0.8614609571788413,0.8493702770780857,0.8584382871536523,-0.025,-1.4459,616803.02,104748.56314500001
513500.SH,2018-11-22,0.8584382871536523,0.8584382871536523,0.8584382871536523,0.856926952141058,0.857934508816121,-0.001,-0.0587,43750.6307,7448.091195
513500.SH,2018-11-23,0.857934508816121,0.8574307304785894,0.8589420654911839,0.8554156171284635,0.855919395465995,-0.004,-0.2349,188035.77475,32001.592365000004
513500.SH,2018-11-26,0.855919395465995,0.8554156171284635,0.8584382871536523,0.8528967254408061,0.857934508816121,0.004,0.2354,706961.7200000001,120218.01750500001
513500.SH,2018-11-27,0.857934508816121,0.8644836272040303,0.8644836272040303,0.8609571788413098,0.8639798488664988,0.012,0.7046,273594.53500000003,46839.256955
513500.SH,2018-11-28,0.8639798488664988,0.873551637279597,0.8750629722921915,0.8654911838790932,0.8710327455919397,0.014,0.8163,727891.56,125810.79669
513500.SH,2018-11-29,0.8710327455919397,0.88816120906801,0.891183879093199,0.8821158690176322,0.8831234256926952,0.024,1.3881,470084.12700000004,82774.88906000002
513500.SH,2018-11-30,0.8831234256926952,0.8831234256926952,0.8876574307304786,0.8831234256926952,0.8876574307304786,0.009,0.5134,231200.89,40676.550525
513500.SH,2018-12-03,0.8876574307304786,0.9042821158690176,0.9083123425692695,0.8977329974811084,0.9068010075566751,0.038,2.1566,577108.975,103803.72696500001
513500.SH,2018-12-04,0.9068010075566751,0.9047858942065492,0.9047858942065492,0.891183879093199,0.891183879093199,-0.031,-1.7222,370244.185,65861.69656000001
513500.SH,2018-12-05,0.891183879093199,0.871536523929471,0.8765743073047859,0.8710327455919397,0.873551637279597,-0.035,-1.9785,202779.66,35209.479405000005
513500.SH,2018-12-06,0.873551637279597,0.8664987405541562,0.8664987405541562,0.8604534005037783,0.8609571788413098,-0.025,-1.4418,657872.67,112707.37499000001
513500.SH,2018-12-07,0.8609571788413098,0.8664987405541562,0.8705289672544081,0.8664987405541562,0.8670025188916877,0.012,0.7022,222669.36000000002,38392.635330000005
513500.SH,2018-12-10,0.8670025188916877,0.855919395465995,0.855919395465995,0.8418136020151133,0.8428211586901764,-0.048,-2.7891,688852.5650000001,115716.085145
513500.SH,2018-12-11,0.8428211586901764,0.8458438287153652,0.8518891687657432,0.8458438287153652,0.8503778337531486,0.015,0.8966,2817129.865,474720.009145
513500.SH,2018-12-12,0.8503778337531486,0.8513853904282116,0.8634760705289672,0.8493702770780857,0.8544080604534005,0.008,0.4739,2865049.75,486066.41802
513500.SH,2018-12-13,0.8544080604534005,0.8594458438287154,0.8619647355163729,0.8539042821158691,0.8564231738035264,0.004,0.2358,2383240.625,405200.025075
513500.SH,2018-12-14,0.8564231738035264,0.8539042821158691,0.8564231738035264,0.8473551637279597,0.8478589420654912,-0.017,-1.0,687526.5850000001,116379.233945
513500.SH,2018-12-17,0.8478589420654912,0.8392947103274558,0.8418136020151133,0.8392947103274558,0.8408060453400504,-0.014,-0.8318,170076.785,28377.752545
513500.SH,2018-12-18,0.8408060453400504,0.8241813602015113,0.8251889168765743,0.819647355163728,0.8226700251889169,-0.036,-2.157,804314.1195500001,131241.484745
513500.SH,2018-12-19,0.8226700251889169,0.8231738035264483,0.8231738035264483,0.818639798488665,0.8206549118387909,-0.004,-0.2449,1007730.905,164204.470175
513500.SH,2018-12-20,0.8206549118387909,0.8130982367758187,0.8130982367758187,0.7989924433249371,0.8025188916876574,-0.036,-2.2099,1496513.335,238888.89425
513500.SH,2018-12-21,0.8025188916876574,0.7974811083123425,0.8010075566750631,0.7939546599496222,0.8,-0.005,-0.3139,482527.695,76334.189335
513500.SH,2018-12-24,0.8,0.7853904282115869,0.7858942065491185,0.780352644836272,0.783375314861461,-0.033,-2.0781,1476746.705,229414.33839000002
513500.SH,2018-12-25,0.783375314861461,0.7596977329974811,0.7596977329974811,0.7536523929471033,0.7551637279596978,-0.056,-3.6013,365430.56,54808.7084
513500.SH,2018-12-26,0.7551637279596978,0.7571788413098236,0.7591939546599495,0.74911838790932,0.7536523929471033,-0.003,-0.2001,1379938.2550000001,206010.06885
513500.SH,2018-12-27,0.7536523929471033,0.7858942065491185,0.7959697732997482,0.7858942065491185,0.7894206549118388,0.071,4.746,3025560.8200000003,475649.473485
513500.SH,2018-12-28,0.7894206549118388,0.7949622166246851,0.8,0.7934508816120907,0.7939546599496222,0.009,0.5743,576753.66,91181.445445
513500.SH,2019-01-02,0.7939546599496222,0.8025188916876574,0.805037783375315,0.7919395465994963,0.7924433249370277,-0.003,-0.1904,673216.7200000001,106508.94253
513500.SH,2019-01-03,0.7924433249370277,0.7929471032745592,0.7959697732997482,0.7909319899244333,0.7919395465994963,-0.001,-0.0636,446841.36500000005,70382.889375
513500.SH,2019-01-04,0.7919395465994963,0.7838790931989925,0.7909319899244333,0.7596977329974811,0.7909319899244333,-0.002,-0.1272,1317228.135,205456.17445
513500.SH,2019-01-07,0.7909319899244333,0.8095717884130983,0.8146095717884131,0.8070528967254409,0.8095717884130983,0.037,2.3567,1298733.8900000001,208569.72238
513500.SH,2019-01-08,0.8095717884130983,0.8151133501259447,0.8206549118387909,0.8141057934508816,0.818639798488665,0.018,1.1201,718730.785,116736.18657
513500.SH,2019-01-09,0.818639798488665,0.8226700251889169,0.8282115869017632,0.8226700251889169,0.8256926952141058,0.014,0.8615,1868599.0045,306491.89633
513500.SH,2019-01-10,0.8256926952141058,0.8241813602015113,0.8246851385390428,0.8161209068010076,0.816624685138539,-0.018,-1.0982,3461583.935,563343.13101
513500.SH,2019-01-11,0.816624685138539,0.8261964735516373,0.8261964735516373,0.8226700251889169,0.8236775818639799,0.014,0.8637,456651.23500000004,74695.786215
513500.SH,2019-01-14,0.8236775818639799,0.8226700251889169,0.8226700251889169,0.8156171284634761,0.816624685138539,-0.014,-0.8563,948855.805,153878.88328
513500.SH,2019-01-15,0.816624685138539,0.819647355163728,0.8241813602015113,0.8176322418136021,0.8216624685138539,0.01,0.6169,1262217.83,205721.471685
513500.SH,2019-01-16,0.8216624685138539,0.8236775818639799,0.8261964735516373,0.8236775818639799,0.8261964735516373,0.009,0.5518,700125.38,114687.73604500001
513500.SH,2019-01-17,0.8261964735516373,0.8261964735516373,0.8261964735516373,0.8221662468513854,0.8221662468513854,-0.008,-0.4878,2460254.6550000003,402624.14417
513500.SH,2019-01-18,0.8221662468513854,0.8337531486146096,0.8382871536523929,0.8337531486146096,0.8377833753148615,0.031,1.8995,258369.58500000002,42892.640255000006
513500.SH,2019-01-21,0.8377833753148615,0.8433249370277078,0.8473551637279597,0.8433249370277078,0.8453400503778338,0.015,0.902,1023769.7050000001,171843.83001499998
513500.SH,2019-01-22,0.8453400503778338,0.8458438287153652,0.8458438287153652,0.8418136020151133,0.8423173803526448,-0.006,-0.3576,1486175.455,248813.93593500002
513500.SH,2019-01-23,0.8423173803526448,0.836272040302267,0.8382871536523929,0.834256926952141,0.8357682619647355,-0.013,-0.7775,1280801.4000000001,212508.81593
513500.SH,2019-01-24,0.8357682619647355,0.836272040302267,0.8377833753148615,0.835264483627204,0.836272040302267,0.001,0.0603,1945018.1300000001,322966.334355
513500.SH,2019-01-25,0.836272040302267,0.8377833753148615,0.8403022670025189,0.8357682619647355,0.8387909319899245,0.005,0.3012,1664958.4500000002,276842.96963500004
513500.SH,2019-01-28,0.8387909319899245,0.8397984886649874,0.8408060453400504,0.834256926952141,0.8357682619647355,-0.006,-0.3604,576215.725,95656.16544000001
513500.SH,2019-01-29,0.8357682619647355,0.8317380352644836,0.833249370277078,0.8292191435768261,0.8312342569269521,-0.009,-0.5425,416423.22500000003,68683.33833
513500.SH,2019-01-30,0.8312342569269521,0.8312342569269521,0.833249370277078,0.8307304785894207,0.8307304785894207,-0.001,-0.0606,705887.8350000001,116619.97276
513500.SH,2019-01-31,0.8307304785894207,0.8397984886649874,0.8448362720403023,0.8397984886649874,0.8408060453400504,0.02,1.2129,569429.01,95157.118575
513500.SH,2019-02-01,0.8408060453400504,0.8448362720403023,0.8523929471032745,0.8443324937027707,0.8518891687657432,0.022,1.3182,786357.75,132697.192435
513500.SH,2019-02-11,0.8518891687657432,0.8513853904282116,0.856926952141058,0.8503778337531486,0.8554156171284635,0.007,0.414,495432.18000000005,84001.29153500001
513500.SH,2019-02-12,0.8554156171284635,0.8584382871536523,0.8634760705289672,0.8584382871536523,0.8609571788413098,0.011,0.6478,3059984.69,523255.041675
513500.SH,2019-02-13,0.8609571788413098,0.8675062972292191,0.8710327455919397,0.8670025188916877,0.8700251889168766,0.018,1.0532,869578.875,150145.294795
513500.SH,2019-02-14,0.8700251889168766,0.8705289672544081,0.8740554156171285,0.8705289672544081,0.8720403022670026,0.004,0.2316,720658.2200000001,124808.90962500001
513500.SH,2019-02-15,0.8720403022670026,0.8675062972292191,0.8690176322418136,0.8654911838790932,0.8664987405541562,-0.011,-0.6355,270388.76,46514.06036
513500.SH,2019-02-18,0.8664987405541562,0.87455919395466,0.8811083123425694,0.87455919395466,0.8806045340050378,0.028,1.6279,480810.67000000004,83951.14448
513500.SH,2019-02-19,0.8806045340050378,0.8821158690176322,0.8821158690176322,0.8785894206549119,0.8806045340050378,0.0,0.0,894394.0349000001,156391.60148500002
513500.SH,2019-02-20,0.8806045340050378,0.8811083123425694,0.8811083123425694,0.8740554156171285,0.8750629722921915,-0.011,-0.6293,737455.29,128300.09388
513500.SH,2019-02-21,0.8750629722921915,0.8760705289672545,0.8790931989924434,0.8755667506297229,0.8785894206549119,0.007,0.403,847281.37,147619.497425
513500.SH,2019-02-22,0.8785894206549119,0.8770780856423175,0.8770780856423175,0.873551637279597,0.8760705289672545,-0.005,-0.2867,782280.56,135848.91787
513500.SH,2019-02-25,0.8760705289672545,0.8801007556675063,0.8801007556675063,0.8755667506297229,0.8765743073047859,0.001,0.0575,694740.0750000001,120966.775385
513500.SH,2019-02-26,0.8765743073047859,0.8740554156171285,0.87455919395466,0.8710327455919397,0.8730478589420656,-0.007,-0.4023,1494681.1800000002,258881.40931000002
513500.SH,2019-02-27,0.8730478589420656,0.8730478589420656,0.8755667506297229,0.8710327455919397,0.872544080604534,-0.001,-0.0577,3129590.7,542493.971335
513500.SH,2019-02-28,0.872544080604534,0.872544080604534,0.8740554156171285,0.8700251889168766,0.8705289672544081,-0.004,-0.2309,931195.26,161163.56332000002
513500.SH,2019-03-01,0.8705289672544081,0.872544080604534,0.8785894206549119,0.8720403022670026,0.8780856423173804,0.015,0.8681,1411158.8709500001,245102.17054000002
513500.SH,2019-03-04,0.8780856423173804,0.8816120906801008,0.8841309823677581,0.8806045340050378,0.8816120906801008,0.007,0.4016,2132630.4050000003,373333.83353
513500.SH,2019-03-05,0.8816120906801008,0.8760705289672545,0.8770780856423175,0.873551637279597,0.8750629722921915,-0.013,-0.7429,2063347.9500000002,358075.08692000003
513500.SH,2019-03-06,0.8750629722921915,0.873551637279597,0.8750629722921915,0.871536523929471,0.8740554156171285,-0.002,-0.1151,2409319.555,417875.97901
513500.SH,2019-03-07,0.8740554156171285,0.8705289672544081,0.8705289672544081,0.8670025188916877,0.8670025188916877,-0.014,-0.8069,3671503.73925,632919.45335
513500.SH,2019-03-08,0.8670025188916877,0.8639798488664988,0.8670025188916877,0.8604534005037783,0.8609571788413098,-0.012,-0.6973,1441655.875,247158.997765
513500.SH,2019-03-11,0.8609571788413098,0.8609571788413098,0.8644836272040303,0.8604534005037783,0.8644836272040303,0.007,0.4096,1745493.87,299152.436245
513500.SH,2019-03-12,0.8644836272040303,0.8740554156171285,0.8785894206549119,0.8740554156171285,0.8760705289672545,0.023,1.3403,3217172.87,560094.084995
513500.SH,2019-03-13,0.8760705289672545,0.8770780856423175,0.8780856423173804,0.873551637279597,0.8750629722921915,-0.002,-0.115,3054601.37,530562.17405
513500.SH,2019-03-14,0.8750629722921915,0.8811083123425694,0.8856423173803527,0.8790931989924434,0.8831234256926952,0.016,0.9211,1719091.385,301318.039485
513500.SH,2019-03-15,0.8831234256926952,0.8831234256926952,0.886146095717884,0.8831234256926952,0.8841309823677581,0.002,0.1141,1223222.5050000001,214746.12928000002
513500.SH,2019-03-18,0.8841309823677581,0.8856423173803527,0.88816120906801,0.8846347607052897,0.8871536523929471,0.006,0.3419,1177799.75,207151.71579500003
513500.SH,2019-03-19,0.8871536523929471,0.8896725440806046,0.891183879093199,0.8896725440806046,0.891183879093199,0.008,0.4543,851245.415,150479.834785
513500.SH,2019-03-20,0.891183879093199,0.8896725440806046,0.8896725440806046,0.8871536523929471,0.889168765743073,-0.004,-0.2261,1434083.1,252865.74374
513500.SH,2019-03-21,0.889168765743073,0.8866498740554156,0.8866498740554156,0.8801007556675063,0.8811083123425694,-0.016,-0.9065,2322634.605,407400.45117
513500.SH,2019-03-22,0.8811083123425694,0.8947103274559194,0.8977329974811084,0.8942065491183879,0.8967254408060453,0.031,1.7724,3771611.16,671149.1797300001
513500.SH,2019-03-25,0.8967254408060453,0.8775818639798488,0.8811083123425694,0.8760705289672545,0.8765743073047859,-0.04,-2.2472,2160793.585,376673.29034000007
513500.SH,2019-03-26,0.8765743073047859,0.8795969773299748,0.8846347607052897,0.8795969773299748,0.8816120906801008,0.01,0.5747,3677311.75,644231.6170050001
513500.SH,2019-03-27,0.8816120906801008,0.8846347607052897,0.889168765743073,0.8846347607052897,0.88816120906801,0.013,0.7429,980897.675,172831.35560500002
513500.SH,2019-03-28,0.88816120906801,0.8801007556675063,0.8851385390428211,0.8795969773299748,0.8816120906801008,-0.013,-0.7374,2596818.685,454715.93146
513500.SH,2019-03-29,0.8816120906801008,0.8856423173803527,0.88816120906801,0.8856423173803527,0.8876574307304786,0.012,0.6857,2258328.545,397920.34723500005
513500.SH,2019-04-01,0.8876574307304786,0.8916876574307305,0.8977329974811084,0.8916876574307305,0.8952141057934508,0.015,0.8513,2059804.725,366097.34135
513500.SH,2019-04-02,0.8952141057934508,0.9017632241813602,0.9057934508816121,0.9002518891687658,0.9007556675062972,0.011,0.619,9432309.105,1691691.23106
513500.SH,2019-04-03,0.9007556675062972,0.9027707808564233,0.9068010075566751,0.9017632241813602,0.9057934508816121,0.01,0.5593,2736903.7278500004,491858.32049500005
513500.SH,2019-04-04,0.9057934508816121,0.9057934508816121,0.910831234256927,0.9042821158690176,0.9052896725440805,-0.001,-0.0556,5615906.42,1013129.424145
513500.SH,2019-04-08,0.9052896725440805,0.9123425692695214,0.9204030226700252,0.9118387909319899,0.9163727959697733,0.022,1.2243,3092774.9050000003,562535.49803
513500.SH,2019-04-09,0.9163727959697733,0.9204030226700252,0.9204030226700252,0.910831234256927,0.9123425692695214,-0.008,-0.4398,6340205.42775,1153438.879185
513500.SH,2019-04-10,0.9123425692695214,0.9093198992443324,0.9093198992443324,0.9057934508816121,0.9057934508816121,-0.013,-0.7178,1272424.7,229056.98082500004
513500.SH,2019-04-11,0.9057934508816121,0.9088161209068011,0.9123425692695214,0.9088161209068011,0.909823677581864,0.008,0.4449,3587198.2484500003,648166.93707
513500.SH,2019-04-12,0.909823677581864,0.9103274559193955,0.9153652392947104,0.909823677581864,0.9113350125944584,0.003,0.1661,3387149.94845,612828.1766
513500.SH,2019-04-15,0.9113350125944584,0.9158690176322418,0.9173803526448363,0.9133501259445844,0.9143576826196473,0.006,0.3317,1403958.5415,255163.80404500003
513500.SH,2019-04-16,0.9143576826196473,0.9153652392947104,0.9198992443324937,0.9153652392947104,0.9193954659949622,0.01,0.551,2020424.31,368082.69666500005
513500.SH,2019-04-17,0.9193954659949622,0.9178841309823678,0.9209068010075567,0.9158690176322418,0.9168765743073048,-0.005,-0.274,4403418.795,802750.604525
513500.SH,2019-04-18,0.9168765743073048,0.9123425692695214,0.9198992443324937,0.909823677581864,0.909823677581864,-0.014,-0.7692,2218519.37,402914.77596000006
513500.SH,2019-04-19,0.909823677581864,0.9158690176322418,0.9224181360201511,0.9143576826196473,0.9148614609571789,0.01,0.5537,4488271.59,818033.9115400001
513500.SH,2019-04-22,0.9148614609571789,0.9173803526448363,0.9173803526448363,0.912846347607053,0.9148614609571789,0.0,0.0,4074994.5900000003,739892.5345350001
513500.SH,2019-04-23,0.9148614609571789,0.9158690176322418,0.9183879093198992,0.9153652392947104,0.9173803526448363,0.005,0.2753,2190473.305,398811.92189500004
513500.SH,2019-04-24,0.9173803526448363,0.926448362720403,0.927455919395466,0.924433249370277,0.9259445843828716,0.017,0.9336,2303912.085,423615.42389000003
513500.SH,2019-04-25,0.9259445843828716,0.9254408060453401,0.927455919395466,0.9249370277078086,0.9254408060453401,-0.001,-0.0544,1817606.935,334136.23504500004
513500.SH,2019-04-26,0.9254408060453401,0.9254408060453401,0.926448362720403,0.924433249370277,0.926448362720403,0.002,0.1089,3744684.6350000002,688327.89774
513500.SH,2019-04-29,0.926448362720403,0.9304785894206549,0.9335012594458438,0.9304785894206549,0.9335012594458438,0.014,0.7613,1254553.5068,232219.983045
513500.SH,2019-04-30,0.9335012594458438,0.9340050377833754,0.9360201511335013,0.9324937027707808,0.9360201511335013,0.005,0.2698,533416.92165,98857.142695
513500.SH,2019-05-06,0.9360201511335013,0.9254408060453401,0.9284634760705289,0.9209068010075567,0.9214105793450882,-0.029,-1.5608,2063425.365,378864.184465
513500.SH,2019-05-07,0.9214105793450882,0.927455919395466,0.9324937027707808,0.927455919395466,0.9314861460957179,0.02,1.0935,1209853.31165,223113.593075
513500.SH,2019-05-08,0.9314861460957179,0.9143576826196473,0.9188916876574308,0.9143576826196473,0.9148614609571789,-0.033,-1.7847,1832536.12,333604.03868000006
513500.SH,2019-05-09,0.9148614609571789,0.9148614609571789,0.9198992443324937,0.9143576826196473,0.9148614609571789,0.0,0.0,2764734.7975000003,503037.02466
513500.SH,2019-05-10,0.9148614609571789,0.9163727959697733,0.9204030226700252,0.9143576826196473,0.9153652392947104,0.001,0.0551,3496047.04845,636957.3244700001
513500.SH,2019-05-13,0.9153652392947104,0.9158690176322418,0.9198992443324937,0.9158690176322418,0.9198992443324937,0.009,0.4953,2314054.74025,422077.52132
513500.SH,2019-05-14,0.9198992443324937,0.9047858942065492,0.909823677581864,0.9017632241813602,0.9088161209068011,-0.022,-1.2048,1565771.97,282345.52858499996
513500.SH,2019-05-15,0.9088161209068011,0.9153652392947104,0.9168765743073048,0.9138539042821159,0.9163727959697733,0.015,0.8315,3997363.225,726746.149495
513500.SH,2019-05-16,0.9163727959697733,0.9198992443324937,0.9198992443324937,0.9153652392947104,0.9163727959697733,0.0,0.0,1991318.2550000001,362379.88496
513500.SH,2019-05-17,0.9163727959697733,0.9269521410579346,0.9304785894206549,0.926448362720403,0.9279596977329976,0.023,1.2644,499846.82,92141.79837
513500.SH,2019-05-20,0.9279596977329976,0.9289672544080605,0.929471032745592,0.9269521410579346,0.927455919395466,-0.001,-0.0543,1215737.07,223986.27649
513500.SH,2019-05-21,0.927455919395466,0.9259445843828716,0.9259445843828716,0.9219143576826196,0.9234256926952141,-0.008,-0.4345,1423167.585,260624.02493000004
513500.SH,2019-05-22,0.9234256926952141,0.9279596977329976,0.9279596977329976,0.924433249370277,0.9254408060453401,0.004,0.2182,1241018.03,228254.66963000002
513500.SH,2019-05-23,0.9254408060453401,0.9229219143576827,0.9229219143576827,0.9183879093198992,0.9188916876574308,-0.013,-0.7077,856013.385,156415.07014000003
513500.SH,2019-05-24,0.9188916876574308,0.9173803526448363,0.9173803526448363,0.9133501259445844,0.9138539042821159,-0.01,-0.5482,827881.9650000001,150339.046675
513500.SH,2019-05-27,0.9138539042821159,0.9133501259445844,0.9148614609571789,0.9113350125944584,0.9143576826196473,0.001,0.0551,1141658.855,206958.14455
513500.SH,2019-05-28,0.9143576826196473,0.9148614609571789,0.9188916876574308,0.9148614609571789,0.9173803526448363,0.006,0.3306,1926587.4645500001,350877.04419
513500.SH,2019-05-29,0.9173803526448363,0.9083123425692695,0.9083123425692695,0.9027707808564233,0.9027707808564233,-0.029,-1.5925,2680139.9334,481897.54484
513500.SH,2019-05-30,0.9027707808564233,0.8982367758186398,0.9073047858942065,0.8982367758186398,0.9012594458438287,-0.003,-0.1674,4372351.5600000005,782196.330495
513500.SH,2019-05-31,0.9012594458438287,0.8972292191435768,0.8987405541561713,0.8937027707808565,0.8937027707808565,-0.015,-0.8385,4657369.7700000005,828742.37913
513500.SH,2019-06-03,0.8937027707808565,0.8856423173803527,0.8886649874055416,0.8841309823677581,0.8851385390428211,-0.017,-0.9583,3176087.3400000003,558290.4484900001
513500.SH,2019-06-04,0.8851385390428211,0.886146095717884,0.8901763224181359,0.886146095717884,0.88816120906801,0.006,0.3415,1321059.185,232927.611725
513500.SH,2019-06-05,0.88816120906801,0.9068010075566751,0.9103274559193955,0.9062972292191436,0.9083123425692695,0.04,2.2689,1386067.935,250066.49078500003
513500.SH,2019-06-06,0.9083123425692695,0.912846347607053,0.9163727959697733,0.9123425692695214,0.9138539042821159,0.011,0.6101,1604864.56,291214.93139000004
513500.SH,2019-06-10,0.9138539042821159,0.9329974811083124,0.9360201511335013,0.9319899244332495,0.9355163727959698,0.043,2.3705,2621783.57345,486503.97752500005
513500.SH,2019-06-11,0.9355163727959698,0.9360201511335013,0.9370277078085643,0.9355163727959698,0.9360201511335013,0.001,0.0539,1310573.91875,243557.08227
513500.SH,2019-06-12,0.9360201511335013,0.9345088161209069,0.9345088161209069,0.9304785894206549,0.9304785894206549,-0.011,-0.592,1639975.24,303514.07873
513500.SH,2019-06-13,0.9304785894206549,0.9324937027707808,0.9335012594458438,0.9279596977329976,0.9304785894206549,0.0,0.0,2648510.0700000003,488676.61362
513500.SH,2019-06-14,0.9304785894206549,0.9345088161209069,0.9380352644836273,0.9340050377833754,0.9350125944584383,0.009,0.4873,1764039.725,328025.221985
513500.SH,2019-06-17,0.9350125944584383,0.9365239294710328,0.9385390428211587,0.9360201511335013,0.9365239294710328,0.003,0.1616,545265.605,101435.44927000001
513500.SH,2019-06-18,0.9365239294710328,0.9370277078085643,0.9375314861460957,0.9350125944584383,0.9350125944584383,-0.003,-0.1614,2072348.9722000002,385177.18715500005
513500.SH,2019-06-19,0.9350125944584383,0.947103274559194,0.947103274559194,0.9410579345088161,0.9430730478589421,0.016,0.8621,3204822.2,599822.097315
513500.SH,2019-06-20,0.9430730478589421,0.947103274559194,0.9481108312342569,0.9430730478589421,0.9481108312342569,0.01,0.5342,1253533.455,235788.405635
513500.SH,2019-06-21,0.9481108312342569,0.9496221662468514,0.9501259445843828,0.9445843828715366,0.9476070528967254,-0.001,-0.0531,815860.805,153311.84818
513500.SH,2019-06-24,0.9476070528967254,0.9486146095717884,0.9531486146095718,0.9486146095717884,0.9501259445843828,0.005,0.2658,1438874.8900000001,271343.439795
513500.SH,2019-06-25,0.9501259445843828,0.9486146095717884,0.9486146095717884,0.945088161209068,0.9460957178841309,-0.008,-0.4242,2293163.31,430701.014385
513500.SH,2019-06-26,0.9460957178841309,0.9340050377833754,0.9405541561712847,0.9340050377833754,0.9385390428211587,-0.015,-0.7987,1023112.67,190667.67434000003
513500.SH,2019-06-27,0.9385390428211587,0.9390428211586902,0.9425692695214106,0.9385390428211587,0.9420654911838792,0.007,0.3757,890005.10065,166087.08189
513500.SH,2019-06-28,0.9420654911838792,0.9425692695214106,0.9455919395465995,0.9395465994962217,0.9400503778337532,-0.004,-0.2139,3223144.04775,604008.62707
513500.SH,2019-07-01,0.9400503778337532,0.9526448362720403,0.9642317380352644,0.9521410579345088,0.96272040302267,0.045,2.4116,1670089.675,318408.01211500005
513500.SH,2019-07-02,0.96272040302267,0.9591939546599496,0.9596977329974812,0.9561712846347606,0.9586901763224182,-0.008,-0.4186,521225.27,99173.56162000001
513500.SH,2019-07-03,0.9586901763224182,0.965743073047859,0.965743073047859,0.9602015113350125,0.9617128463476071,0.006,0.3153,1745715.41585,333531.11375
513500.SH,2019-07-04,0.9617128463476071,0.9753148614609571,0.9753148614609571,0.9667506297229219,0.9697732997481109,0.016,0.8381,623183.58415,119976.48072
513500.SH,2019-07-05,0.9697732997481109,0.9692695214105793,0.9717884130982368,0.9667506297229219,0.9682619647355164,-0.003,-0.1558,943414.18555,181317.0063
513500.SH,2019-07-08,0.9682619647355164,0.9672544080604534,0.9672544080604534,0.9617128463476071,0.96272040302267,-0.011,-0.5723,2268015.345,433871.66084
513500.SH,2019-07-09,0.96272040302267,0.9617128463476071,0.9617128463476071,0.9571788413098237,0.9581863979848866,-0.009,-0.471,1805609.5950000002,343876.84244000004
513500.SH,2019-07-10,0.9581863979848866,0.96272040302267,0.9652392947103274,0.9607052896725441,0.9612090680100756,0.006,0.3155,1007012.3350000001,192532.020085
513500.SH,2019-07-11,0.9612090680100756,0.9667506297229219,0.9702770780856423,0.9667506297229219,0.9697732997481109,0.017,0.891,889516.2150000001,171110.52536
513500.SH,2019-07-12,0.9697732997481109,0.9722921914357683,0.9738035264483628,0.9712846347607053,0.9738035264483628,0.008,0.4156,1923324.0650000002,371473.15408
513500.SH,2019-07-15,0.9738035264483628,0.9763224181360202,0.9788413098236777,0.9732997481108312,0.9783375314861461,0.009,0.4656,895021.2155,173537.547145
513500.SH,2019-07-16,0.9783375314861461,0.9783375314861461,0.9788413098236777,0.9753148614609571,0.9758186397984887,-0.005,-0.2575,481610.625,93380.40462500001
513500.SH,2019-07-17,0.9758186397984887,0.9722921914357683,0.9753148614609571,0.9682619647355164,0.9697732997481109,-0.012,-0.6195,2335233.0228500003,450682.92756000004
513500.SH,2019-07-18,0.9697732997481109,0.9617128463476071,0.9642317380352644,0.9586901763224182,0.9607052896725441,-0.018,-0.9351,2274208.545,434482.697435
513500.SH,2019-07-19,0.9607052896725441,0.9672544080604534,0.9722921914357683,0.9672544080604534,0.9707808564231738,0.02,1.0488,1371323.355,264272.945225
513500.SH,2019-07-22,0.9707808564231738,0.9637279596977331,0.9667506297229219,0.9612090680100756,0.9662468513853905,-0.009,-0.467,1315253.06,251819.92267000003
513500.SH,2019-07-23,0.9662468513853905,0.9672544080604534,0.9717884130982368,0.9672544080604534,0.9702770780856423,0.008,0.4171,1872327.4300000002,360510.99952000007
513500.SH,2019-07-24,0.9702770780856423,0.9753148614609571,0.9773299748110831,0.9722921914357683,0.9748110831234257,0.009,0.4673,797247.4600000001,154359.187775
513500.SH,2019-07-25,0.9748110831234257,0.9798488664987406,0.980352644836272,0.9788413098236777,0.9798488664987406,0.01,0.5168,408818.69,79490.208325
513500.SH,2019-07-26,0.9798488664987406,0.9738035264483628,0.9773299748110831,0.9732997481108312,0.9768261964735517,-0.006,-0.3085,134956.18,26155.366395
513500.SH,2019-07-29,0.9768261964735517,0.9818639798488665,0.9838790931989925,0.9788413098236777,0.9818639798488665,0.01,0.5157,246276.96500000003,48031.997800000005
513500.SH,2019-07-30,0.9818639798488665,0.9818639798488665,0.9869017632241814,0.9808564231738036,0.9818639798488665,0.0,0.0,858585.5877,167737.38310000004
513500.SH,2019-07-31,0.9818639798488665,0.982367758186398,0.982367758186398,0.9798488664987406,0.9808564231738036,-0.002,-0.1026,1323951.33,257931.93617
513500.SH,2019-08-01,0.9808564231738036,0.9677581863979849,0.9738035264483628,0.9677581863979849,0.9702770780856423,-0.021,-1.0786,728380.1479000001,140515.20029
513500.SH,2019-08-02,0.9702770780856423,0.9622166246851385,0.9677581863979849,0.9612090680100756,0.9677581863979849,-0.005,-0.2596,343220.7523,65770.84509500001
513500.SH,2019-08-05,0.9677581863979849,0.9667506297229219,0.980352644836272,0.9596977329974812,0.9672544080604534,-0.001,-0.0521,634050.685,121667.476415
513500.SH,2019-08-06,0.9672544080604534,0.9460957178841309,0.9486146095717884,0.9304785894206549,0.947103274559194,-0.04,-2.0833,1365945.2754000002,255293.45035
513500.SH,2019-08-07,0.947103274559194,0.9511335012594458,0.9536523929471032,0.9501259445843828,0.9531486146095718,0.012,0.6383,422217.44,79731.47515
513500.SH,2019-08-08,0.9531486146095718,0.9546599496221663,0.9607052896725441,0.9546599496221663,0.9596977329974812,0.013,0.6871,647447.4500000001,123042.747935
513500.SH,2019-08-09,0.9596977329974812,0.9697732997481109,0.9753148614609571,0.9697732997481109,0.9717884130982368,0.024,1.2598,1759365.05,340208.27858499996
513500.SH,2019-08-12,0.9717884130982368,0.9738035264483628,0.9738035264483628,0.9717884130982368,0.9738035264483628,0.004,0.2074,867353.6900000001,167464.8426
513500.SH,2019-08-13,0.9738035264483628,0.9602015113350125,0.9622166246851385,0.9571788413098237,0.9586901763224182,-0.03,-1.552,628212.8,119688.13168
513500.SH,2019-08-14,0.9586901763224182,0.9738035264483628,0.9738035264483628,0.9652392947103274,0.9667506297229219,0.016,0.8408,1186251.7013500002,227608.68115500003
513500.SH,2019-08-15,0.9667506297229219,0.9455919395465995,0.9486146095717884,0.9420654911838792,0.947103274559194,-0.039,-2.0323,559607.23,104968.790955
513500.SH,2019-08-16,0.947103274559194,0.9476070528967254,0.9496221662468514,0.9465994962216625,0.9491183879093199,0.004,0.2128,531900.6,100077.040325
513500.SH,2019-08-19,0.9491183879093199,0.9576826196473552,0.9662468513853905,0.9576826196473552,0.9652392947103274,0.032,1.6985,224612.67500000002,42884.1385
513500.SH,2019-08-20,0.9652392947103274,0.9672544080604534,0.9717884130982368,0.9672544080604534,0.9697732997481109,0.009,0.4697,766210.0,147586.54841000002
513500.SH,2019-08-21,0.9697732997481109,0.9677581863979849,0.9677581863979849,0.96272040302267,0.9632241813602015,-0.013,-0.6753,816611.135,156234.992925
513500.SH,2019-08-22,0.9632241813602015,0.9712846347607053,0.9727959697732997,0.9702770780856423,0.9717884130982368,0.017,0.8891,250687.635,48347.3349
513500.SH,2019-08-23,0.9717884130982368,0.9717884130982368,0.9768261964735517,0.9717884130982368,0.9763224181360202,0.009,0.4666,339748.63,65754.59389999999
513500.SH,2019-08-26,0.9763224181360202,0.9561712846347606,0.9571788413098237,0.9506297229219144,0.9566750629722922,-0.039,-2.0124,668413.02,126442.34230500001
513500.SH,2019-08-27,0.9566750629722922,0.9622166246851385,0.9732997481108312,0.9622166246851385,0.9687657430730479,0.024,1.2638,1122271.36,216052.459765
513500.SH,2019-08-28,0.9687657430730479,0.9682619647355164,0.9682619647355164,0.9652392947103274,0.9662468513853905,-0.005,-0.26,1735934.7055000002,333118.65258500003
513500.SH,2019-08-29,0.9662468513853905,0.9692695214105793,0.9707808564231738,0.9672544080604534,0.9702770780856423,0.008,0.4171,1161651.7750000001,223455.62644000002
513500.SH,2019-08-30,0.9702770780856423,0.9808564231738036,0.9833753148614609,0.9778337531486146,0.9798488664987406,0.019,0.9865,2067019.66405,402616.31930000003
513500.SH,2019-09-02,0.9798488664987406,0.9798488664987406,0.9808564231738036,0.9768261964735517,0.9788413098236777,-0.002,-0.1028,1102967.77095,214344.34741500003
513500.SH,2019-09-03,0.9788413098236777,0.9798488664987406,0.9798488664987406,0.9763224181360202,0.9773299748110831,-0.003,-0.1544,745403.23,144780.486905
513500.SH,2019-09-04,0.9773299748110831,0.9763224181360202,0.9833753148614609,0.9748110831234257,0.9828715365239296,0.011,0.567,1545735.3800000001,300521.91355
513500.SH,2019-09-05,0.9828715365239296,0.9833753148614609,0.9914357682619648,0.9833753148614609,0.9874055415617129,0.009,0.4613,1587362.8150000002,311807.116935
513500.SH,2019-09-06,0.9874055415617129,0.9969773299748111,0.9974811083123426,0.9929471032745593,0.9934508816120907,0.012,0.6122,1186293.565,234480.080225
513500.SH,2019-09-09,0.9934508816120907,0.9939546599496222,0.9964735516372796,0.9929471032745593,0.9949622166246852,0.003,0.1521,1484418.73,293122.26628
513500.SH,2019-09-10,0.9949622166246852,0.9954659949622167,0.9954659949622167,0.9894206549118388,0.9894206549118388,-0.011,-0.557,1115002.6076000002,219558.60099500002
513500.SH,2019-09-11,0.9894206549118388,0.9904282115869018,0.9929471032745593,0.9894206549118388,0.9914357682619648,0.004,0.2037,553030.6074000001,108775.54058500001
513500.SH,2019-09-12,0.9914357682619648,0.9984886649874055,1.003022670025189,0.9979848866498742,0.9989924433249371,0.015,0.7622,1659174.1600000001,329589.596515
513500.SH,2019-09-16,0.9989924433249371,0.9939546599496222,0.9939546599496222,0.9889168765743074,0.9914357682619648,-0.015,-0.7564,212057.55000000002,41681.460745000004
513500.SH,2019-09-17,0.9914357682619648,0.9944584382871536,0.9954659949622167,0.9924433249370277,0.9949622166246852,0.007,0.3557,2194592.18,433094.948205
513500.SH,2019-09-18,0.9949622166246852,0.9969773299748111,1.0005037783375315,0.9959697732997481,0.9969773299748111,0.004,0.2025,1916338.85,379683.326475
513500.SH,2019-09-19,0.9969773299748111,0.9974811083123426,1.0,0.9974811083123426,0.9979848866498742,0.002,0.1011,486350.80500000005,96425.3053
513500.SH,2019-09-20,0.9979848866498742,0.9994962216624685,1.003022670025189,0.9979848866498742,0.9984886649874055,0.001,0.0505,718744.68,142707.650655
513500.SH,2019-09-23,0.9984886649874055,0.9979848866498742,1.0005037783375315,0.9974811083123426,0.9984886649874055,0.0,0.0,544277.0750000001,107897.73587
513500.SH,2019-09-24,0.9984886649874055,0.9994962216624685,1.002015113350126,0.9979848866498742,0.9979848866498742,-0.001,-0.0505,178070.38,35351.22627000001
513500.SH,2019-09-25,0.9979848866498742,0.9929471032745593,0.9929471032745593,0.9889168765743074,0.9904282115869018,-0.015,-0.7572,308252.635,60617.050645
513500.SH,2019-09-26,0.9904282115869018,0.9944584382871536,0.9969773299748111,0.9924433249370277,0.9944584382871536,0.008,0.4069,321812.17000000004,63486.185525
513500.SH,2019-09-27,0.9944584382871536,0.9934508816120907,0.9949622166246852,0.9914357682619648,0.9944584382871536,0.0,0.0,286993.28500000003,56552.06641
513500.SH,2019-09-30,0.9944584382871536,0.9919395465994962,0.9934508816120907,0.9869017632241814,0.9924433249370277,-0.004,-0.2026,257966.63,50762.160845000006
513500.SH,2019-10-08,0.9924433249370277,0.9894206549118388,0.9894206549118388,0.982367758186398,0.9828715365239296,-0.019,-0.9645,923193.7250000001,180330.22310000003
513500.SH,2019-10-09,0.9828715365239296,0.9682619647355164,0.9717884130982368,0.9682619647355164,0.9707808564231738,-0.024,-1.2301,645383.05,124355.20214500002
513500.SH,2019-10-10,0.9707808564231738,0.9712846347607053,0.9738035264483628,0.9707808564231738,0.9722921914357683,0.003,0.1557,1230328.8050000002,237502.13355
513500.SH,2019-10-11,0.9722921914357683,0.9783375314861461,0.982367758186398,0.9778337531486146,0.982367758186398,0.02,1.0363,426979.455,83036.39693
513500.SH,2019-10-14,0.982367758186398,0.9909319899244333,0.9919395465994962,0.9853904282115868,0.9869017632241814,0.009,0.4615,1420015.405,278373.476095
513500.SH,2019-10-15,0.9869017632241814,0.9884130982367758,0.9889168765743074,0.9853904282115868,0.9889168765743074,0.004,0.2042,573361.7317,112321.389755
513500.SH,2019-10-16,0.9889168765743074,0.9944584382871536,0.9959697732997481,0.9924433249370277,0.9944584382871536,0.011,0.5604,173731.17,34308.95835
513500.SH,2019-10-17,0.9944584382871536,0.9949622166246852,0.9954659949622167,0.9909319899244333,0.9909319899244333,-0.007,-0.3546,790155.55125,155755.45067
513500.SH,2019-10-18,0.9909319899244333,0.9944584382871536,0.9944584382871536,0.9904282115869018,0.9914357682619648,0.001,0.0508,356255.3739,70136.14792
513500.SH,2019-10-21,0.9914357682619648,0.9914357682619648,0.9914357682619648,0.9894206549118388,0.9909319899244333,-0.001,-0.0508,298180.745,58657.72066500001
513500.SH,2019-10-22,0.9909319899244333,0.9984886649874055,0.9989924433249371,0.9964735516372796,0.9974811083123426,0.013,0.6609,738650.26,146293.53330500002
513500.SH,2019-10-23,0.9974811083123426,0.9974811083123426,0.9974811083123426,0.9909319899244333,0.9914357682619648,-0.012,-0.6061,946184.9875,186358.73956000002
513500.SH,2019-10-24,0.9914357682619648,0.9964735516372796,0.9964735516372796,0.9924433249370277,0.9959697732997481,0.009,0.4573,229916.0392,45435.97907
513500.SH,2019-10-25,0.9959697732997481,0.9964735516372796,0.9974811083123426,0.9949622166246852,0.9969773299748111,0.002,0.1012,439689.41000000003,86941.412
513500.SH,2019-10-28,0.9969773299748111,0.9994962216624685,1.0035264483627204,0.9994962216624685,1.002015113350126,0.01,0.5053,173612.07,34531.99295000001
513500.SH,2019-10-29,1.002015113350126,1.0065491183879094,1.009068010075567,1.0055415617128463,1.0065491183879094,0.009,0.4525,210892.355,42165.570485
513500.SH,2019-10-30,1.0065491183879094,1.0065491183879094,1.0075566750629723,1.005037783375315,1.006045340050378,-0.001,-0.0501,644422.31,128780.82912000001
513500.SH,2019-10-31,1.006045340050378,1.0080604534005038,1.0085642317380352,1.0065491183879094,1.0070528967254408,0.002,0.1002,109155.15000000001,21824.8368
513500.SH,2019-11-01,1.0070528967254408,1.0045340050377833,1.0075566750629723,1.0040302267002519,1.0075566750629723,0.001,0.05,127564.04000000001,25471.589475
513500.SH,2019-11-04,1.0075566750629723,1.014609571788413,1.0151133501259446,1.012594458438287,1.0130982367758188,0.011,0.55,175299.32,35281.56865
513500.SH,2019-11-05,1.0130982367758188,1.0161209068010075,1.0161209068010075,1.0136020151133502,1.0151133501259446,0.004,0.1989,208456.76,41995.088760000006
513500.SH,2019-11-06,1.0151133501259446,1.0141057934508815,1.0141057934508815,1.0075566750629723,1.0085642317380352,-0.013,-0.6452,285149.22000000003,57132.264045
513500.SH,2019-11-07,1.0085642317380352,1.0120906801007556,1.012594458438287,1.009068010075567,1.010579345088161,0.004,0.1998,160255.005,32163.445295
513500.SH,2019-11-08,1.010579345088161,1.010579345088161,1.010579345088161,1.006045340050378,1.0095717884130984,-0.002,-0.0997,701711.395,140470.51397
513500.SH,2019-11-11,1.0095717884130984,1.0095717884130984,1.0130982367758188,1.0095717884130984,1.0120906801007556,0.005,0.2495,161195.89500000002,32390.225590000002
513500.SH,2019-11-12,1.0120906801007556,1.0120906801007556,1.0161209068010075,1.0110831234256927,1.0161209068010075,0.008,0.3982,444997.30000000005,89571.82681
513500.SH,2019-11-13,1.0161209068010075,1.0151133501259446,1.0186397984886648,1.0151133501259446,1.015617128463476,-0.001,-0.0496,172440.92,34816.231055000004
513500.SH,2019-11-14,1.015617128463476,1.0186397984886648,1.0201511335012594,1.0181360201511334,1.0191435768261965,0.007,0.3472,194722.545,39387.207669999996
513500.SH,2019-11-15,1.0191435768261965,1.0206549118387909,1.0272040302267003,1.0206549118387909,1.0226700251889167,0.007,0.346,360859.10500000004,73220.55406499999
513500.SH,2019-11-18,1.0226700251889167,1.0282115869017632,1.03727959697733,1.0277078085642317,1.0367758186397984,0.028,1.3793,326068.01,66773.52616
513500.SH,2019-11-19,1.0367758186397984,1.0367758186397984,1.0554156171284637,1.0367758186397984,1.048866498740554,0.024,1.1662,361109.85020000004,75145.591185
513500.SH,2019-11-20,1.048866498740554,1.0478589420654911,1.0493702770780857,1.0327455919395465,1.034256926952141,-0.029,-1.3929,232786.905,47970.13329
513500.SH,2019-11-21,1.034256926952141,1.0312342569269521,1.0312342569269521,1.0246851385390428,1.0251889168765744,-0.018,-0.8768,402157.03,81879.263015
513500.SH,2019-11-22,1.0251889168765744,1.0246851385390428,1.0292191435768263,1.0246851385390428,1.0261964735516373,0.002,0.0983,1226491.8,250034.90149500003
513500.SH,2019-11-25,1.0261964735516373,1.0302267002518892,1.0337531486146097,1.0282115869017632,1.0327455919395465,0.013,0.6382,219783.17,45003.37214
513500.SH,2019-11-26,1.0327455919395465,1.0403022670025188,1.0438287153652392,1.0387909319899244,1.0403022670025188,0.015,0.7317,503749.33,104055.96687
513500.SH,2019-11-27,1.0403022670025188,1.041309823677582,1.0438287153652392,1.041309823677582,1.0438287153652392,0.007,0.339,127036.03000000001,26297.21251
513500.SH,2019-11-28,1.0438287153652392,1.0468513853904282,1.0498740554156172,1.0458438287153653,1.048866498740554,0.01,0.4826,761983.935,158509.05061000003
513500.SH,2019-11-29,1.048866498740554,1.0483627204030226,1.0523929471032745,1.0478589420654911,1.0498740554156172,0.002,0.0961,152952.19,31884.020815
513500.SH,2019-12-02,1.0498740554156172,1.0498740554156172,1.0624685138539043,1.0468513853904282,1.0614609571788414,0.023,1.1036,317020.38,66464.48151000001
513500.SH,2019-12-03,1.0614609571788414,1.03727959697733,1.048866498740554,1.03727959697733,1.0443324937027707,-0.034,-1.6137,308131.55,63849.249965
513500.SH,2019-12-04,1.0443324937027707,1.034256926952141,1.035264483627204,1.0292191435768263,1.032241813602015,-0.024,-1.1577,539431.6900000001,110509.77752
513500.SH,2019-12-05,1.032241813602015,1.034256926952141,1.0357682619647355,1.0327455919395465,1.0332493702770782,0.002,0.0976,667398.685,136976.80281
513500.SH,2019-12-06,1.0332493702770782,1.035264483627204,1.0367758186397984,1.034256926952141,1.0367758186397984,0.007,0.3413,538867.9500000001,110766.968015
513500.SH,2019-12-09,1.0367758186397984,1.0428211586901763,1.04735516372796,1.0418136020151134,1.0463476070528968,0.019,0.9232,474484.47500000003,98271.94087500001
513500.SH,2019-12-10,1.0463476070528968,1.043324937027708,1.043324937027708,1.0403022670025188,1.0428211586901763,-0.007,-0.337,915031.405,189297.57970000003
513500.SH,2019-12-11,1.0428211586901763,1.041309823677582,1.0418136020151134,1.038287153652393,1.0418136020151134,-0.002,-0.0966,344994.98500000004,71211.96631
513500.SH,2019-12-12,1.0418136020151134,1.043324937027708,1.0483627204030226,1.043324937027708,1.0478589420654911,0.012,0.5803,558555.18,115979.35371
513500.SH,2019-12-13,1.0478589420654911,1.0523929471032745,1.0564231738035263,1.0503778337531486,1.05088161209068,0.006,0.2885,529132.1205,110559.60300500001
513500.SH,2019-12-16,1.05088161209068,1.0503778337531486,1.053904282115869,1.0483627204030226,1.052896725440806,0.004,0.1918,682711.31245,142472.459915
513500.SH,2019-12-17,1.052896725440806,1.0569269521410578,1.059949622166247,1.0554156171284637,1.0589420654911839,0.012,0.5742,987734.015,207436.37075
513500.SH,2019-12-18,1.0589420654911839,1.0574307304785895,1.0584382871536524,1.052896725440806,1.0534005037783376,-0.011,-0.5233,1097001.1190000002,229994.841715
513500.SH,2019-12-19,1.0534005037783376,1.0534005037783376,1.054911838790932,1.0493702770780857,1.0498740554156172,-0.007,-0.3348,683815.9848,142973.45208000002
513500.SH,2019-12-20,1.0498740554156172,1.054911838790932,1.0569269521410578,1.0544080604534005,1.0564231738035263,0.013,0.6238,215192.5796,45074.16915
513500.SH,2019-12-23,1.0564231738035263,1.0619647355163728,1.0659949622166247,1.0604534005037785,1.0649874055415616,0.017,0.8107,933751.56285,197062.548355
513500.SH,2019-12-24,1.0649874055415616,1.0649874055415616,1.0670025188916876,1.0639798488664989,1.0654911838790933,0.001,0.0473,736530.9747499999,155814.248355
513500.SH,2019-12-25,1.0654911838790933,1.0649874055415616,1.0654911838790933,1.0614609571788414,1.0614609571788414,-0.008,-0.3783,368014.3948,77725.11655
513500.SH,2019-12-26,1.0614609571788414,1.0624685138539043,1.0675062972292193,1.0624685138539043,1.0670025188916876,0.011,0.5221,701286.605,148119.28866500003
513500.SH,2019-12-27,1.0670025188916876,1.0730478589420656,1.0801007556675064,1.0710327455919395,1.0730478589420656,0.012,0.5666,455444.35500000004,97246.71021
513500.SH,2019-12-30,1.0730478589420656,1.0710327455919395,1.072544080604534,1.0644836272040303,1.070528967254408,-0.005,-0.2347,568772.6499000001,120667.49098
513500.SH,2019-12-31,1.070528967254408,1.0654911838790933,1.0654911838790933,1.0609571788413097,1.0634760705289674,-0.014,-0.6588,508359.11535000004,107136.148935
513500.SH,2020-01-02,1.0634760705289674,1.0644836272040303,1.072544080604534,1.0644836272040303,1.072544080604534,0.018,0.8527,648815.3134999999,137492.79562000002
513500.SH,2020-01-03,1.072544080604534,1.0750629722921914,1.087153652392947,1.072544080604534,1.0836272040302266,0.022,1.0333,747205.5703,159991.71063
513500.SH,2020-01-06,1.0836272040302266,1.0730478589420656,1.0730478589420656,1.0624685138539043,1.0624685138539043,-0.042,-1.9526,1431823.376,302810.163985
513500.SH,2020-01-07,1.0624685138539043,1.0675062972292193,1.0700251889168766,1.0659949622166247,1.0670025188916876,0.009,0.4267,1416032.64145,300026.920055
513500.SH,2020-01-08,1.0670025188916876,1.053904282115869,1.0589420654911839,1.043324937027708,1.053904282115869,-0.026,-1.2276,1321273.6444,276654.962345
513500.SH,2020-01-09,1.053904282115869,1.0654911838790933,1.0680100755667508,1.0644836272040303,1.0664987405541562,0.025,1.195,1840069.592,389573.77953500004
513500.SH,2020-01-10,1.0664987405541562,1.072544080604534,1.0795969773299747,1.070528967254408,1.0775818639798487,0.022,1.0392,481795.3094,102783.21663
513500.SH,2020-01-13,1.0775818639798487,1.070528967254408,1.076574307304786,1.0700251889168766,1.07455919395466,-0.006,-0.2805,1242040.68215,264657.31864
513500.SH,2020-01-14,1.07455919395466,1.0801007556675064,1.0851385390428212,1.0780856423173804,1.0821158690176322,0.015,0.7032,1040321.0121500001,223297.08647500002
513500.SH,2020-01-15,1.0821158690176322,1.0795969773299747,1.0795969773299747,1.0730478589420656,1.0785894206549118,-0.007,-0.3259,995525.14,212426.492025
513500.SH,2020-01-16,1.0785894206549118,1.0775818639798487,1.0775818639798487,1.0720403022670026,1.072544080604534,-0.012,-0.5605,1014708.18,216315.936755
513500.SH,2020-01-17,1.072544080604534,1.0795969773299747,1.0821158690176322,1.0755667506297228,1.0760705289672545,0.007,0.3288,1075226.86,230007.573505
513500.SH,2020-01-20,1.0760705289672545,1.0795969773299747,1.0801007556675064,1.0760705289672545,1.0770780856423174,0.002,0.0936,803075.42,171932.25184
513500.SH,2020-01-21,1.0770780856423174,1.0770780856423174,1.0780856423173804,1.0755667506297228,1.0770780856423174,0.0,0.0,1535377.6500000001,328321.79091
513500.SH,2020-01-22,1.0770780856423174,1.0770780856423174,1.0856423173803527,1.0770780856423174,1.0856423173803527,0.017,0.7951,929013.745,199771.51557000002
513500.SH,2020-01-23,1.0856423173803527,1.0801007556675064,1.0851385390428212,1.0775818639798487,1.0821158690176322,-0.007,-0.3248,1691628.5130000003,363454.494485
513500.SH,2020-02-03,1.0821158690176322,1.035264483627204,1.0695214105793451,1.035264483627204,1.0654911838790933,-0.033,-1.5363,516293.1405,109099.65337000001
513500.SH,2020-02-04,1.0654911838790933,1.0730478589420656,1.07455919395466,1.0659949622166247,1.072544080604534,0.014,0.6619,529478.9,112647.11237500001
513500.SH,2020-02-05,1.072544080604534,1.0795969773299747,1.0831234256926952,1.0780856423173804,1.0790931989924433,0.013,0.6106,909926.0644,195051.15381000002
513500.SH,2020-02-06,1.0790931989924433,1.0926952141057935,1.0987405541561712,1.092191435768262,1.09823677581864,0.038,1.774,1000981.905,217765.09196
513500.SH,2020-02-07,1.09823677581864,1.0977329974811083,1.1007556675062973,1.0957178841309823,1.1007556675062973,0.005,0.2294,1064069.175,231884.97658000002
513500.SH,2020-02-10,1.1007556675062973,1.0957178841309823,1.1027707808564233,1.094206549118388,1.1027707808564233,0.004,0.1831,594050.05675,129515.56297500001
513500.SH,2020-02-11,1.1027707808564233,1.1052896725440806,1.1198992443324935,1.1052896725440806,1.1178841309823677,0.03,1.3705,907911.4085,200945.92494
513500.SH,2020-02-12,1.1178841309823677,1.1214105793450881,1.1385390428211586,1.1193954659949623,1.1375314861460957,0.039,1.7575,668238.3400000001,149337.30451500003
513500.SH,2020-02-13,1.1375314861460957,1.158690176322418,1.192947103274559,1.1476070528967255,1.183375314861461,0.091,4.0301,1269407.5397,294896.26475000003
513500.SH,2020-02-14,1.183375314861461,1.1738035264483628,1.1738035264483628,1.128463476070529,1.1324937027707809,-0.101,-4.2997,1244982.075,284598.96609
513500.SH,2020-02-17,1.1324937027707809,1.1345088161209067,1.1496221662468513,1.124433249370277,1.1395465994962217,0.014,0.6228,1104213.815,249573.516035
513500.SH,2020-02-18,1.1395465994962217,1.1350125944584384,1.1365239294710328,1.1219143576826196,1.1234256926952142,-0.032,-1.4147,759533.651,169963.84644000002
513500.SH,2020-02-19,1.1234256926952142,1.1198992443324935,1.1259445843828715,1.1158690176322417,1.1198992443324935,-0.007,-0.3139,808976.8250000001,180246.65857
513500.SH,2020-02-20,1.1198992443324935,1.1279596977329975,1.131486146095718,1.1214105793450881,1.127455919395466,0.015,0.6748,1296647.655,289715.869315
513500.SH,2020-02-21,1.127455919395466,1.1178841309823677,1.1324937027707809,1.1163727959697733,1.1163727959697733,-0.022,-0.983,1734014.7936500001,385069.492965
513500.SH,2020-02-24,1.1163727959697733,1.09823677581864,1.0997481108312341,1.091183879093199,1.092191435768262,-0.048,-2.1661,1336337.73,290267.469055
513500.SH,2020-02-25,1.092191435768262,1.071536523929471,1.092191435768262,1.071536523929471,1.0916876574307304,-0.001,-0.0461,2150894.05255,461116.36149000004
513500.SH,2020-02-26,1.0916876574307304,1.0518891687657432,1.0720403022670026,1.0513853904282118,1.0629722921914357,-0.057,-2.6304,913513.9916000001,192639.88101500002
513500.SH,2020-02-27,1.0629722921914357,1.0634760705289674,1.0634760705289674,1.0554156171284637,1.0569269521410578,-0.012,-0.5687,787187.48,165347.754745
513500.SH,2020-02-28,1.0569269521410578,1.0191435768261965,1.0297229219143578,1.015617128463476,1.0226700251889167,-0.068,-3.2412,864920.45715,175478.76995500003
513500.SH,2020-03-02,1.0226700251889167,1.0226700251889167,1.0518891687657432,1.0040302267002519,1.0423173803526449,0.039,1.9212,3002360.14,606250.54562
513500.SH,2020-03-03,1.0423173803526449,1.0680100755667508,1.0760705289672545,1.0327455919395465,1.03727959697733,-0.01,-0.4833,2757859.73015,574191.6066050001
513500.SH,2020-03-04,1.03727959697733,1.0176322418136021,1.0267002518891686,1.0110831234256927,1.0246851385390428,-0.025,-1.2142,1098867.7733,221904.6586
513500.SH,2020-03-05,1.0246851385390428,1.0428211586901763,1.0458438287153653,1.0337531486146097,1.0387909319899244,0.028,1.3766,1116691.02875,230431.0673
513500.SH,2020-03-06,1.0387909319899244,1.0241813602015113,1.0241813602015113,1.0151133501259446,1.0161209068010075,-0.045,-2.1823,561077.61875,113344.27613500001
513500.SH,2020-03-09,1.0161209068010075,0.9894206549118388,0.9894206549118388,0.9571788413098237,0.9607052896725441,-0.11,-5.4536,965860.52585,186714.01486
513500.SH,2020-03-10,0.9607052896725441,0.9511335012594458,0.9924433249370277,0.9465994962216625,0.9899244332493703,0.058,3.0414,1268675.0350000001,244388.890565
513500.SH,2020-03-11,0.9899244332493703,0.9863979848866499,0.9863979848866499,0.9667506297229219,0.9717884130982368,-0.036,-1.8321,1021756.2401,197539.08532
513500.SH,2020-03-12,0.9717884130982368,0.9496221662468514,0.9496221662468514,0.9224181360201511,0.9370277078085643,-0.069,-3.577,1313924.9362,243202.25558000003
513500.SH,2020-03-13,0.9370277078085643,0.8503778337531486,0.9511335012594458,0.8433249370277078,0.9183879093198992,-0.037,-1.9892,1910201.23,340607.68043500005
513500.SH,2020-03-16,0.9183879093198992,0.8987405541561713,0.9118387909319899,0.8806045340050378,0.8962216624685139,-0.044,-2.4136,1497979.6942,267639.62631
513500.SH,2020-03-17,0.8962216624685139,0.8886649874055416,0.9521410579345088,0.8816120906801008,0.8886649874055416,-0.015,-0.8432,1636056.85,290846.74962
513500.SH,2020-03-18,0.8886649874055416,0.891183879093199,0.8992443324937027,0.8584382871536523,0.8589420654911839,-0.059,-3.3447,995126.1748500001,174662.950835
513500.SH,2020-03-19,0.8589420654911839,0.8664987405541562,0.8705289672544081,0.8231738035264483,0.8564231738035264,-0.005,-0.2933,1433571.2082,241106.40921
513500.SH,2020-03-20,0.8564231738035264,0.8614609571788413,0.889168765743073,0.8584382871536523,0.8856423173803527,0.058,3.4118,1179009.6075000002,203714.38856
513500.SH,2020-03-23,0.8856423173803527,0.8443324937027707,0.857934508816121,0.8297229219143577,0.8322418136020151,-0.106,-6.0296,1109031.9261,186190.322235
513500.SH,2020-03-24,0.8322418136020151,0.8564231738035264,0.8659949622166248,0.8413098236775819,0.8649874055415617,0.065,3.9346,2234275.68465,379323.295115
513500.SH,2020-03-25,0.8649874055415617,0.8916876574307305,0.9007556675062972,0.8856423173803527,0.8992443324937027,0.068,3.9604,2350732.3197000003,416574.495895
513500.SH,2020-03-26,0.8992443324937027,0.8982367758186398,0.8982367758186398,0.8785894206549119,0.8886649874055416,-0.021,-1.1765,1003683.4900000001,177609.663485
513500.SH,2020-03-27,0.8886649874055416,0.9088161209068011,0.910831234256927,0.8896725440806046,0.8906801007556675,0.004,0.2268,1434615.7152,256985.327385
513500.SH,2020-03-30,0.8906801007556675,0.8730478589420656,0.8851385390428211,0.8624685138539043,0.8765743073047859,-0.028,-1.5837,1157248.0128,200782.94453
513500.SH,2020-03-31,0.8765743073047859,0.8921914357682619,0.8952141057934508,0.886146095717884,0.8886649874055416,0.024,1.3793,801753.41,141767.360125
513500.SH,2020-04-01,0.8886649874055416,0.8765743073047859,0.8871536523929471,0.8680100755667507,0.8690176322418136,-0.039,-2.2109,722457.32475,126059.78715
513500.SH,2020-04-02,0.8690176322418136,0.8675062972292191,0.8790931989924434,0.856926952141058,0.8780856423173804,0.018,1.0435,1106267.03945,190506.121145
513500.SH,2020-04-03,0.8780856423173804,0.8730478589420656,0.8770780856423175,0.8664987405541562,0.8690176322418136,-0.018,-1.0327,555886.1490000001,96274.002645
513500.SH,2020-04-07,0.8690176322418136,0.9017632241813602,0.912846347607053,0.8972292191435768,0.9118387909319899,0.085,4.9275,1072344.1239,192325.83416500004
513500.SH,2020-04-08,0.9118387909319899,0.9057934508816121,0.9123425692695214,0.9007556675062972,0.9047858942065492,-0.014,-0.7735,885349.7000000001,159126.24666
513500.SH,2020-04-09,0.9047858942065492,0.9204030226700252,0.9335012594458438,0.9204030226700252,0.9314861460957179,0.053,2.951,1750771.985,322332.68464
513500.SH,2020-04-10,0.9314861460957179,0.9360201511335013,0.9410579345088161,0.927455919395466,0.9304785894206549,-0.002,-0.1082,1205244.53865,223739.96181
513500.SH,2020-04-13,0.9304785894206549,0.9259445843828716,0.9259445843828716,0.9188916876574308,0.9224181360201511,-0.016,-0.8663,935260.71865,171267.84653500002
513500.SH,2020-04-14,0.9224181360201511,0.927455919395466,0.9410579345088161,0.9249370277078086,0.9405541561712847,0.036,1.9661,907448.8836500001,168409.490205
513500.SH,2020-04-15,0.9405541561712847,0.9496221662468514,0.9551637279596977,0.9460957178841309,0.9481108312342569,0.015,0.8034,1518723.5,286798.772865
513500.SH,2020-04-16,0.9481108312342569,0.9324937027707808,0.9481108312342569,0.929471032745592,0.9425692695214106,-0.011,-0.5845,1299575.53,241237.071835
513500.SH,2020-04-17,0.9425692695214106,0.964735516372796,0.9682619647355164,0.9596977329974812,0.9632241813602015,0.041,2.1913,1954613.56045,374458.8164
513500.SH,2020-04-20,0.9632241813602015,0.964735516372796,0.965743073047859,0.9586901763224182,0.9632241813602015,0.0,0.0,688316.615,131552.52432000003
513500.SH,2020-04-21,0.9632241813602015,0.9581863979848866,0.9581863979848866,0.9380352644836273,0.9435768261964735,-0.039,-2.0397,1296603.5086,243295.30642500002
513500.SH,2020-04-22,0.9435768261964735,0.9224181360201511,0.9365239294710328,0.9224181360201511,0.9329974811083124,-0.021,-1.1212,1659456.1491000003,305581.867125
513500.SH,2020-04-23,0.9329974811083124,0.9405541561712847,0.9445843828715366,0.9360201511335013,0.9425692695214106,0.019,1.0259,1088689.1300000001,203231.0093
513500.SH,2020-04-24,0.9425692695214106,0.9335012594458438,0.9370277078085643,0.9304785894206549,0.9365239294710328,-0.012,-0.6414,765856.6898500001,141984.614405
513500.SH,2020-04-27,0.9365239294710328,0.9491183879093199,0.9632241813602015,0.947103274559194,0.9561712846347606,0.039,2.0979,918735.415,174323.32329
513500.SH,2020-04-28,0.9561712846347606,0.9637279596977331,0.9667506297229219,0.9586901763224182,0.9652392947103274,0.018,0.9484,946017.255,180964.905015
513500.SH,2020-04-29,0.9652392947103274,0.9712846347607053,0.9778337531486146,0.9687657430730479,0.9727959697732997,0.015,0.7829,971318.0650000001,187686.468345
513500.SH,2020-04-30,0.9727959697732997,0.9919395465994962,0.9969773299748111,0.9874055415617129,0.9929471032745593,0.04,2.0715,1055047.3698500001,207645.91529
513500.SH,2020-05-06,0.9929471032745593,0.9743073047858942,0.981360201511335,0.9692695214105793,0.9808564231738036,-0.024,-1.2177,1426347.5550000002,275526.521605
513500.SH,2020-05-07,0.9808564231738036,0.9743073047858942,0.9743073047858942,0.965743073047859,0.9687657430730479,-0.024,-1.2327,1367587.6247,262883.82833000005
513500.SH,2020-05-08,0.9687657430730479,0.9773299748110831,0.981360201511335,0.9743073047858942,0.9778337531486146,0.018,0.936,1640441.2386,318878.74494
513500.SH,2020-05-11,0.9778337531486146,0.9874055415617129,0.9914357682619648,0.9853904282115868,0.9884130982367758,0.021,1.0819,1729106.3055000002,339131.01313000004
513500.SH,2020-05-12,0.9884130982367758,0.9828715365239296,0.9838790931989925,0.9738035264483628,0.9743073047858942,-0.028,-1.4271,1430101.4282,277428.01662500005
513500.SH,2020-05-13,0.9743073047858942,0.9576826196473552,0.964735516372796,0.9546599496221663,0.9632241813602015,-0.022,-1.1375,1331241.7189,253596.23962
513500.SH,2020-05-14,0.9632241813602015,0.9501259445843828,0.9516372795969773,0.945088161209068,0.9486146095717884,-0.029,-1.5167,1905669.7132,358672.6672
513500.SH,2020-05-15,0.9486146095717884,0.9596977329974812,0.96272040302267,0.9571788413098237,0.9612090680100756,0.025,1.3277,1525949.8925,290799.95721500006
513500.SH,2020-05-18,0.9612090680100756,0.9697732997481109,0.9758186397984887,0.9677581863979849,0.9753148614609571,0.028,1.4675,742956.4396,143336.06989500002
513500.SH,2020-05-19,0.9753148614609571,0.9929471032745593,1.0015113350125944,0.9899244332493703,1.0005037783375315,0.05,2.5826,982247.4750000001,193709.79006
513500.SH,2020-05-20,1.0005037783375315,0.9919395465994962,0.9924433249370277,0.9863979848866499,0.9889168765743074,-0.023,-1.1581,2779470.4450000003,545875.0059550001
513500.SH,2020-05-21,0.9889168765743074,0.9979848866498742,0.9984886649874055,0.9914357682619648,0.9914357682619648,0.005,0.2547,1849968.3900000001,364973.3748
513500.SH,2020-05-22,0.9914357682619648,0.9909319899244333,0.9924433249370277,0.9818639798488665,0.9843828715365239,-0.014,-0.7114,894367.555,175169.911895
513500.SH,2020-05-25,0.9843828715365239,0.9924433249370277,1.002015113350126,0.9919395465994962,1.0010075566750631,0.033,1.6888,1447890.76,286336.52393
513500.SH,2020-05-26,1.0010075566750631,1.0095717884130984,1.0176322418136021,1.0075566750629723,1.0171284634760707,0.032,1.6105,940757.005,188840.654535
513500.SH,2020-05-27,1.0171284634760707,1.0120906801007556,1.0191435768261965,1.0100755667506296,1.0171284634760707,0.0,0.0,912298.06,183567.88117
513500.SH,2020-05-28,1.0171284634760707,1.0277078085642317,1.0337531486146097,1.0272040302267003,1.0292191435768263,0.024,1.1887,920160.645,188317.932575
513500.SH,2020-05-29,1.0292191435768263,1.0181360201511334,1.0236775818639798,1.0171284634760707,1.0221662468513855,-0.014,-0.6853,1175403.855,238325.47780500003
513500.SH,2020-06-01,1.0221662468513855,1.0236775818639798,1.0277078085642317,1.0221662468513855,1.0241813602015113,0.004,0.1971,993329.7300000001,202093.403815
513500.SH,2020-06-02,1.0241813602015113,1.0246851385390428,1.0277078085642317,1.0226700251889167,1.0256926952141059,0.003,0.1476,1103078.395,224442.443385
513500.SH,2020-06-03,1.0256926952141059,1.0357682619647355,1.0403022670025188,1.0337531486146097,1.0387909319899244,0.026,1.277,972253.0,200280.729605
513500.SH,2020-06-04,1.0387909319899244,1.04735516372796,1.048866498740554,1.0423173803526449,1.0428211586901763,0.008,0.388,635021.35,131793.98766
513500.SH,2020-06-05,1.0428211586901763,1.0428211586901763,1.0518891687657432,1.041309823677582,1.0513853904282118,0.017,0.8213,699498.12,145420.48465
513500.SH,2020-06-08,1.0513853904282118,1.0649874055415616,1.0680100755667508,1.0649874055415616,1.0664987405541562,0.03,1.4375,732040.07105,154890.715195
513500.SH,2020-06-09,1.0664987405541562,1.0795969773299747,1.0831234256926952,1.0735516372795968,1.0816120906801008,0.03,1.4171,831056.3770000001,178174.84856500002
513500.SH,2020-06-10,1.0816120906801008,1.0806045340050379,1.0816120906801008,1.0755667506297228,1.0790931989924433,-0.005,-0.2329,1022949.9,219164.40183000002
513500.SH,2020-06-11,1.0790931989924433,1.0695214105793451,1.0695214105793451,1.04735516372796,1.0498740554156172,-0.058,-2.7077,1550258.93695,324775.26684000005
513500.SH,2020-06-12,1.0498740554156172,1.0085642317380352,1.0246851385390428,1.0075566750629723,1.0176322418136021,-0.064,-3.071,1596690.1315000001,322323.539745
513500.SH,2020-06-15,1.0176322418136021,1.0075566750629723,1.0085642317380352,0.9863979848866499,0.9879093198992444,-0.059,-2.9208,1708474.55295,338547.81219
513500.SH,2020-06-16,0.9879093198992444,1.0251889168765744,1.0443324937027707,1.0231738035264484,1.0367758186397984,0.097,4.9465,1560550.92375,320028.08971500007
513500.SH,2020-06-17,1.0367758186397984,1.0448362720403022,1.0498740554156172,1.0408060453400503,1.04735516372796,0.021,1.0204,748204.0650000001,155389.958575
513500.SH,2020-06-18,1.04735516372796,1.0327455919395465,1.0397984886649874,1.0307304785894207,1.0377833753148615,-0.019,-0.9139,989274.375,202987.31482
513500.SH,2020-06-19,1.0377833753148615,1.0397984886649874,1.0438287153652392,1.0392947103274561,1.0438287153652392,0.012,0.5825,2265439.8075,468235.04392
513500.SH,2020-06-22,1.0438287153652392,1.03727959697733,1.03727959697733,1.0287153652392946,1.032241813602015,-0.023,-1.11,1047059.7100000001,214509.05676
513500.SH,2020-06-23,1.032241813602015,1.0327455919395465,1.043324937027708,1.0302267002518892,1.0408060453400503,0.017,0.8297,942382.7200000001,194135.32245
513500.SH,2020-06-24,1.0408060453400503,1.0443324937027707,1.0453400503778338,1.0408060453400503,1.043324937027708,0.005,0.242,754405.2050000001,156179.70075
513500.SH,2020-06-29,1.043324937027708,1.0151133501259446,1.0151133501259446,1.0065491183879094,1.010579345088161,-0.065,-3.1386,1079715.9375,216459.56738500003
513500.SH,2020-06-30,1.010579345088161,1.0181360201511334,1.0211586901763225,1.0115869017632242,1.0141057934508815,0.007,0.349,892948.28,180164.952
513500.SH,2020-07-01,1.0141057934508815,1.0277078085642317,1.0292191435768263,1.0246851385390428,1.0292191435768263,0.03,1.4903,856385.5725,174563.04578500002
513500.SH,2020-07-02,1.0292191435768263,1.032241813602015,1.0377833753148615,1.0317380352644836,1.03727959697733,0.016,0.7832,601717.02,123535.05771000001
513500.SH,2020-07-03,1.03727959697733,1.0397984886649874,1.0438287153652392,1.038287153652393,1.043324937027708,0.012,0.5828,881832.28,182191.53775
513500.SH,2020-07-06,1.043324937027708,1.0448362720403022,1.0513853904282118,1.0438287153652392,1.05088161209068,0.015,0.7243,1344162.6,279396.67809
513500.SH,2020-07-07,1.05088161209068,1.0534005037783376,1.0534005037783376,1.0392947103274561,1.0418136020151134,-0.018,-0.8629,1003872.0650000001,208134.13199500003
513500.SH,2020-07-08,1.0418136020151134,1.0408060453400503,1.0418136020151134,1.03727959697733,1.03727959697733,-0.009,-0.4352,1567620.0050000001,323542.68307500007
513500.SH,2020-07-09,1.03727959697733,1.0418136020151134,1.0468513853904282,1.0367758186397984,1.0387909319899244,0.003,0.1457,3420871.188,708637.836135
513500.SH,2020-07-10,1.0387909319899244,1.0367758186397984,1.0367758186397984,1.019647355163728,1.0261964735516373,-0.025,-1.2124,1284152.08,262623.05491000006
513500.SH,2020-07-13,1.0261964735516373,1.0458438287153653,1.0534005037783376,1.0428211586901763,1.0518891687657432,0.051,2.5037,1552245.2867500002,322781.88617
513500.SH,2020-07-14,1.0518891687657432,1.0403022670025188,1.0443324937027707,1.0337531486146097,1.0438287153652392,-0.016,-0.7663,1261306.715,260429.62395500005
513500.SH,2020-07-15,1.0438287153652392,1.0554156171284637,1.0614609571788414,1.0554156171284637,1.0594458438287155,0.031,1.4961,584119.7965,122716.97569
513500.SH,2020-07-16,1.0594458438287155,1.0670025188916876,1.0670025188916876,1.0534005037783376,1.0554156171284637,-0.008,-0.3804,554428.365,116358.43114500001
513500.SH,2020-07-17,1.0554156171284637,1.0564231738035263,1.0624685138539043,1.0498740554156172,1.0609571788413097,0.011,0.5251,608938.4500000001,128012.61427000002
513500.SH,2020-07-20,1.0609571788413097,1.0609571788413097,1.0614609571788414,1.053904282115869,1.0564231738035263,-0.009,-0.4274,650990.675,136498.37811000002
513500.SH,2020-07-21,1.0564231738035263,1.0685138539042822,1.0760705289672545,1.0664987405541562,1.0740554156171285,0.035,1.6691,1096495.1822000002,233485.37290500003
513500.SH,2020-07-22,1.0740554156171285,1.0720403022670026,1.0775818639798487,1.0675062972292193,1.0710327455919395,-0.006,-0.2814,1178540.0160500002,250573.04492000001
513500.SH,2020-07-23,1.0710327455919395,1.076574307304786,1.0821158690176322,1.076574307304786,1.0821158690176322,0.022,1.0348,442243.2713,94723.85858
513500.SH,2020-07-24,1.0821158690176322,1.0670025188916876,1.070528967254408,1.0589420654911839,1.0614609571788414,-0.041,-1.9088,591699.49915,124987.940745
513500.SH,2020-07-27,1.0614609571788414,1.0614609571788414,1.0690176322418135,1.0609571788413097,1.0624685138539043,0.002,0.0949,791072.125,166993.843785
513500.SH,2020-07-28,1.0624685138539043,1.0700251889168766,1.07455919395466,1.0675062972292193,1.0685138539042822,0.012,0.569,821428.7300000001,174567.670835
513500.SH,2020-07-29,1.0685138539042822,1.0644836272040303,1.0664987405541562,1.0609571788413097,1.0659949622166247,-0.005,-0.2357,506931.28500000003,107041.90709000001
513500.SH,2020-07-30,1.0659949622166247,1.0720403022670026,1.07455919395466,1.0700251889168766,1.0700251889168766,0.008,0.3781,343323.615,73065.958295
513500.SH,2020-07-31,1.0700251889168766,1.0750629722921914,1.0816120906801008,1.0720403022670026,1.0750629722921914,0.01,0.4708,1100654.0946499999,235101.40110500003
513500.SH,2020-08-03,1.0750629722921914,1.0790931989924433,1.0851385390428212,1.0755667506297228,1.0760705289672545,0.002,0.0937,879319.27,188241.04757000002
513500.SH,2020-08-04,1.0760705289672545,1.0821158690176322,1.0866498740554156,1.0816120906801008,1.0851385390428212,0.018,0.8427,725541.3200000001,156120.59539
513500.SH,2020-08-05,1.0851385390428212,1.0851385390428212,1.0926952141057935,1.0851385390428212,1.0886649874055416,0.007,0.325,351587.17000000004,75943.799385
513500.SH,2020-08-06,1.0886649874055416,1.0947103274559193,1.0967254408060454,1.092191435768262,1.096221662468514,0.015,0.6941,511352.57475,111103.97139
513500.SH,2020-08-07,1.096221662468514,1.0997481108312341,1.1083123425692696,1.0997481108312341,1.107808564231738,0.023,1.057,508227.49000000005,111505.98153
513500.SH,2020-08-10,1.107808564231738,1.107808564231738,1.1173803526448363,1.105793450881612,1.114861460957179,0.014,0.6367,285077.76,62967.35218
513500.SH,2020-08-11,1.114861460957179,1.1143576826196475,1.1183879093198994,1.1093198992443325,1.110831234256927,-0.008,-0.3615,291916.085,64534.16429000001
513500.SH,2020-08-12,1.110831234256927,1.1002518891687658,1.1032745591939546,1.093198992443325,1.1017632241813602,-0.018,-0.8163,715237.185,155747.28835000002
513500.SH,2020-08-13,1.1017632241813602,1.1093198992443325,1.1163727959697733,1.1093198992443325,1.1143576826196475,0.025,1.1431,1254035.6600000001,277045.479335
513500.SH,2020-08-14,1.1143576826196475,1.1133501259445844,1.1153652392947104,1.110831234256927,1.1143576826196475,0.0,0.0,199391.265,44084.513655
513500.SH,2020-08-17,1.1143576826196475,1.1138539042821158,1.1153652392947104,1.109823677581864,1.1143576826196475,0.0,0.0,426606.275,94294.48521500001
513500.SH,2020-08-18,1.1143576826196475,1.1153652392947104,1.1209068010075567,1.112846347607053,1.112846347607053,-0.003,-0.1356,639062.81,141535.897215
513500.SH,2020-08-19,1.112846347607053,1.114861460957179,1.1193954659949623,1.114861460957179,1.1193954659949623,0.013,0.5885,276425.145,61300.224125
513500.SH,2020-08-20,1.1193954659949623,1.112846347607053,1.112846347607053,1.1042821158690177,1.1062972292191438,-0.026,-1.1701,591851.5700000001,129986.543925
513500.SH,2020-08-21,1.1062972292191438,1.1093198992443325,1.1133501259445844,1.1093198992443325,1.1113350125944583,0.01,0.4554,786226.74,173524.80543
513500.SH,2020-08-24,1.1113350125944583,1.1168765743073048,1.1229219143576827,1.1153652392947104,1.1219143576826196,0.021,0.9519,894877.7397,198853.58408
513500.SH,2020-08-25,1.1219143576826196,1.1329974811083123,1.1556675062972293,1.1324937027707809,1.1506297229219142,0.057,2.5595,698384.535,158393.00552500002
513500.SH,2020-08-26,1.1506297229219142,1.1571788413098238,1.1596977329974811,1.1355163727959698,1.1380352644836271,-0.025,-1.0946,904596.26,205444.24658500002
513500.SH,2020-08-27,1.1380352644836271,1.1536523929471032,1.1546599496221661,1.144080604534005,1.153148614609572,0.03,1.328,623637.375,142671.595115
513500.SH,2020-08-28,1.153148614609572,1.1526448362720403,1.1717884130982368,1.1476070528967255,1.1617128463476072,0.017,0.7427,488834.04000000004,112530.96407
513500.SH,2020-08-31,1.1617128463476072,1.167758186397985,1.1732997481108314,1.1667506297229218,1.1717884130982368,0.02,0.8673,308574.22485000006,71746.55857000001
513500.SH,2020-09-01,1.1717884130982368,1.1722921914357682,1.1763224181360201,1.1486146095717884,1.1561712846347607,-0.031,-1.3328,624741.0747000001,143916.892805
513500.SH,2020-09-02,1.1561712846347607,1.1707808564231736,1.1758186397984887,1.1632241813602016,1.1758186397984887,0.039,1.6993,518613.01,120193.760805
513500.SH,2020-09-03,1.1758186397984887,1.198992443324937,1.2473551637279596,1.1858942065491185,1.2418136020151134,0.131,5.6127,1089582.67775,263414.39501
513500.SH,2020-09-04,1.2418136020151134,1.158690176322418,1.1979848866498741,1.1486146095717884,1.1672544080604534,-0.148,-6.0041,1731047.9134,404023.293255
513500.SH,2020-09-07,1.1672544080604534,1.1627204030226699,1.1627204030226699,1.1133501259445844,1.1133501259445844,-0.107,-4.618,1204817.585,270488.575725
513500.SH,2020-09-08,1.1133501259445844,1.127455919395466,1.1365239294710328,1.1158690176322417,1.1340050377833752,0.041,1.8552,1330968.3050000002,297213.67285000003
513500.SH,2020-09-09,1.1340050377833752,1.0856423173803527,1.1027707808564233,1.0841309823677583,1.092191435768262,-0.083,-3.6873,696558.2953,150982.78813
513500.SH,2020-09-10,1.092191435768262,1.1158690176322417,1.1163727959697733,1.1052896725440806,1.105793450881612,0.027,1.2454,1158893.43885,255345.546675
513500.SH,2020-09-11,1.105793450881612,1.0906801007556675,1.0957178841309823,1.0841309823677583,1.0947103274559193,-0.022,-1.0023,692479.16,149830.894615
513500.SH,2020-09-14,1.0947103274559193,1.093198992443325,1.0967254408060454,1.089168765743073,1.096221662468514,0.003,0.1381,831196.6371,180301.31753
513500.SH,2020-09-15,1.096221662468514,1.09823677581864,1.1012594458438287,1.093198992443325,1.0972292191435769,0.002,0.0919,1099918.13605,239352.36991500002
513500.SH,2020-09-16,1.0972292191435769,1.0997481108312341,1.1093198992443325,1.0997481108312341,1.1027707808564233,0.011,0.5051,772361.515,169198.249805
513500.SH,2020-09-17,1.1027707808564233,1.0957178841309823,1.0957178841309823,1.0801007556675064,1.0811083123425693,-0.043,-1.9644,711682.03015,153918.04534500002
513500.SH,2020-09-18,1.0811083123425693,1.0780856423173804,1.0856423173803527,1.07455919395466,1.0851385390428212,0.008,0.3728,637339.81015,136767.700925
513500.SH,2020-09-21,1.0851385390428212,1.0775818639798487,1.0785894206549118,1.0675062972292193,1.0710327455919395,-0.028,-1.2999,406198.49000000005,86574.23464000001
513500.SH,2020-09-22,1.0710327455919395,1.0639798488664989,1.0644836272040303,1.0554156171284637,1.0574307304785895,-0.027,-1.27,479859.85500000004,100972.080795
513500.SH,2020-09-23,1.0574307304785895,1.0670025188916876,1.0695214105793451,1.0624685138539043,1.0680100755667508,0.021,1.0005,395666.08,83753.36305
513500.SH,2020-09-24,1.0680100755667508,1.0468513853904282,1.0559193954659951,1.043324937027708,1.0438287153652392,-0.048,-2.2642,439028.405,91178.813335
513500.SH,2020-09-25,1.0438287153652392,1.0503778337531486,1.054911838790932,1.0503778337531486,1.0523929471032745,0.017,0.8205,286653.85000000003,59921.49473500001
513500.SH,2020-09-28,1.0523929471032745,1.0680100755667508,1.0735516372795968,1.0639798488664989,1.0700251889168766,0.035,1.6754,1282419.175,272039.7242
513500.SH,2020-09-29,1.0700251889168766,1.0816120906801008,1.0861460957178841,1.0806045340050379,1.0816120906801008,0.023,1.0829,1315626.24,282942.50741
513500.SH,2020-09-30,1.0816120906801008,1.0816120906801008,1.0831234256926952,1.0654911838790933,1.0700251889168766,-0.023,-1.0713,615872.055,131326.11125000002
513500.SH,2020-10-09,1.0700251889168766,1.105793450881612,1.105793450881612,1.09823677581864,1.1042821158690177,0.068,3.2015,702707.865,153980.76737500002
513500.SH,2020-10-12,1.1042821158690177,1.1103274559193956,1.1133501259445844,1.1093198992443325,1.1118387909319898,0.015,0.6843,831564.14,183447.85219
513500.SH,2020-10-13,1.1118387909319898,1.1264483627204032,1.1365239294710328,1.1239294710327457,1.1299748110831234,0.036,1.6312,1302379.56085,292438.22336999996
513500.SH,2020-10-14,1.1299748110831234,1.124433249370277,1.1264483627204032,1.1204030226700252,1.12544080604534,-0.009,-0.4012,1268061.6700000002,282804.420885
513500.SH,2020-10-15,1.12544080604534,1.1143576826196475,1.1143576826196475,1.1068010075566752,1.107808564231738,-0.035,-1.5667,1721683.7950000002,378954.942635
513500.SH,2020-10-16,1.107808564231738,1.110831234256927,1.1163727959697733,1.1103274559193956,1.1133501259445844,0.011,0.5002,528246.2150000001,116839.93458
513500.SH,2020-10-19,1.1133501259445844,1.1168765743073048,1.1198992443324935,1.1118387909319898,1.1143576826196475,0.002,0.0905,929652.915,205753.954225
513500.SH,2020-10-20,1.1143576826196475,1.0987405541561712,1.0987405541561712,1.0937027707808564,1.096221662468514,-0.036,-1.6275,359034.89,78056.29593500002
513500.SH,2020-10-21,1.096221662468514,1.096221662468514,1.0997481108312341,1.094206549118388,1.0992443324937027,0.006,0.2757,398351.78500000003,86670.74931
513500.SH,2020-10-22,1.0992443324937027,1.092191435768262,1.092191435768262,1.0831234256926952,1.0856423173803527,-0.027,-1.2374,1087448.5050000001,234359.209605
513500.SH,2020-10-23,1.0856423173803527,1.091183879093199,1.09823677581864,1.090176322418136,1.0947103274559193,0.018,0.8353,510325.635,110941.326445
513500.SH,2020-10-26,1.0947103274559193,1.0937027707808564,1.0937027707808564,1.0861460957178841,1.0886649874055416,-0.012,-0.5522,471042.48500000004,101829.831055
513500.SH,2020-10-27,1.0886649874055416,1.0780856423173804,1.0861460957178841,1.0770780856423174,1.0856423173803527,-0.006,-0.2776,941695.91,202211.392215
513500.SH,2020-10-28,1.0856423173803527,1.0760705289672545,1.0770780856423174,1.070528967254408,1.0710327455919395,-0.029,-1.3457,587744.605,125153.49570000001
513500.SH,2020-10-29,1.0710327455919395,1.0483627204030226,1.053904282115869,1.0478589420654911,1.0518891687657432,-0.038,-1.7874,695224.415,144980.69202000002
513500.SH,2020-10-30,1.0518891687657432,1.0458438287153653,1.0458438287153653,1.0292191435768263,1.0317380352644836,-0.04,-1.9157,1002613.5750000001,206718.91235
513500.SH,2020-11-02,1.0317380352644836,1.0367758186397984,1.0443324937027707,1.0367758186397984,1.0418136020151134,0.02,0.9766,563745.9550000001,116467.87412000001
513500.SH,2020-11-03,1.0418136020151134,1.0534005037783376,1.0624685138539043,1.0534005037783376,1.0609571788413097,0.038,1.8375,578097.505,121459.01767
513500.SH,2020-11-04,1.0609571788413097,1.0700251889168766,1.0967254408060454,1.0700251889168766,1.0780856423173804,0.034,1.6144,2040939.2850000001,438959.888755
513500.SH,2020-11-05,1.0780856423173804,1.0952141057934508,1.1012594458438287,1.0861460957178841,1.0916876574307304,0.027,1.2617,1088359.62,236101.61283
513500.SH,2020-11-06,1.0916876574307304,1.1012594458438287,1.1012594458438287,1.093198992443325,1.096221662468514,0.009,0.4153,677047.77,147467.176465
513500.SH,2020-11-09,1.096221662468514,1.1118387909319898,1.1198992443324935,1.1113350125944583,1.1133501259445844,0.034,1.5625,1026320.43,227315.28029
513500.SH,2020-11-10,1.1133501259445844,1.1133501259445844,1.1168765743073048,1.103778337531486,1.1083123425692696,-0.01,-0.4525,776295.785,171178.76569
513500.SH,2020-11-11,1.1083123425692696,1.107808564231738,1.1138539042821158,1.1032745591939546,1.1133501259445844,0.01,0.4545,432807.3753,95400.44186
513500.SH,2020-11-12,1.1133501259445844,1.1158690176322417,1.1209068010075567,1.1133501259445844,1.1153652392947104,0.004,0.181,397599.47000000003,88085.23252
513500.SH,2020-11-13,1.1153652392947104,1.1113350125944583,1.1153652392947104,1.1007556675062973,1.1143576826196475,-0.002,-0.0903,458159.835,100795.54085
513500.SH,2020-11-16,1.1143576826196475,1.12544080604534,1.1319899244332494,1.12544080604534,1.129471032745592,0.03,1.3562,364519.445,81684.42930999999
513500.SH,2020-11-17,1.129471032745592,1.1360201511335013,1.1365239294710328,1.1224181360201513,1.12544080604534,-0.008,-0.3568,520496.775,116351.82308
513500.SH,2020-11-18,1.12544080604534,1.1229219143576827,1.1229219143576827,1.1138539042821158,1.1143576826196475,-0.022,-0.9848,355312.97530000005,78883.75112500001
513500.SH,2020-11-19,1.1143576826196475,1.109823677581864,1.1138539042821158,1.1068010075566752,1.1138539042821158,-0.001,-0.0452,425446.55860000005,93700.64467500002
513500.SH,2020-11-20,1.1138539042821158,1.1093198992443325,1.1183879093198994,1.1073047858942064,1.1093198992443325,-0.009,-0.4071,357296.03,78699.737655
513500.SH,2020-11-23,1.1093198992443325,1.1083123425692696,1.108816120906801,1.1052896725440806,1.107808564231738,-0.003,-0.1362,299133.54500000004,65708.29179
513500.SH,2020-11-24,1.107808564231738,1.1163727959697733,1.124433249370277,1.1158690176322417,1.124433249370277,0.033,1.5007,330913.395,73622.37364500001
513500.SH,2020-11-25,1.124433249370277,1.1375314861460957,1.1390428211586903,1.131486146095718,1.1329974811083123,0.017,0.7616,1002621.29665,225697.30480500002
513500.SH,2020-11-26,1.1329974811083123,1.1309823677581865,1.1345088161209067,1.1259445843828715,1.1329974811083123,0.0,0.0,1625254.48,364781.244665
513500.SH,2020-11-27,1.1329974811083123,1.131486146095718,1.1329974811083123,1.1264483627204032,1.1299748110831234,-0.006,-0.2668,1599939.7750000001,358654.812125
513500.SH,2020-11-30,1.1299748110831234,1.129471032745592,1.131486146095718,1.1229219143576827,1.124433249370277,-0.011,-0.4904,315809.53,70734.85171
513500.SH,2020-12-01,1.124433249370277,1.1355163727959698,1.1380352644836271,1.1324937027707809,1.1365239294710328,0.024,1.0753,397099.25,89537.980575
513500.SH,2020-12-02,1.1365239294710328,1.1355163727959698,1.1355163727959698,1.1309823677581865,1.1335012594458438,-0.006,-0.266,296267.95930000005,66590.904175
513500.SH,2020-12-03,1.1335012594458438,1.1370277078085642,1.1435768261964736,1.1355163727959698,1.1380352644836271,0.009,0.4,667160.26665,150780.55037500002
513500.SH,2020-12-04,1.1380352644836271,1.1375314861460957,1.1390428211586903,1.1345088161209067,1.1350125944584384,-0.006,-0.2656,410275.68,92559.10492
513500.SH,2020-12-07,1.1350125944584384,1.1405541561712846,1.142065491183879,1.1385390428211586,1.1395465994962217,0.009,0.3995,370861.52,83947.53575
513500.SH,2020-12-08,1.1395465994962217,1.1385390428211586,1.1385390428211586,1.1350125944584384,1.1370277078085642,-0.005,-0.221,353214.87,79708.788585
513500.SH,2020-12-09,1.1370277078085642,1.1430730478589421,1.1476070528967255,1.1425692695214105,1.147103274559194,0.02,0.8861,386048.755,87769.03790000001
513500.SH,2020-12-10,1.147103274559194,1.1360201511335013,1.141057934508816,1.1355163727959698,1.1405541561712846,-0.013,-0.5709,1299265.8303,294025.43532499997
513500.SH,2020-12-11,1.1405541561712846,1.1405541561712846,1.144080604534005,1.1380352644836271,1.141057934508816,0.001,0.0442,1124601.75,254600.52655
513500.SH,2020-12-14,1.141057934508816,1.141057934508816,1.1571788413098238,1.141057934508816,1.1445843828715365,0.007,0.3091,922897.9600000001,210248.39718000003
513500.SH,2020-12-15,1.1445843828715365,1.1390428211586903,1.1405541561712846,1.1299748110831234,1.1345088161209067,-0.02,-0.8803,427251.4,96218.1904
513500.SH,2020-12-16,1.1345088161209067,1.142065491183879,1.1455919395465994,1.142065491183879,1.1435768261964736,0.018,0.7993,202426.33000000002,45954.81837000001
513500.SH,2020-12-17,1.1435768261964736,1.1476070528967255,1.1476070528967255,1.1435768261964736,1.1476070528967255,0.008,0.3524,99946.735,22733.91122
513500.SH,2020-12-18,1.1476070528967255,1.151133501259446,1.1516372795969774,1.1435768261964736,1.151133501259446,0.007,0.3073,307432.83,70080.69496
513500.SH,2020-12-21,1.151133501259446,1.1506297229219142,1.1581863979848865,1.1465994962216624,1.148110831234257,-0.006,-0.2626,261372.89,59642.19928
513500.SH,2020-12-22,1.148110831234257,1.1430730478589421,1.1506297229219142,1.1350125944584384,1.1375314861460957,-0.021,-0.9215,471577.81965,106881.99946
513500.SH,2020-12-23,1.1375314861460957,1.1370277078085642,1.1400503778337532,1.1335012594458438,1.1385390428211586,0.002,0.0886,209113.795,47213.91578
513500.SH,2020-12-24,1.1385390428211586,1.1400503778337532,1.1465994962216624,1.1390428211586903,1.1415617128463476,0.006,0.2655,473381.43035000004,107253.64704
513500.SH,2020-12-25,1.1415617128463476,1.1430730478589421,1.148110831234257,1.1425692695214105,1.1445843828715365,0.006,0.2648,209957.42,47701.322605
513500.SH,2020-12-28,1.1445843828715365,1.1450881612090682,1.151133501259446,1.1450881612090682,1.1501259445843828,0.011,0.4842,209929.63,47882.54318
513500.SH,2020-12-29,1.1501259445843828,1.1551637279596978,1.1612090680100757,1.1551637279596978,1.160705289672544,0.021,0.9198,265311.13,60988.878860000004
513500.SH,2020-12-30,1.160705289672544,1.1561712846347607,1.1561712846347607,1.1526448362720403,1.153148614609572,-0.015,-0.651,301174.125,68991.956205
513500.SH,2020-12-31,1.153148614609572,1.1536523929471032,1.1576826196473553,1.1501259445843828,1.1546599496221661,0.003,0.1311,305836.8106,70011.027415
513500.SH,2021-01-04,1.1546599496221661,1.1551637279596978,1.1571788413098238,1.1476070528967255,1.1486146095717884,-0.012,-0.5236,867401.3300000001,198483.68727000002
513500.SH,2021-01-05,1.1486146095717884,1.1385390428211586,1.1385390428211586,1.1289672544080604,1.1309823677581865,-0.035,-1.5351,574689.26,129210.61933500001
513500.SH,2021-01-06,1.1309823677581865,1.1329974811083123,1.1370277078085642,1.131486146095718,1.1329974811083123,0.004,0.1782,374488.115,84236.84156000002
513500.SH,2021-01-07,1.1329974811083123,1.146095717884131,1.151133501259446,1.144080604534005,1.1501259445843828,0.034,1.5118,332782.80845,75915.60047500001
513500.SH,2021-01-08,1.1501259445843828,1.1627204030226699,1.169773299748111,1.1627204030226699,1.167758186397985,0.035,1.5331,451013.835,104490.735465
513500.SH,2021-01-11,1.167758186397985,1.167758186397985,1.1702770780856424,1.1617128463476072,1.1627204030226699,-0.01,-0.4314,476658.05000000005,110360.18395
513500.SH,2021-01-12,1.1627204030226699,1.164735516372796,1.1672544080604534,1.1571788413098238,1.164735516372796,0.004,0.1733,290308.235,67128.61090000001
513500.SH,2021-01-13,1.164735516372796,1.1627204030226699,1.1632241813602016,1.1596977329974811,1.1617128463476072,-0.006,-0.2595,350813.02,80880.52813
513500.SH,2021-01-14,1.1617128463476072,1.163727959697733,1.1702770780856424,1.163727959697733,1.1692695214105795,0.015,0.6505,261470.155,60640.451810000006
513500.SH,2021-01-15,1.1692695214105795,1.1596977329974811,1.1632241813602016,1.1571788413098238,1.1591939546599497,-0.02,-0.8617,196459.42,45260.340315
513500.SH,2021-01-18,1.1591939546599497,1.158690176322418,1.158690176322418,1.151133501259446,1.1556675062972293,-0.007,-0.3042,318721.525,73003.00997500001
513500.SH,2021-01-19,1.1556675062972293,1.160705289672544,1.1672544080604534,1.160705289672544,1.1642317380352645,0.017,0.7411,773139.635,178832.987225
513500.SH,2021-01-20,1.1642317380352645,1.1667506297229218,1.1712846347607053,1.1612090680100757,1.1622166246851384,-0.004,-0.1731,415924.99000000005,96120.585965
513500.SH,2021-01-21,1.1622166246851384,1.1763224181360201,1.1828715365239295,1.1753148614609572,1.182367758186398,0.04,1.7339,602697.61,140974.301015
513500.SH,2021-01-22,1.182367758186398,1.1808564231738035,1.1813602015113351,1.1743073047858943,1.1763224181360201,-0.012,-0.5113,642782.7000000001,150278.18459000002
513500.SH,2021-01-25,1.1763224181360201,1.1778337531486147,1.185390428211587,1.1773299748110833,1.1828715365239295,0.013,0.5567,438871.59,102950.42509
513500.SH,2021-01-26,1.1828715365239295,1.1813602015113351,1.1813602015113351,1.1712846347607053,1.1722921914357682,-0.021,-0.8944,165769.33500000002,38668.92748
513500.SH,2021-01-27,1.1722921914357682,1.1768261964735516,1.180352644836272,1.1738035264483628,1.1778337531486147,0.011,0.4727,199714.82,46615.83131
513500.SH,2021-01-28,1.1778337531486147,1.1602015113350126,1.1602015113350126,1.147103274559194,1.147103274559194,-0.061,-2.6091,250878.195,57312.462345
513500.SH,2021-01-29,1.147103274559194,1.1546599496221661,1.1622166246851384,1.141057934508816,1.14911838790932,0.004,0.1757,1212110.475,275784.88325
513500.SH,2021-02-01,1.14911838790932,1.1360201511335013,1.1425692695214105,1.1279596977329975,1.142065491183879,-0.014,-0.6138,331699.455,74749.60552000001
513500.SH,2021-02-02,1.142065491183879,1.1546599496221661,1.1622166246851384,1.1546599496221661,1.1612090680100757,0.038,1.6762,348915.36000000004,80288.14061
513500.SH,2021-02-03,1.1612090680100757,1.1738035264483628,1.1783375314861462,1.1702770780856424,1.1743073047858943,0.026,1.128,148434.33000000002,34580.158975000006
513500.SH,2021-02-04,1.1743073047858943,1.1732997481108314,1.1768261964735516,1.1662468513853905,1.1738035264483628,-0.001,-0.0429,288634.88,67130.1195
513500.SH,2021-02-05,1.1738035264483628,1.183375314861461,1.1934508816120908,1.183375314861461,1.1934508816120908,0.039,1.6738,321210.715,75814.988765
513500.SH,2021-02-08,1.1934508816120908,1.1974811083123424,1.2141057934508817,1.1919395465994962,1.1939546599496222,0.001,0.0422,612833.02,145681.50421
513500.SH,2021-02-09,1.1939546599496222,1.208060453400504,1.208060453400504,1.1949622166246852,1.2010075566750629,0.014,0.5907,149796.04,35677.427275
513500.SH,2021-02-10,1.2010075566750629,1.2010075566750629,1.2015113350125943,1.1954659949622168,1.2000000000000002,-0.002,-0.0839,238541.42,56792.44197
513500.SH,2021-02-18,1.2000000000000002,1.202015113350126,1.202015113350126,1.1974811083123424,1.2015113350125943,0.003,0.1259,320990.38,76464.04605
513500.SH,2021-02-19,1.2015113350125943,1.2000000000000002,1.2000000000000002,1.1919395465994962,1.1979848866498741,-0.007,-0.2935,160401.89500000002,38035.940755
513500.SH,2021-02-22,1.1979848866498741,1.196977329974811,1.198992443324937,1.192947103274559,1.1939546599496222,-0.008,-0.3364,301864.905,71613.41668000001
513500.SH,2021-02-23,1.1939546599496222,1.1904282115869018,1.1949622166246852,1.1798488664987405,1.1939546599496222,0.0,0.0,192279.01,45424.063115000004
513500.SH,2021-02-24,1.1939546599496222,1.1939546599496222,1.1944584382871537,1.183375314861461,1.1843828715365239,-0.019,-0.8017,374394.82,88223.16223
513500.SH,2021-02-25,1.1843828715365239,1.2000000000000002,1.208060453400504,1.1994962216624685,1.204030226700252,0.039,1.6589,832699.56,198880.50663500003
513500.SH,2021-02-26,1.204030226700252,1.1753148614609572,1.1838790931989924,1.1707808564231736,1.1717884130982368,-0.064,-2.6778,535580.79,125132.186725
513500.SH,2021-03-01,1.1717884130982368,1.1899244332493704,1.1899244332493704,1.1753148614609572,1.180352644836272,0.017,0.7309,228707.73,53620.38021
513500.SH,2021-03-02,1.180352644836272,1.1984886649874056,1.1984886649874056,1.1909319899244333,1.1974811083123424,0.034,1.4511,277055.184,65708.76025
513500.SH,2021-03-03,1.1974811083123424,1.1924433249370276,1.1979848866498741,1.187405541561713,1.196977329974811,-0.001,-0.0421,272794.58,64693.915105
513500.SH,2021-03-04,1.196977329974811,1.1884130982367758,1.1884130982367758,1.169773299748111,1.1722921914357682,-0.049,-2.0623,241098.1,56186.850230000004
513500.SH,2021-03-05,1.1722921914357682,1.1465994962216624,1.163727959697733,1.1465994962216624,1.160705289672544,-0.023,-0.9884,287025.04500000004,65766.45626
513500.SH,2021-03-08,1.160705289672544,1.1843828715365239,1.1879093198992443,1.179345088161209,1.185390428211587,0.049,2.1267,397706.66000000003,93420.49964000001
513500.SH,2021-03-09,1.185390428211587,1.1869017632241814,1.2015113350125943,1.1848866498740553,1.1964735516372795,0.022,0.935,1179858.195,279525.52245499997
513500.SH,2021-03-10,1.1964735516372795,1.198992443324937,1.2045340050377833,1.1944584382871537,1.1954659949622168,-0.002,-0.0842,215128.345,51197.169625
513500.SH,2021-03-11,1.1954659949622168,1.2045340050377833,1.215617128463476,1.2045340050377833,1.2146095717884131,0.038,1.6013,593010.81,142631.50804000002
513500.SH,2021-03-12,1.2146095717884131,1.2267002518891688,1.2267002518891688,1.2146095717884131,1.215617128463476,0.002,0.083,309084.35000000003,74803.909165
513500.SH,2021-03-15,1.215617128463476,1.2176322418136019,1.224685138539043,1.2176322418136019,1.2231738035264483,0.015,0.6216,335977.13,81514.90237000001
513500.SH,2021-03-16,1.2231738035264483,1.2302267002518892,1.2332493702770781,1.224685138539043,1.2307304785894206,0.015,0.6178,496899.09500000003,121151.940155
513500.SH,2021-03-17,1.2307304785894206,1.2287153652392948,1.2287153652392948,1.2216624685138537,1.2256926952141056,-0.01,-0.4093,272838.25,66320.078715
513500.SH,2021-03-18,1.2256926952141056,1.2322418136020152,1.234256926952141,1.2251889168765744,1.2267002518891688,0.002,0.0822,312046.10895,76039.369195
513500.SH,2021-03-19,1.2267002518891688,1.2105793450881612,1.2181360201511335,1.209571788413098,1.2115869017632241,-0.03,-1.232,305285.06,73486.016055
513500.SH,2021-03-22,1.2115869017632241,1.2085642317380354,1.2125944584382873,1.202015113350126,1.2115869017632241,0.0,0.0,201445.74000000002,48362.966775
513500.SH,2021-03-23,1.2115869017632241,1.2216624685138537,1.2226700251889169,1.2115869017632241,1.2171284634760704,0.011,0.4574,309604.42000000004,74744.994365
513500.SH,2021-03-24,1.2171284634760704,1.2166246851385392,1.2166246851385392,1.2070528967254408,1.2090680100755666,-0.016,-0.6623,402246.35500000004,96533.93442500001
513500.SH,2021-03-25,1.2090680100755666,1.2000000000000002,1.2090680100755666,1.2000000000000002,1.2085642317380354,-0.001,-0.0417,467745.4,112017.248055
513500.SH,2021-03-26,1.2085642317380354,1.2130982367758185,1.2221662468513854,1.2130982367758185,1.2221662468513854,0.027,1.1255,171392.84,41474.905615
513500.SH,2021-03-29,1.2221662468513854,1.224685138539043,1.2322418136020152,1.224685138539043,1.231234256926952,0.018,0.742,344224.9241,83950.11228
513500.SH,2021-03-30,1.231234256926952,1.234256926952141,1.241309823677582,1.2322418136020152,1.2392947103274559,0.016,0.6547,181806.15000000002,44709.12765
513500.SH,2021-03-31,1.2392947103274559,1.2488664987405542,1.2488664987405542,1.2322418136020152,1.2332493702770781,-0.012,-0.4878,172546.125,42309.590175
513500.SH,2021-04-01,1.2332493702770781,1.2392947103274559,1.246347607052897,1.2392947103274559,1.2458438287153653,0.025,1.0212,148898.82,36731.09902
513500.SH,2021-04-02,1.2458438287153653,1.257934508816121,1.2609571788413099,1.2534005037783376,1.257934508816121,0.024,0.9705,285760.60000000003,71284.96865499999
513500.SH,2021-04-06,1.257934508816121,1.2730478589420655,1.2770780856423174,1.269521410579345,1.2745591939546599,0.033,1.3216,470393.39,118796.56496
513500.SH,2021-04-07,1.2745591939546599,1.2730478589420655,1.2745591939546599,1.2649874055415617,1.2725440806045338,-0.004,-0.1581,328142.335,82680.57377
513500.SH,2021-04-08,1.2725440806045338,1.2750629722921916,1.279596977329975,1.2750629722921916,1.2775818639798489,0.01,0.3959,413578.72000000003,104865.300995
513500.SH,2021-04-09,1.2775818639798489,1.3057934508816122,1.3057934508816122,1.2775818639798489,1.2801007556675064,0.005,0.1972,468600.935,119091.601465
513500.SH,2021-04-12,1.2801007556675064,1.2846347607052897,1.289168765743073,1.2846347607052897,1.2886649874055416,0.017,0.669,375536.195,95948.835825
513500.SH,2021-04-13,1.2886649874055416,1.2881612090680101,1.290176322418136,1.2846347607052897,1.2881612090680101,-0.001,-0.0391,234706.9161,59977.233535
513500.SH,2021-04-14,1.2881612090680101,1.2916876574307306,1.2942065491183878,1.290176322418136,1.2942065491183878,0.012,0.4693,372286.75,95485.91596
513500.SH,2021-04-15,1.2942065491183878,1.2896725440806045,1.2916876574307306,1.2846347607052897,1.2916876574307306,-0.005,-0.1946,490056.80000000005,125253.54565500001
513500.SH,2021-04-16,1.2916876574307306,1.2987405541561712,1.3047858942065491,1.2977329974811083,1.301259445843829,0.019,0.741,474990.65,122706.754925
513500.SH,2021-04-19,1.301259445843829,1.3022670025188916,1.3047858942065491,1.2987405541561712,1.2997481108312343,-0.003,-0.1161,337894.64,87353.301485
513500.SH,2021-04-20,1.2997481108312343,1.2937027707808564,1.2947103274559193,1.2896725440806045,1.2896725440806045,-0.02,-0.7752,398941.33,102360.238935
513500.SH,2021-04-21,1.2896725440806045,1.2760705289672545,1.2826196473551637,1.2730478589420655,1.2811083123425693,-0.017,-0.6641,472304.945,119754.66094
513500.SH,2021-04-22,1.2811083123425693,1.290176322418136,1.291183879093199,1.286146095717884,1.2886649874055416,0.015,0.5899,199137.185,50915.019739999996
513500.SH,2021-04-23,1.2886649874055416,1.2790931989924434,1.2806045340050376,1.275566750629723,1.2770780856423174,-0.023,-0.8991,261648.80500000002,66388.80735500001
513500.SH,2021-04-26,1.2770780856423174,1.2881612090680101,1.2906801007556674,1.2866498740554155,1.2896725440806045,0.025,0.9862,199329.73,50980.002685
513500.SH,2021-04-27,1.2896725440806045,1.2916876574307306,1.2967254408060453,1.2916876574307306,1.296221662468514,0.013,0.5078,218802.58000000002,56222.41746
513500.SH,2021-04-28,1.296221662468514,1.2957178841309824,1.2957178841309824,1.292191435768262,1.2942065491183878,-0.004,-0.1555,146264.725,37542.146199999996
513500.SH,2021-04-29,1.2942065491183878,1.2957178841309824,1.2997481108312343,1.2957178841309824,1.2997481108312343,0.011,0.4282,202787.6,52232.152595
513500.SH,2021-04-30,1.2997481108312343,1.2997481108312343,1.3007556675062972,1.2931989924433251,1.2997481108312343,0.0,0.0,362730.96,93325.56503000001
513500.SH,2021-05-06,1.2997481108312343,1.2937027707808564,1.2937027707808564,1.2836272040302268,1.2926952141057935,-0.014,-0.5426,284039.60500000004,72639.73314000001
513500.SH,2021-05-07,1.2926952141057935,1.3022670025188916,1.302770780856423,1.2942065491183878,1.2992443324937029,0.013,0.5066,307526.14485000004,79192.6072
513500.SH,2021-05-10,1.2992443324937029,1.3057934508816122,1.3073047858942066,1.301259445843829,1.3022670025188916,0.006,0.2326,423102.75,109568.58778500001
513500.SH,2021-05-11,1.3022670025188916,1.2826196473551637,1.2831234256926953,1.2715365239294711,1.2826196473551637,-0.039,-1.5087,426098.11500000005,108038.2699
513500.SH,2021-05-12,1.2826196473551637,1.2720403022670026,1.2740554156171284,1.2659949622166247,1.2730478589420655,-0.019,-0.7463,543316.3350000001,136917.94160500003
513500.SH,2021-05-13,1.2730478589420655,1.2488664987405542,1.251889168765743,1.2488664987405542,1.2493702770780857,-0.047,-1.8599,445610.66500000004,110588.95321500002
513500.SH,2021-05-14,1.2493702770780857,1.2604534005037782,1.2690176322418136,1.2604534005037782,1.268513853904282,0.038,1.5323,392831.5,98598.91801500002
513500.SH,2021-05-17,1.268513853904282,1.2780856423173803,1.2816120906801007,1.2750629722921916,1.2785894206549118,0.02,0.7943,511210.92515,129676.840255
513500.SH,2021-05-18,1.2785894206549118,1.2780856423173803,1.2836272040302268,1.2770780856423174,1.2821158690176322,0.007,0.2758,267127.405,67859.942465
513500.SH,2021-05-19,1.2821158690176322,1.2639798488664986,1.2639798488664986,1.2594458438287153,1.2614609571788413,-0.041,-1.611,338775.98000000004,84824.27253500001
513500.SH,2021-05-20,1.2614609571788413,1.2594458438287153,1.2634760705289674,1.256926952141058,1.2599496221662467,-0.003,-0.1198,324184.245,81216.25117999999
513500.SH,2021-05-21,1.2599496221662467,1.2720403022670026,1.2780856423173803,1.2710327455919397,1.2760705289672545,0.032,1.2795,297487.98000000004,75269.79859
513500.SH,2021-05-24,1.2760705289672545,1.2750629722921916,1.2780856423173803,1.2750629722921916,1.2780856423173803,0.004,0.1579,335645.635,85067.038035
513500.SH,2021-05-25,1.2780856423173803,1.2866498740554155,1.2876574307304787,1.2821158690176322,1.2851385390428212,0.014,0.5518,653676.38,166668.80996
513500.SH,2021-05-26,1.2851385390428212,1.2841309823677582,1.2841309823677582,1.2775818639798489,1.279596977329975,-0.011,-0.4312,414863.015,105454.123455
513500.SH,2021-05-27,1.279596977329975,1.2770780856423174,1.2770780856423174,1.2700251889168765,1.270528967254408,-0.018,-0.7087,288772.02365,73037.53111000001
513500.SH,2021-05-28,1.270528967254408,1.2745591939546599,1.2831234256926953,1.2745591939546599,1.2780856423173803,0.015,0.5948,420761.89905000007,106785.093745
513500.SH,2021-05-31,1.2780856423173803,1.2770780856423174,1.279596977329975,1.2750629722921916,1.275566750629723,-0.005,-0.1971,343852.18080000003,87183.163165
513500.SH,2021-06-01,1.275566750629723,1.2765743073047857,1.2765743073047857,1.2720403022670026,1.2765743073047857,0.002,0.079,197220.33005000002,49882.456485
513500.SH,2021-06-02,1.2765743073047857,1.2770780856423174,1.2770780856423174,1.2750629722921916,1.2760705289672545,-0.001,-0.0395,155854.26,39475.014145
513500.SH,2021-06-03,1.2760705289672545,1.2775818639798489,1.2790931989924434,1.2760705289672545,1.2780856423173803,0.004,0.1579,159121.57,40358.432440000004
513500.SH,2021-06-04,1.2780856423173803,1.2775818639798489,1.2775818639798489,1.2725440806045338,1.2760705289672545,-0.004,-0.1577,352944.92985,89269.03888
513500.SH,2021-06-07,1.2760705289672545,1.2821158690176322,1.2881612090680101,1.2816120906801007,1.2881612090680101,0.024,0.9475,207212.165,52831.570985000006
513500.SH,2021-06-08,1.2881612090680101,1.2881612090680101,1.290176322418136,1.286146095717884,1.2881612090680101,0.0,0.0,242773.44,62101.028705
513500.SH,2021-06-09,1.2881612090680101,1.289168765743073,1.2896725440806045,1.2866498740554155,1.2886649874055416,0.001,0.0391,148821.405,38058.545935
513500.SH,2021-06-10,1.2886649874055416,1.2886649874055416,1.2886649874055416,1.2826196473551637,1.2841309823677582,-0.009,-0.3518,131117.19,33447.708535
513500.SH,2021-06-11,1.2841309823677582,1.289168765743073,1.2906801007556674,1.2866498740554155,1.2881612090680101,0.008,0.3138,130597.12000000001,33410.9642
513500.SH,2021-06-15,1.2881612090680101,1.2957178841309824,1.2982367758186397,1.1591939546599497,1.296221662468514,0.016,0.6257,451126.98000000004,115761.36498
513500.SH,2021-06-16,1.296221662468514,1.2931989924433251,1.2931989924433251,1.290176322418136,1.2916876574307306,-0.009,-0.3498,187397.89500000002,48056.12349
513500.SH,2021-06-17,1.2916876574307306,1.2836272040302268,1.289168765743073,1.2821158690176322,1.2851385390428212,-0.013,-0.507,163641.415,41717.508345
513500.SH,2021-06-18,1.2851385390428212,1.2896725440806045,1.2937027707808564,1.2896725440806045,1.291183879093199,0.012,0.4704,468906.3074,120224.64343500002
513500.SH,2021-06-21,1.291183879093199,1.2770780856423174,1.2770780856423174,1.269521410579345,1.2740554156171284,-0.034,-1.3266,555170.755,140216.662245
513500.SH,2021-06-22,1.2740554156171284,1.286146095717884,1.2982367758186397,1.286146095717884,1.2982367758186397,0.048,1.898,513658.45,132127.18182000003
513500.SH,2021-06-23,1.2982367758186397,1.3047858942065491,1.3108312342569268,1.3032745591939547,1.3098236775818641,0.023,0.8925,296560.985,76940.245565
513500.SH,2021-06-24,1.3098236775818641,1.3083123425692695,1.3083123425692695,1.3062972292191435,1.307808564231738,-0.004,-0.1538,112301.375,29150.46739
513500.SH,2021-06-25,1.307808564231738,1.313853904282116,1.3158690176322418,1.3113350125944585,1.3113350125944585,0.007,0.2696,160489.23500000002,41825.035794999996
513500.SH,2021-06-28,1.3113350125944585,1.3153652392947104,1.3229219143576827,1.3098236775818641,1.313853904282116,0.005,0.1921,204455.0,53353.959465
513500.SH,2021-06-29,1.313853904282116,1.3173803526448364,1.3183879093198994,1.3133501259445846,1.3143576826196475,0.001,0.0383,142141.88,37089.55429
513500.SH,2021-06-30,1.3143576826196475,1.3163727959697733,1.3188916876574306,1.3158690176322418,1.317884130982368,0.007,0.2683,81492.19,21315.055055
513500.SH,2021-07-01,1.317884130982368,1.3209068010075566,1.3229219143576827,1.3204030226700252,1.3214105793450883,0.007,0.2676,89208.81795000001,23403.14603
513500.SH,2021-07-02,1.3214105793450883,1.3264483627204031,1.3329974811083123,1.3264483627204031,1.3324937027707808,0.022,0.8387,198515.14555000002,52415.207310000005
513500.SH,2021-07-05,1.3324937027707808,1.3395465994962217,1.343073047858942,1.3365239294710327,1.3395465994962217,0.014,0.5293,704881.4400000001,187355.616485
513500.SH,2021-07-06,1.3395465994962217,1.3400503778337531,1.3440806045340052,1.3375314861460956,1.3420654911838792,0.005,0.188,548050.56,145838.98021500002
513500.SH,2021-07-07,1.3420654911838792,1.3400503778337531,1.3415617128463475,1.3365239294710327,1.3400503778337531,-0.004,-0.1502,246793.065,65606.51488500001
513500.SH,2021-07-08,1.3400503778337531,1.341057934508816,1.3445843828715365,1.3355163727959698,1.3360201511335013,-0.008,-0.3008,224505.48500000002,59729.33681000001
513500.SH,2021-07-09,1.3360201511335013,1.3259445843828717,1.3380352644836273,1.3249370277078085,1.3370277078085642,0.002,0.0754,406645.11500000005,107458.46529500002
513500.SH,2021-07-12,1.3370277078085642,1.3435768261964736,1.3491183879093198,1.3435768261964736,1.3486146095717884,0.023,0.8666,303905.4453,81249.259745
513500.SH,2021-07-13,1.3486146095717884,1.3511335012594459,1.3536523929471032,1.347103274559194,1.3476070528967254,-0.002,-0.0747,322804.67000000004,86567.765525
513500.SH,2021-07-14,1.3476070528967254,1.347103274559194,1.3491183879093198,1.3435768261964736,1.3455919395465994,-0.004,-0.1495,312710.945,83599.61289
513500.SH,2021-07-15,1.3455919395465994,1.3425692695214106,1.3491183879093198,1.3425692695214106,1.347103274559194,0.003,0.1123,188287.17500000002,50341.277325
513500.SH,2021-07-16,1.347103274559194,1.3440806045340052,1.3445843828715365,1.3415617128463475,1.3440806045340052,-0.006,-0.2244,320708.51,85518.331755
513500.SH,2021-07-19,1.3440806045340052,1.3289672544080604,1.3350125944584383,1.3264483627204031,1.3329974811083123,-0.022,-0.8246,123977.145,32746.110285
513500.SH,2021-07-20,1.3329974811083123,1.3274559193954658,1.330478589420655,1.3168765743073048,1.3279596977329975,-0.01,-0.3779,427755.59,112520.52297
513500.SH,2021-07-21,1.3279596977329975,1.3375314861460956,1.3395465994962217,1.3324937027707808,1.3375314861460956,0.019,0.7208,273533.0,72575.151165
513500.SH,2021-07-22,1.3375314861460956,1.346095717884131,1.3465994962216625,1.3425692695214106,1.3455919395465994,0.016,0.6026,82238.55,21954.88606
513500.SH,2021-07-23,1.3455919395465994,1.3455919395465994,1.3455919395465994,1.3455919395465994,1.3455919395465994,0.0,0.0,369761.83,99003.798465
513500.SH,2021-07-26,1.3486146095717884,1.3541561712846348,1.359697732997481,1.3541561712846348,1.3566750629722923,0.016,0.5977,317044.2,85388.41152000001
513500.SH,2021-07-27,1.3566750629722923,1.3612090680100755,1.3662468513853905,1.3602015113350128,1.3632241813602015,0.013,0.4827,246949.88,66854.10525000001
513500.SH,2021-07-28,1.3632241813602015,1.36272040302267,1.3677581863979849,1.3591939546599496,1.361712846347607,-0.003,-0.1109,300475.405,81271.72002000001
513500.SH,2021-07-29,1.361712846347607,1.3612090680100755,1.3612090680100755,1.3536523929471032,1.3586901763224182,-0.006,-0.222,223971.52000000002,60294.4544
513500.SH,2021-07-30,1.3586901763224182,1.3602015113350128,1.3602015113350128,1.3481108312342571,1.350125944584383,-0.017,-0.6303,412516.745,110592.978795
513500.SH,2021-08-02,1.350125944584383,1.357682619647355,1.363727959697733,1.3561712846347609,1.3622166246851386,0.024,0.8955,246564.79,66623.68446500001
513500.SH,2021-08-03,1.3622166246851386,1.3546599496221663,1.3566750629722923,1.3506297229219144,1.3556675062972292,-0.013,-0.4808,361877.41000000003,97317.68190000001
513500.SH,2021-08-04,1.3556675062972292,1.3632241813602015,1.366750629722922,1.3591939546599496,1.3602015113350128,0.009,0.3344,280536.08,75821.531325
513500.SH,2021-08-05,1.3602015113350128,1.3571788413098236,1.359697732997481,1.3546599496221663,1.3571788413098236,-0.006,-0.2222,286173.48000000004,77107.485785
513500.SH,2021-08-06,1.3571788413098236,1.36272040302267,1.3652392947103276,1.3602015113350128,1.3642317380352647,0.014,0.5197,243470.17500000002,65828.71380000001
513500.SH,2021-08-09,1.3642317380352647,1.364735516372796,1.3702770780856424,1.36272040302267,1.3677581863979849,0.007,0.2585,204818.255,55583.46978
513500.SH,2021-08-10,1.3677581863979849,1.3677581863979849,1.3707808564231738,1.3632241813602015,1.3662468513853905,-0.003,-0.1105,389637.635,105625.50637
513500.SH,2021-08-11,1.3662468513853905,1.366750629722922,1.3707808564231738,1.366750629722922,1.3682619647355165,0.004,0.1475,171139.5143,46485.13494
513500.SH,2021-08-12,1.3682619647355165,1.3702770780856424,1.3727959697732999,1.368765743073048,1.3692695214105794,0.002,0.0736,316629.335,86153.72827
513500.SH,2021-08-13,1.3692695214105794,1.3748110831234257,1.3788413098236776,1.3722921914357684,1.3783375314861461,0.018,0.6623,538183.125,146871.648675
513500.SH,2021-08-16,1.3783375314861461,1.3778337531486147,1.3788413098236776,1.3722921914357684,1.3727959697732999,-0.011,-0.402,398435.155,108736.97799000001
513500.SH,2021-08-17,1.3727959697732999,1.3763224181360203,1.3803526448362722,1.3743073047858942,1.3758186397984886,0.006,0.2202,397133.33245000005,108594.421245
513500.SH,2021-08-18,1.3758186397984886,1.3712846347607053,1.3753148614609572,1.3682619647355165,1.3748110831234257,-0.002,-0.0732,241338.76140000002,65716.14048
513500.SH,2021-08-19,1.3748110831234257,1.3612090680100755,1.3632241813602015,1.3511335012594459,1.3526448362720402,-0.044,-1.6123,362838.15,97739.97874
513500.SH,2021-08-20,1.3526448362720402,1.3607052896725442,1.3632241813602015,1.357682619647355,1.3602015113350128,0.015,0.5587,321119.405,86737.133665
513500.SH,2021-08-23,1.3602015113350128,1.3717884130982367,1.379345088161209,1.3717884130982367,1.379345088161209,0.038,1.4074,224964.02000000002,61465.15976
513500.SH,2021-08-24,1.379345088161209,1.3869017632241813,1.3879093198992443,1.384382871536524,1.3869017632241813,0.015,0.5478,285887.64,78681.666215
513500.SH,2021-08-25,1.3869017632241813,1.38639798488665,1.38639798488665,1.381360201511335,1.382367758186398,-0.009,-0.3269,404138.06,110947.86305
513500.SH,2021-08-26,1.382367758186398,1.3828715365239295,1.3838790931989924,1.3818639798488666,1.383375314861461,0.002,0.0729,261108.885,71680.50174
513500.SH,2021-08-27,1.383375314861461,1.3783375314861461,1.38639798488665,1.3768261964735518,1.384382871536524,0.002,0.0728,322856.28,88512.27549500001
513500.SH,2021-08-30,1.384382871536524,1.3894206549118389,1.3929471032745593,1.3879093198992443,1.3894206549118389,0.01,0.3639,253323.71500000003,69876.93867999999
513500.SH,2021-08-31,1.3894206549118389,1.3949622166246851,1.4015113350125945,1.3934508816120907,1.4005037783375314,0.022,0.7977,341586.74,94822.42177000002
513500.SH,2021-09-01,1.4005037783375314,1.397984886649874,1.4005037783375314,1.3939546599496222,1.4,-0.001,-0.036,266126.965,73748.05789
513500.SH,2021-09-02,1.4,1.3984886649874055,1.3984886649874055,1.3894206549118389,1.3914357682619647,-0.017,-0.6117,379148.895,104729.15977
513500.SH,2021-09-03,1.3914357682619647,1.3944584382871537,1.3994962216624685,1.3939546599496222,1.3969773299748112,0.011,0.3983,267210.775,74080.21985000001
513500.SH,2021-09-06,1.3969773299748112,1.3949622166246851,1.3969773299748112,1.3909319899244332,1.3954659949622166,-0.003,-0.1082,291447.625,80619.454975
513500.SH,2021-09-07,1.3954659949622166,1.3949622166246851,1.395969773299748,1.3934508816120907,1.3954659949622166,0.0,0.0,276246.495,76505.44521
513500.SH,2021-09-08,1.3954659949622166,1.3919395465994961,1.3929471032745593,1.3879093198992443,1.3889168765743074,-0.013,-0.4693,284909.03500000003,78630.40756
513500.SH,2021-09-09,1.3889168765743074,1.385390428211587,1.385390428211587,1.382367758186398,1.384382871536524,-0.009,-0.3264,298756.395,82055.527045
513500.SH,2021-09-10,1.384382871536524,1.3818639798488666,1.385390428211587,1.3803526448362722,1.3848866498740555,0.001,0.0364,231000.405,63402.549535
513500.SH,2021-09-13,1.3848866498740555,1.3743073047858942,1.3753148614609572,1.3697732997481107,1.3748110831234257,-0.02,-0.7275,305392.25,83201.138035
513500.SH,2021-09-14,1.3748110831234257,1.3753148614609572,1.3783375314861461,1.3732997481108313,1.3743073047858942,-0.001,-0.0366,758000.04,206968.790105
513500.SH,2021-09-15,1.3743073047858942,1.3657430730478588,1.3692695214105794,1.363727959697733,1.3657430730478588,-0.017,-0.6232,227439.1562,61659.306655
513500.SH,2021-09-16,1.3657430730478588,1.3748110831234257,1.3778337531486147,1.368765743073048,1.3707808564231738,0.01,0.3689,630616.635,171811.87945500002
513500.SH,2021-09-17,1.3707808564231738,1.3712846347607053,1.3788413098236776,1.3697732997481107,1.3783375314861461,0.015,0.5513,271700.84500000003,74141.316165
513500.SH,2021-09-22,1.3783375314861461,1.3465994962216625,1.352141057934509,1.3420654911838792,1.350125944584383,-0.056,-2.0468,722637.265,193129.568605
513500.SH,2021-09-23,1.350125944584383,1.3622166246851386,1.36272040302267,1.357682619647355,1.3607052896725442,0.021,0.7836,347547.695,93790.477835
513500.SH,2021-09-24,1.3607052896725442,1.3707808564231738,1.3727959697732999,1.3682619647355165,1.3692695214105794,0.017,0.6294,474966.83,129172.52123
513500.SH,2021-09-27,1.3692695214105794,1.3748110831234257,1.3783375314861461,1.3717884130982367,1.3778337531486147,0.017,0.6255,331437.435,90512.92324999999
513500.SH,2021-09-28,1.3778337531486147,1.3702770780856424,1.3702770780856424,1.3612090680100755,1.364735516372796,-0.026,-0.9506,334722.61000000004,90681.7078
513500.SH,2021-09-29,1.364735516372796,1.3400503778337531,1.3486146095717884,1.3400503778337531,1.3440806045340052,-0.041,-1.5135,714381.65,190733.447315
513500.SH,2021-09-30,1.3440806045340052,1.3440806045340052,1.3526448362720402,1.3440806045340052,1.3516372795969773,0.015,0.5622,304038.48000000004,81431.50259500001
513500.SH,2021-10-08,1.3516372795969773,1.3586901763224182,1.359697732997481,1.3506297229219144,1.3506297229219144,-0.002,-0.0745,214769.06,57730.288965
513500.SH,2021-10-11,1.3506297229219144,1.350125944584383,1.3506297229219144,1.3420654911838792,1.3425692695214106,-0.016,-0.5968,377461.645,100838.35134500002
513500.SH,2021-10-12,1.3425692695214106,1.3345088161209069,1.3400503778337531,1.3279596977329975,1.3289672544080604,-0.027,-1.0131,717140.8,189885.45333000002
513500.SH,2021-10-13,1.3289672544080604,1.3314861460957177,1.3365239294710327,1.330478589420655,1.3360201511335013,0.014,0.5307,270992.2,71681.64510000001
513500.SH,2021-10-14,1.3360201511335013,1.3405541561712846,1.3486146095717884,1.3405541561712846,1.3481108312342571,0.024,0.905,225062.2378,60061.449145
513500.SH,2021-10-15,1.3481108312342571,1.364735516372796,1.368765743073048,1.3566750629722923,1.3652392947103276,0.034,1.2706,314612.575,85217.56654000001
513500.SH,2021-10-18,1.3652392947103276,1.3672544080604534,1.379345088161209,1.3642317380352647,1.3652392947103276,0.0,0.0,289234.35000000003,78577.616485
513500.SH,2021-10-19,1.3652392947103276,1.3702770780856424,1.3753148614609572,1.368765743073048,1.3743073047858942,0.018,0.6642,328126.455,89370.50017
513500.SH,2021-10-20,1.3743073047858942,1.3773299748110832,1.3803526448362722,1.3758186397984886,1.3778337531486147,0.007,0.2566,288642.82,78928.60815500001
513500.SH,2021-10-21,1.3778337531486147,1.3803526448362722,1.3803526448362722,1.3768261964735518,1.3778337531486147,0.0,0.0,390423.695,106865.926915
513500.SH,2021-10-22,1.3778337531486147,1.3818639798488666,1.3848866498740555,1.3818639798488666,1.3838790931989924,0.012,0.4388,161219.715,44270.39104
513500.SH,2021-10-25,1.3838790931989924,1.3778337531486147,1.3848866498740555,1.3778337531486147,1.3838790931989924,0.0,0.0,492690.895,135128.24377
513500.SH,2021-10-26,1.3838790931989924,1.3914357682619647,1.3939546599496222,1.3914357682619647,1.3934508816120907,0.019,0.6917,96810.435,26754.92175
513500.SH,2021-10-27,1.3934508816120907,1.3939546599496222,1.3944584382871537,1.3889168765743074,1.3924433249370276,-0.002,-0.0723,167931.0,46365.532735
513500.SH,2021-10-28,1.3924433249370276,1.3848866498740555,1.3884130982367757,1.3848866498740555,1.3869017632241813,-0.011,-0.398,189996.26,52316.263
513500.SH,2021-10-29,1.3869017632241813,1.3964735516372795,1.4,1.3894206549118389,1.3894206549118389,0.005,0.1816,197511.47,54604.592835
513500.SH,2021-11-01,1.3894206549118389,1.403022670025189,1.4085642317380351,1.403022670025189,1.4065491183879093,0.034,1.2328,190065.73500000002,53071.263705
513500.SH,2021-11-02,1.4065491183879093,1.4065491183879093,1.4065491183879093,1.401007556675063,1.4035264483627203,-0.006,-0.2149,143231.64500000002,39890.407155
513500.SH,2021-11-03,1.4035264483627203,1.4090680100755668,1.4136020151133502,1.4085642317380351,1.4130982367758187,0.019,0.682,161636.565,45268.76267
513500.SH,2021-11-04,1.4130982367758187,1.4181360201511335,1.4211586901763225,1.4181360201511335,1.4206549118387908,0.015,0.5348,119155.58,33580.112005
513500.SH,2021-11-05,1.4206549118387908,1.4231738035264485,1.4272040302267004,1.4231738035264485,1.4267002518891687,0.012,0.4255,178139.855,50424.923240000004
513500.SH,2021-11-08,1.4267002518891687,1.4267002518891687,1.4347607052896725,1.4256926952141058,1.4282115869017633,0.003,0.1059,871349.495,247175.65390000003
513500.SH,2021-11-09,1.4282115869017633,1.4277078085642319,1.436272040302267,1.4261964735516373,1.4277078085642319,-0.001,-0.0353,1326311.495,376783.88263
513500.SH,2021-11-10,1.4277078085642319,1.4261964735516373,1.4267002518891687,1.4201511335012595,1.421662468513854,-0.012,-0.4234,446734.17500000005,126225.74903
513500.SH,2021-11-11,1.421662468513854,1.4161209068010074,1.4201511335012595,1.4156171284634762,1.4181360201511335,-0.007,-0.2481,218168.7695,61399.168435
513500.SH,2021-11-12,1.4181360201511335,1.418639798488665,1.4211586901763225,1.4171284634760706,1.4171284634760706,-0.002,-0.071,156592.68000000002,44097.209715000005
513500.SH,2021-11-15,1.4171284634760706,1.42367758186398,1.4287153652392948,1.42367758186398,1.4267002518891687,0.019,0.6754,267988.895,75909.677235
513500.SH,2021-11-16,1.4267002518891687,1.4267002518891687,1.4282115869017633,1.421662468513854,1.4226700251889168,-0.008,-0.2825,213260.46000000002,60347.72783
513500.SH,2021-11-17,1.4226700251889168,1.4307304785894206,1.4322418136020152,1.4287153652392948,1.4322418136020152,0.019,0.6728,142999.99550000002,40604.234990000004
513500.SH,2021-11-18,1.4322418136020152,1.4312342569269523,1.4312342569269523,1.4256926952141058,1.4272040302267004,-0.01,-0.3517,526412.0750000001,149029.92925000002
513500.SH,2021-11-19,1.4272040302267004,1.4307304785894206,1.4367758186397985,1.4307304785894206,1.436272040302267,0.018,0.6354,897309.26545,255542.371335
513500.SH,2021-11-22,1.436272040302267,1.433249370277078,1.4357682619647356,1.4317380352644837,1.434256926952141,-0.004,-0.1403,364074.805,103624.21944500001
513500.SH,2021-11-23,1.434256926952141,1.4256926952141058,1.4282115869017633,1.4211586901763225,1.421662468513854,-0.025,-0.8781,889194.645,251427.232105
513500.SH,2021-11-24,1.421662468513854,1.4272040302267004,1.4282115869017633,1.4246851385390427,1.4267002518891687,0.01,0.3544,260916.34000000003,73882.15853500001
513500.SH,2021-11-25,1.4267002518891687,1.4337531486146096,1.4367758186397985,1.4327455919395466,1.436272040302267,0.019,0.6709,215374.46515000003,61308.227645000006
513500.SH,2021-11-26,1.436272040302267,1.4277078085642319,1.4277078085642319,1.4130982367758187,1.414609571788413,-0.043,-1.5082,587232.475,165439.30691500002
513500.SH,2021-11-29,1.414609571788413,1.4055415617128464,1.4141057934508816,1.402015113350126,1.4136020151133502,-0.002,-0.0712,434834.08015,121681.2543
513500.SH,2021-11-30,1.4136020151133502,1.4206549118387908,1.4226700251889168,1.395969773299748,1.405037783375315,-0.017,-0.6058,934835.75,261371.21466
513500.SH,2021-12-01,1.405037783375315,1.397984886649874,1.4005037783375314,1.3929471032745593,1.3994962216624685,-0.011,-0.3944,1263881.26,350554.16012
513500.SH,2021-12-02,1.3994962216624685,1.3768261964735518,1.382367758186398,1.3743073047858942,1.3803526448362722,-0.038,-1.3679,1243346.5938,340039.44441
513500.SH,2021-12-03,1.3803526448362722,1.3848866498740555,1.3919395465994961,1.3803526448362722,1.3894206549118389,0.018,0.6569,428446.37,117907.85465500002
513500.SH,2021-12-06,1.3894206549118389,1.3869017632241813,1.3869017632241813,1.381360201511335,1.385390428211587,-0.008,-0.2901,225478.135,61934.104100000004
513500.SH,2021-12-07,1.385390428211587,1.3964735516372795,1.4035264483627203,1.3939546599496222,1.402015113350126,0.033,1.2,400366.42105,111147.659255
513500.SH,2021-12-08,1.402015113350126,1.4221662468513854,1.4256926952141058,1.4221662468513854,1.42367758186398,0.043,1.5451,239814.12260000003,67766.66533
513500.SH,2021-12-09,1.42367758186398,1.4231738035264485,1.4241813602015114,1.4171284634760706,1.42367758186398,0.0,0.0,437708.38,123522.01030500002
513500.SH,2021-12-10,1.42367758186398,1.417632241813602,1.4201511335012595,1.4151133501259447,1.4171284634760706,-0.013,-0.46,177000.465,49789.788745000005
513500.SH,2021-12-13,1.4171284634760706,1.4317380352644837,1.4347607052896725,1.4312342569269523,1.433249370277078,0.032,1.1376,230531.945,65564.78423
513500.SH,2021-12-14,1.433249370277078,1.4206549118387908,1.4206549118387908,1.4161209068010074,1.416624685138539,-0.033,-1.1599,1804156.5750000002,507748.447965
513500.SH,2021-12-15,1.416624685138539,1.4035264483627203,1.412594458438287,1.4035264483627203,1.4090680100755668,-0.015,-0.5334,665448.1843000001,186087.19553000003
513500.SH,2021-12-16,1.4090680100755668,1.4307304785894206,1.439294710327456,1.4226700251889168,1.4387909319899244,0.059,2.1094,1244674.4000000001,354079.736485
513500.SH,2021-12-17,1.4387909319899244,1.4267002518891687,1.4267002518891687,1.4136020151133502,1.4141057934508816,-0.049,-1.7157,342742.01,96439.142735
513500.SH,2021-12-20,1.4141057934508816,1.4005037783375314,1.4005037783375314,1.3904282115869018,1.3914357682619647,-0.045,-1.6031,580445.76,160809.334115
513500.SH,2021-12-21,1.3914357682619647,1.3909319899244332,1.4211586901763225,1.3909319899244332,1.3989924433249372,0.015,0.5431,1280346.835,356570.92538000003
513500.SH,2021-12-22,1.3989924433249372,1.412594458438287,1.412594458438287,1.4060453400503778,1.4105793450881612,0.023,0.8282,600420.8150000001,168045.98708000002
513500.SH,2021-12-23,1.4105793450881612,1.4221662468513854,1.4282115869017633,1.4221662468513854,1.4256926952141058,0.03,1.0714,265759.74,75206.177355
513500.SH,2021-12-24,1.4256926952141058,1.4347607052896725,1.4347607052896725,1.4312342569269523,1.4337531486146096,0.016,0.5654,189950.605,54021.356165000005
513500.SH,2021-12-27,1.4337531486146096,1.434256926952141,1.438287153652393,1.434256926952141,1.436272040302267,0.005,0.1757,247942.38,70649.228735
513500.SH,2021-12-28,1.436272040302267,1.45088161209068,1.4544080604534004,1.4498740554156173,1.4518891687657431,0.031,1.0873,255362.31000000003,73646.37031000001
513500.SH,2021-12-29,1.4518891687657431,1.4523929471032746,1.4564231738035265,1.45088161209068,1.4549118387909319,0.006,0.2082,566979.52,163702.523225
513500.SH,2021-12-30,1.4549118387909319,1.4534005037783375,1.456926952141058,1.4518891687657431,1.4544080604534004,-0.001,-0.0346,1977111.61,571015.221515
513500.SH,2021-12-31,1.4544080604534004,1.4513853904282115,1.4513853904282115,1.4418136020151133,1.4503778337531485,-0.008,-0.2771,475846.185,136875.927095
513500.SH,2022-01-04,1.4503778337531485,1.457934508816121,1.459949622166247,1.4554156171284633,1.4594458438287152,0.018,0.6252,285245.4925,82554.64537
513500.SH,2022-01-05,1.4594458438287152,1.456926952141058,1.456926952141058,1.4503778337531485,1.4539042821158692,-0.011,-0.3797,366377.405,105598.28408
513500.SH,2022-01-06,1.4539042821158692,1.4267002518891687,1.4357682619647356,1.4181360201511335,1.4191435768261966,-0.069,-2.3909,676960.43,191199.65235500003
513500.SH,2022-01-07,1.4191435768261966,1.4267002518891687,1.4307304785894206,1.4261964735516373,1.4282115869017633,0.018,0.639,368277.05000000005,104411.8337
513500.SH,2022-01-10,1.4282115869017633,1.4156171284634762,1.419647355163728,1.4095717884130983,1.418639798488665,-0.019,-0.6702,911047.51,256040.931875
513500.SH,2022-01-11,1.418639798488665,1.4181360201511335,1.4181360201511335,1.4110831234256929,1.412594458438287,-0.012,-0.4261,565844.1,158845.68874500002
513500.SH,2022-01-12,1.412594458438287,1.4267002518891687,1.4287153652392948,1.4246851385390427,1.4287153652392948,0.032,1.1412,778193.4450000001,220385.50237
513500.SH,2022-01-13,1.4287153652392948,1.4292191435768262,1.4292191435768262,1.42367758186398,1.4251889168765743,-0.007,-0.2468,361863.515,102371.5316
513500.SH,2022-01-14,1.4251889168765743,1.4045340050377833,1.4115869017632243,1.4045340050377833,1.4115869017632243,-0.027,-0.9544,415418.815,116114.800185
513500.SH,2022-01-17,1.4115869017632243,1.4075566750629724,1.4105793450881612,1.4045340050377833,1.4075566750629724,-0.008,-0.2855,357440.935,99805.61738000001
513500.SH,2022-01-18,1.4075566750629724,1.4085642317380351,1.4095717884130983,1.401007556675063,1.402015113350126,-0.011,-0.3937,253907.30500000002,70792.23806
513500.SH,2022-01-19,1.402015113350126,1.3874055415617128,1.3899244332493703,1.3773299748110832,1.3798488664987405,-0.044,-1.581,782108.0436500001,214565.38709
513500.SH,2022-01-20,1.3798488664987405,1.3717884130982367,1.3732997481108313,1.3672544080604534,1.3722921914357684,-0.015,-0.5476,2091655.85635,568414.31373
513500.SH,2022-01-21,1.3722921914357684,1.3445843828715365,1.346095717884131,1.3390428211586902,1.345088161209068,-0.054,-1.9824,1616555.9321,430844.50011
513500.SH,2022-01-24,1.345088161209068,1.3365239294710327,1.3365239294710327,1.3279596977329975,1.3289672544080604,-0.032,-1.1985,1767672.2750000001,466867.57543500006
513500.SH,2022-01-25,1.3289672544080604,1.3148614609571787,1.3173803526448364,1.3062972292191435,1.3123425692695214,-0.033,-1.2509,1447124.55,377082.73629000003
513500.SH,2022-01-26,1.3123425692695214,1.3093198992443327,1.3128463476070529,1.306801007556675,1.3103274559193954,-0.004,-0.1536,751350.29,195474.33199
513500.SH,2022-01-27,1.3103274559193954,1.3037783375314862,1.3037783375314862,1.2826196473551637,1.2856423173803526,-0.049,-1.8839,2807998.865,719842.70657
513500.SH,2022-01-28,1.2856423173803526,1.3073047858942066,1.3113350125944585,1.2967254408060453,1.3083123425692695,0.045,1.7633,1791637.1800000002,464915.75471
513500.SH,2022-02-07,1.3083123425692695,1.3476070528967254,1.3571788413098236,1.3440806045340052,1.3566750629722923,0.096,3.6966,1204601.22,323203.621255
513500.SH,2022-02-08,1.3566750629722923,1.352141057934509,1.3561712846347609,1.350125944584383,1.3536523929471032,-0.006,-0.2228,1017020.7050000001,272984.05619000003
513500.SH,2022-02-09,1.3536523929471032,1.3642317380352647,1.3722921914357684,1.3642317380352647,1.3712846347607053,0.035,1.3026,949019.5675,257898.610005
513500.SH,2022-02-10,1.3712846347607053,1.3858942065491184,1.3904282115869018,1.3798488664987405,1.3874055415617128,0.032,1.1756,1838366.20395,505144.79294
513500.SH,2022-02-11,1.3874055415617128,1.3581863979848867,1.3612090680100755,1.3465994962216625,1.3496221662468513,-0.075,-2.7233,2343395.72,628586.41273
513500.SH,2022-02-14,1.3496221662468513,1.3370277078085642,1.3385390428211588,1.3329974811083123,1.3375314861460956,-0.024,-0.8959,1601347.1400000001,424596.3791300001
513500.SH,2022-02-15,1.3375314861460956,1.3335012594458437,1.3340050377833754,1.32544080604534,1.3289672544080604,-0.017,-0.6403,1294835.35,341764.28832500003
513500.SH,2022-02-16,1.3289672544080604,1.345088161209068,1.346095717884131,1.3425692695214106,1.3455919395465994,0.033,1.2509,677075.56,180732.906155
513500.SH,2022-02-17,1.3455919395465994,1.343073047858942,1.3476070528967254,1.3380352644836273,1.3420654911838792,-0.007,-0.2621,1143014.61,304626.25636500004
513500.SH,2022-02-18,1.3420654911838792,1.3209068010075566,1.3294710327455919,1.317884130982368,1.3239294710327456,-0.036,-1.3514,1504072.215,395860.22094
513500.SH,2022-02-21,1.3239294710327456,1.3158690176322418,1.3188916876574306,1.3103274559193954,1.3183879093198994,-0.011,-0.4186,2444019.3400000003,637489.056345
513500.SH,2022-02-22,1.3183879093198994,1.290176322418136,1.2937027707808564,1.286146095717884,1.290176322418136,-0.056,-2.1399,1879135.98,481324.7056
513500.SH,2022-02-23,1.290176322418136,1.3007556675062972,1.3108312342569268,1.2947103274559193,1.2967254408060453,0.013,0.5076,2903957.7350000003,748057.3993050001
513500.SH,2022-02-24,1.2967254408060453,1.2594458438287153,1.2634760705289674,1.2392947103274559,1.2418136020151134,-0.109,-4.2347,3720414.04,924411.988975
513500.SH,2022-02-25,1.2418136020151134,1.2806045340050376,1.2821158690176322,1.2750629722921916,1.2765743073047857,0.069,2.7992,3427003.25,869038.7962
513500.SH,2022-02-28,1.2765743073047857,1.291183879093199,1.2926952141057935,1.2785894206549118,1.286146095717884,0.019,0.7498,1292647.8800000001,329565.7388
513500.SH,2022-03-01,1.286146095717884,1.306801007556675,1.3133501259445846,1.306801007556675,1.3123425692695214,0.052,2.0368,2477405.055,644277.065565
513500.SH,2022-03-02,1.3123425692695214,1.297229219143577,1.297229219143577,1.291183879093199,1.2926952141057935,-0.039,-1.4971,1658844.6500000001,426321.63592500007
513500.SH,2022-03-03,1.2926952141057935,1.313853904282116,1.3158690176322418,1.3093198992443327,1.3158690176322418,0.046,1.7927,1583758.0550000002,412689.549175
513500.SH,2022-03-04,1.3158690176322418,1.296221662468514,1.3052896725440808,1.2937027707808564,1.3037783375314862,-0.024,-0.9188,2068991.3447000002,534076.6225050001
513500.SH,2022-03-07,1.3037783375314862,1.2816120906801007,1.291183879093199,1.2785894206549118,1.2866498740554155,-0.034,-1.3138,1487076.645,378820.40727500006
513500.SH,2022-03-08,1.2866498740554155,1.2745591939546599,1.2745591939546599,1.2428211586901763,1.2458438287153653,-0.081,-3.1715,2867921.8862,712845.38307
513500.SH,2022-03-09,1.2458438287153653,1.253904282115869,1.2604534005037782,1.2503778337531488,1.2594458438287153,0.027,1.0918,2307639.81575,575466.210835
513500.SH,2022-03-10,1.2594458438287153,1.2826196473551637,1.2851385390428212,1.2801007556675064,1.2821158690176322,0.045,1.8,772428.4492,196684.02672000002
513500.SH,2022-03-11,1.2821158690176322,1.2745591939546599,1.2821158690176322,1.2715365239294711,1.2816120906801007,-0.001,-0.0393,1275096.51,323217.60955
513500.SH,2022-03-14,1.2816120906801007,1.2745591939546599,1.2806045340050376,1.2720403022670026,1.2780856423173803,-0.007,-0.2752,1158430.12,293408.09834
513500.SH,2022-03-15,1.2780856423173803,1.2664987405541561,1.2680100755667505,1.2604534005037782,1.2609571788413099,-0.034,-1.3402,2836690.055,711333.50782
513500.SH,2022-03-16,1.2609571788413099,1.2846347607052897,1.2957178841309824,1.2836272040302268,1.2947103274559193,0.067,2.6768,1913049.705,488729.84933500004
513500.SH,2022-03-17,1.2947103274559193,1.3168765743073048,1.3204030226700252,1.3093198992443327,1.3198992443324937,0.05,1.9455,1835400.475,478906.441635
513500.SH,2022-03-18,1.3198992443324937,1.3239294710327456,1.330478589420655,1.3224181360201512,1.3289672544080604,0.018,0.687,1161506.87,306049.23934500007
513500.SH,2022-03-21,1.3289672544080604,1.3465994962216625,1.3486146095717884,1.343073047858942,1.3476070528967254,0.037,1.4026,983486.115,262845.345135
513500.SH,2022-03-22,1.3476070528967254,1.3435768261964736,1.3536523929471032,1.3435768261964736,1.3491183879093198,0.003,0.1121,1621862.13485,434619.93438000005
513500.SH,2022-03-23,1.3491183879093198,1.3652392947103276,1.3722921914357684,1.3652392947103276,1.3712846347607053,0.044,1.643,3337886.6750000003,908306.361965
513500.SH,2022-03-24,1.3712846347607053,1.3516372795969773,1.357682619647355,1.3511335012594459,1.3541561712846348,-0.034,-1.2491,1639921.645,440761.35168500006
513500.SH,2022-03-25,1.3541561712846348,1.3662468513853905,1.3753148614609572,1.3662468513853905,1.3748110831234257,0.041,1.5253,1684399.54,458474.820755
513500.SH,2022-03-28,1.3748110831234257,1.3748110831234257,1.381360201511335,1.3738035264483626,1.3778337531486147,0.006,0.2199,3563940.1821000003,974432.2679800001
513500.SH,2022-03-30,1.378,1.395,1.396,1.385,1.39,0.012,0.8708,936969.11,130319.91
513500.SH,2022-03-31,1.39,1.386,1.392,1.384,1.387,-0.003,-0.2158,1392305.0,193176.001
513500.SH,2022-04-01,1.387,1.365,1.371,1.365,1.371,-0.016,-1.1536,973527.0,133194.856
513500.SH,2022-04-06,1.371,1.36,1.372,1.36,1.371,0.0,0.0,529802.0,72386.047
513500.SH,2022-04-07,1.371,1.351,1.353,1.345,1.352,-0.019,-1.3858,725145.0,97846.124
513500.SH,2022-04-08,1.352,1.356,1.365,1.356,1.365,0.013,0.9615,1049582.0,142793.148
513500.SH,2022-04-11,1.365,1.355,1.356,1.349,1.353,-0.012,-0.8791,857063.0,115894.329
513500.SH,2022-04-12,1.353,1.33,1.333,1.324,1.327,-0.026,-1.9217,1388819.0,184299.794
513500.SH,2022-04-13,1.327,1.329,1.339,1.328,1.338,0.011,0.8289,1185768.0,158249.594
513500.SH,2022-04-14,1.338,1.345,1.348,1.34,1.347,0.009,0.6726,805672.0,108374.964
513500.SH,2022-04-15,1.347,1.327,1.335,1.327,1.334,-0.013,-0.9651,809510.0,107823.836
513500.SH,2022-04-18,1.334,1.328,1.328,1.32,1.324,-0.01,-0.7496,520349.0,68879.478
513500.SH,2022-04-19,1.324,1.334,1.336,1.331,1.334,0.01,0.7553,476947.0,63622.862
513500.SH,2022-04-20,1.334,1.355,1.355,1.35,1.355,0.021,1.5742,995290.0,134629.415
513500.SH,2022-04-21,1.355,1.361,1.375,1.359,1.372,0.017,1.2546,983871.0,134718.64
513500.SH,2022-04-22,1.372,1.336,1.357,1.336,1.354,-0.018,-1.312,1055022.52,142491.568
513500.SH,2022-04-25,1.354,1.317,1.319,1.309,1.31,-0.044,-3.2496,2119051.0,278860.658
513500.SH,2022-04-26,1.31,1.327,1.337,1.327,1.334,0.024,1.8321,1218795.0,162619.244
513500.SH,2022-04-27,1.334,1.299,1.305,1.298,1.302,-0.032,-2.3988,2396586.69,311885.452
513500.SH,2022-04-28,1.302,1.306,1.321,1.305,1.319,0.017,1.3057,1093081.0,143531.96
513500.SH,2022-04-29,1.319,1.336,1.347,1.333,1.34,0.021,1.5921,1740012.0,233425.007
513500.SH,2022-05-05,1.34,1.354,1.354,1.34,1.341,0.001,0.0746,1997448.6,268849.082
513500.SH,2022-05-06,1.341,1.3,1.315,1.295,1.309,-0.032,-2.3863,2360962.0,309364.739
513500.SH,2022-05-09,1.309,1.295,1.303,1.291,1.302,-0.007,-0.5348,1542129.0,199806.016
513500.SH,2022-05-10,1.302,1.272,1.278,1.269,1.278,-0.024,-1.8433,3437210.0,437417.663
513500.SH,2022-05-11,1.278,1.274,1.28,1.27,1.277,-0.001,-0.0782,1829531.0,233306.881
513500.SH,2022-05-12,1.277,1.256,1.261,1.253,1.255,-0.022,-1.7228,1556284.96,195707.928
513500.SH,2022-05-13,1.255,1.268,1.275,1.267,1.275,0.02,1.5936,1556556.0,197806.63
513500.SH,2022-05-16,1.275,1.297,1.299,1.277,1.281,0.006,0.4706,2104944.29,269852.607
513500.SH,2022-05-17,1.281,1.286,1.288,1.283,1.287,0.006,0.4684,1734699.0,223039.721
513500.SH,2022-05-18,1.287,1.302,1.304,1.297,1.299,0.012,0.9324,733864.0,95343.12
513500.SH,2022-05-19,1.299,1.25,1.258,1.247,1.251,-0.048,-3.6952,3109521.0,388945.606
513500.SH,2022-05-20,1.251,1.249,1.251,1.242,1.243,-0.008,-0.6395,2550865.0,317890.111
513500.SH,2022-05-23,1.243,1.246,1.248,1.241,1.247,0.004,0.3218,1801333.0,224100.164
513500.SH,2022-05-24,1.247,1.245,1.246,1.235,1.237,-0.01,-0.8019,1950109.0,241799.542
513500.SH,2022-05-25,1.237,1.241,1.249,1.241,1.248,0.011,0.8892,2957436.0,368371.397
513500.SH,2022-05-26,1.248,1.256,1.26,1.253,1.259,0.011,0.8814,3729271.0,468429.031
513500.SH,2022-05-27,1.259,1.285,1.295,1.282,1.287,0.028,2.224,2031444.0,260967.437
513500.SH,2022-05-30,1.287,1.318,1.318,1.304,1.309,0.022,1.7094,1728891.0,226547.066
513500.SH,2022-05-31,1.309,1.303,1.309,1.301,1.304,-0.005,-0.382,1425599.0,186132.82
513500.SH,2022-06-01,1.304,1.305,1.309,1.303,1.307,0.003,0.2301,1209276.88,157939.699
513500.SH,2022-06-02,1.307,1.295,1.297,1.29,1.292,-0.015,-1.1477,1206947.24,156096.109
513500.SH,2022-06-06,1.292,1.289,1.296,1.286,1.296,0.004,0.3096,1445314.0,186652.376
513500.SH,2022-06-07,1.296,1.292,1.292,1.285,1.289,-0.007,-0.5401,1013821.0,130597.471
513500.SH,2022-06-08,1.289,1.305,1.307,1.302,1.305,0.016,1.2413,726959.0,94833.133
513500.SH,2022-06-09,1.305,1.296,1.298,1.292,1.294,-0.011,-0.8429,856815.0,110955.405
513500.SH,2022-06-10,1.294,1.268,1.273,1.266,1.271,-0.023,-1.7774,1370379.0,173938.837
513500.SH,2022-06-13,1.271,1.23,1.23,1.215,1.218,-0.053,-4.1699,1958988.52,239416.26
513500.SH,2022-06-14,1.218,1.2,1.206,1.196,1.205,-0.013,-1.0673,3055580.0,367066.849
513500.SH,2022-06-15,1.205,1.196,1.196,1.187,1.192,-0.013,-1.0788,2917586.0,347426.66
513500.SH,2022-06-16,1.192,1.21,1.21,1.187,1.188,-0.004,-0.3356,2164642.0,259934.027
513500.SH,2022-06-17,1.188,1.166,1.173,1.16,1.169,-0.019,-1.5993,2246812.0,262352.339
513500.SH,2022-06-20,1.169,1.167,1.168,1.162,1.167,-0.002,-0.1711,1760526.0,204968.305
513500.SH,2022-06-21,1.167,1.173,1.184,1.171,1.181,0.014,1.1997,2478063.0,292227.894
513500.SH,2022-06-22,1.181,1.186,1.19,1.179,1.182,0.001,0.0847,1954714.0,231377.5
513500.SH,2022-06-23,1.182,1.188,1.191,1.184,1.19,0.008,0.6768,2356021.0,279913.628
513500.SH,2022-06-24,1.19,1.198,1.211,1.198,1.209,0.019,1.5966,1842788.02,222113.11
513500.SH,2022-06-27,1.209,1.23,1.24,1.229,1.235,0.026,2.1505,1954253.29,241362.488
513500.SH,2022-06-28,1.235,1.235,1.238,1.228,1.237,0.002,0.1619,1312903.37,161835.751
513500.SH,2022-06-29,1.237,1.208,1.214,1.207,1.208,-0.029,-2.3444,1223090.0,148026.369
513500.SH,2022-06-30,1.208,1.207,1.208,1.193,1.195,-0.013,-1.0762,1620303.0,194600.694
513500.SH,2022-07-01,1.195,1.196,1.198,1.188,1.191,-0.004,-0.3347,1386357.0,165232.776
513500.SH,2022-07-04,1.191,1.197,1.207,1.195,1.206,0.015,1.2594,2024509.0,243543.815
513500.SH,2022-07-05,1.206,1.213,1.216,1.21,1.216,0.01,0.8292,1809278.0,219497.716
513500.SH,2022-07-06,1.216,1.216,1.218,1.205,1.21,-0.006,-0.4934,1780000.78,215553.295
513500.SH,2022-07-07,1.21,1.214,1.223,1.213,1.221,0.011,0.9091,1981103.0,241355.403
513500.SH,2022-07-08,1.221,1.236,1.238,1.228,1.23,0.009,0.7371,2175950.0,267989.789
513500.SH,2022-07-11,1.23,1.23,1.23,1.222,1.223,-0.007,-0.5691,1659244.0,203382.821
513500.SH,2022-07-12,1.223,1.219,1.221,1.215,1.217,-0.006,-0.4906,1607641.0,195748.438
513500.SH,2022-07-13,1.217,1.215,1.217,1.212,1.217,0.0,0.0,2053090.0,249221.769
513500.SH,2022-07-14,1.217,1.21,1.21,1.201,1.204,-0.013,-1.0682,1617663.0,194891.743
513500.SH,2022-07-15,1.204,1.21,1.215,1.208,1.209,0.005,0.4153,1646054.0,199349.816
513500.SH,2022-07-18,1.209,1.229,1.238,1.228,1.237,0.028,2.316,1916848.0,236362.441
513500.SH,2022-07-19,1.237,1.222,1.224,1.22,1.222,-0.015,-1.2126,1819476.0,222399.656
513500.SH,2022-07-20,1.222,1.255,1.26,1.255,1.259,0.037,3.0278,2289537.0,287928.358
513500.SH,2022-07-21,1.259,1.261,1.265,1.258,1.262,0.003,0.2383,1954638.0,246499.461
513500.SH,2022-07-22,1.262,1.27,1.272,1.268,1.271,0.009,0.7132,1500782.0,190583.09
513500.SH,2022-07-25,1.271,1.258,1.262,1.257,1.26,-0.011,-0.8655,1612424.0,203040.025
513500.SH,2022-07-26,1.26,1.259,1.262,1.257,1.259,-0.001,-0.0794,1504244.0,189497.706
513500.SH,2022-07-27,1.259,1.259,1.263,1.258,1.263,0.004,0.3177,2044830.2,257880.636
513500.SH,2022-07-28,1.263,1.279,1.281,1.275,1.277,0.014,1.1085,1588838.0,202903.31
513500.SH,2022-07-29,1.277,1.3,1.306,1.299,1.304,0.027,2.1143,1940370.0,252934.269
513500.SH,2022-08-01,1.304,1.309,1.313,1.307,1.31,0.006,0.4601,3034474.0,397646.153
513500.SH,2022-08-02,1.31,1.31,1.311,1.306,1.306,-0.004,-0.3053,2229976.0,291656.158
513500.SH,2022-08-03,1.306,1.306,1.307,1.303,1.306,0.0,0.0,1954403.0,255130.594
513500.SH,2022-08-04,1.306,1.321,1.324,1.319,1.319,0.013,0.9954,1891833.0,249963.417
513500.SH,2022-08-05,1.319,1.322,1.325,1.32,1.324,0.005,0.3791,1574873.0,208375.769
513500.SH,2022-08-08,1.324,1.32,1.328,1.317,1.328,0.004,0.3021,3391028.0,448479.874
513500.SH,2022-08-09,1.328,1.32,1.323,1.319,1.321,-0.007,-0.5271,1440125.0,190285.688
513500.SH,2022-08-10,1.321,1.316,1.317,1.312,1.313,-0.008,-0.6056,1637385.0,215162.656
513500.SH,2022-08-11,1.313,1.341,1.344,1.339,1.342,0.029,2.2087,1046644.0,140408.581
513500.SH,2022-08-12,1.342,1.338,1.343,1.338,1.342,0.0,0.0,898166.0,120400.914
513500.SH,2022-08-15,1.342,1.356,1.363,1.356,1.361,0.019,1.4158,1905373.0,259179.746
513500.SH,2022-08-16,1.361,1.372,1.375,1.371,1.373,0.012,0.8817,1547767.0,212639.633
513500.SH,2022-08-17,1.373,1.376,1.378,1.374,1.374,0.001,0.0728,1280062.02,176138.669
513500.SH,2022-08-18,1.374,1.365,1.369,1.365,1.365,-0.009,-0.655,1615584.0,220870.189
513500.SH,2022-08-19,1.365,1.373,1.376,1.367,1.367,0.002,0.1465,1557222.0,213796.003
513500.SH,2022-08-22,1.367,1.353,1.357,1.352,1.353,-0.014,-1.0241,1893823.0,256707.522
513500.SH,2022-08-23,1.353,1.339,1.341,1.332,1.335,-0.018,-1.3304,1946537.0,260273.612
513500.SH,2022-08-24,1.335,1.334,1.336,1.327,1.335,0.0,0.0,1768178.02,235595.407
513500.SH,2022-08-25,1.335,1.34,1.352,1.34,1.351,0.016,1.1985,1439837.0,193781.906
513500.SH,2022-08-26,1.351,1.355,1.359,1.355,1.358,0.007,0.5181,867581.0,117705.679
513500.SH,2022-08-29,1.358,1.311,1.316,1.3,1.314,-0.044,-3.2401,3354632.0,439613.662
513500.SH,2022-08-30,1.314,1.314,1.319,1.312,1.318,0.004,0.3044,1790069.0,235538.895
513500.SH,2022-08-31,1.318,1.302,1.307,1.302,1.305,-0.013,-0.9863,1684580.0,219688.77
513500.SH,2022-09-01,1.305,1.284,1.285,1.277,1.282,-0.023,-1.7625,1868294.0,239306.609
513500.SH,2022-09-02,1.282,1.29,1.295,1.289,1.295,0.013,1.014,1294544.0,167202.243
513500.SH,2022-09-05,1.295,1.281,1.291,1.281,1.291,-0.004,-0.3089,1175273.0,151175.663
513500.SH,2022-09-06,1.291,1.294,1.294,1.287,1.291,0.0,0.0,1835147.0,236634.761
513500.SH,2022-09-07,1.291,1.278,1.282,1.274,1.281,-0.01,-0.7746,4379781.0,559296.212
513500.SH,2022-09-08,1.281,1.303,1.308,1.302,1.304,0.023,1.7955,2356394.0,307364.221
513500.SH,2022-09-09,1.304,1.312,1.315,1.31,1.312,0.008,0.6135,1836649.0,241082.341
513500.SH,2022-09-13,1.312,1.338,1.345,1.338,1.345,0.033,2.5152,1753779.0,235091.545
513500.SH,2022-09-14,1.345,1.291,1.293,1.284,1.29,-0.055,-4.0892,4208355.0,542604.414
513500.SH,2022-09-15,1.29,1.29,1.294,1.29,1.291,0.001,0.0775,1966013.0,253921.431
513500.SH,2022-09-16,1.291,1.273,1.274,1.268,1.27,-0.021,-1.6266,3293881.0,419029.84
513500.SH,2022-09-19,1.27,1.271,1.274,1.266,1.267,-0.003,-0.2362,2604021.0,330500.709
513500.SH,2022-09-20,1.267,1.281,1.285,1.279,1.284,0.017,1.3418,1895304.0,243235.737
513500.SH,2022-09-21,1.284,1.269,1.272,1.265,1.267,-0.017,-1.324,3222044.0,409054.361
513500.SH,2022-09-22,1.267,1.24,1.248,1.238,1.245,-0.022,-1.7364,4325231.0,538335.403
513500.SH,2022-09-23,1.245,1.244,1.244,1.236,1.238,-0.007,-0.5622,1358245.0,168314.141
513500.SH,2022-09-26,1.238,1.218,1.225,1.214,1.216,-0.022,-1.7771,2563223.0,312388.661
513500.SH,2022-09-27,1.216,1.22,1.232,1.22,1.231,0.015,1.2336,1873079.0,229490.182
513500.SH,2022-09-28,1.231,1.223,1.223,1.212,1.216,-0.015,-1.2185,1609753.54,195840.448
513500.SH,2022-09-29,1.216,1.239,1.242,1.233,1.238,0.022,1.8092,1678345.0,208003.811
513500.SH,2022-09-30,1.238,1.215,1.219,1.21,1.215,-0.023,-1.8578,2513905.46,305236.657
513500.SH,2022-10-10,1.215,1.21,1.212,1.203,1.207,-0.008,-0.6584,923625.0,111703.378
513500.SH,2022-10-11,1.207,1.209,1.214,1.205,1.205,-0.002,-0.1657,3630838.0,438532.172
513500.SH,2022-10-12,1.205,1.206,1.213,1.203,1.212,0.007,0.5809,1818027.38,219330.676
513500.SH,2022-10-13,1.212,1.202,1.204,1.2,1.202,-0.01,-0.8251,864297.0,103868.715
513500.SH,2022-10-14,1.202,1.228,1.242,1.228,1.24,0.038,3.1614,1439707.0,178070.346
513500.SH,2022-10-17,1.24,1.212,1.217,1.21,1.216,-0.024,-1.9355,2115781.0,256675.983
513500.SH,2022-10-18,1.216,1.243,1.258,1.24,1.256,0.04,3.2895,1830215.0,228977.96
513500.SH,2022-10-19,1.256,1.26,1.264,1.251,1.253,-0.003,-0.2389,1995524.07,251157.041
513500.SH,2022-10-20,1.253,1.237,1.244,1.234,1.242,-0.011,-0.8779,1787892.0,221536.389
513500.SH,2022-10-21,1.242,1.232,1.235,1.229,1.232,-0.01,-0.8052,1321896.0,162763.316
513500.SH,2022-10-24,1.232,1.264,1.271,1.262,1.264,0.032,2.5974,2352987.52,297749.271
513500.SH,2022-10-25,1.264,1.283,1.289,1.282,1.288,0.024,1.8987,2125839.0,273364.611
513500.SH,2022-10-26,1.288,1.292,1.296,1.283,1.286,-0.002,-0.1553,2638096.0,340069.84
513500.SH,2022-10-27,1.286,1.291,1.299,1.29,1.298,0.012,0.9331,2995979.0,387792.972
513500.SH,2022-10-28,1.298,1.286,1.287,1.275,1.275,-0.023,-1.772,919172.0,117737.83
513500.SH,2022-10-31,1.275,1.315,1.321,1.315,1.32,0.045,3.5294,1743648.0,229798.464
513500.SH,2022-11-01,1.32,1.321,1.326,1.317,1.325,0.005,0.3788,2165247.23,285747.751
513500.SH,2022-11-02,1.325,1.315,1.317,1.311,1.313,-0.012,-0.9057,1545758.0,203101.48
513500.SH,2022-11-03,1.313,1.285,1.291,1.283,1.288,-0.025,-1.904,2687614.46,346024.497
513500.SH,2022-11-04,1.288,1.275,1.278,1.268,1.275,-0.013,-1.0093,5587018.9,710700.847
513500.SH,2022-11-07,1.275,1.277,1.284,1.275,1.284,0.009,0.7059,3063410.0,391915.709
513500.SH,2022-11-08,1.284,1.297,1.298,1.294,1.297,0.013,1.0125,2279690.94,295583.085
513500.SH,2022-11-09,1.297,1.301,1.312,1.3,1.302,0.005,0.3855,2653358.0,346433.406
513500.SH,2022-11-10,1.302,1.282,1.284,1.279,1.283,-0.019,-1.4593,1786420.0,229121.793
513500.SH,2022-11-11,1.283,1.349,1.349,1.328,1.339,0.056,4.3648,3653796.0,489153.559
513500.SH,2022-11-14,1.339,1.338,1.34,1.322,1.324,-0.015,-1.1202,2385792.0,317064.535
513500.SH,2022-11-15,1.324,1.321,1.327,1.321,1.326,0.002,0.1511,2375796.0,314639.851
513500.SH,2022-11-16,1.326,1.321,1.339,1.32,1.336,0.01,0.7541,3282414.43,436599.269
513500.SH,2022-11-17,1.336,1.327,1.336,1.326,1.335,-0.001,-0.0749,1980835.09,264006.149
513500.SH,2022-11-18,1.335,1.33,1.333,1.325,1.326,-0.009,-0.6742,1314593.0,174708.588
513500.SH,2022-11-21,1.326,1.328,1.34,1.327,1.336,0.01,0.7541,3255345.0,434323.462
513500.SH,2022-11-22,1.336,1.335,1.341,1.332,1.333,-0.003,-0.2246,1668971.0,223128.398
513500.SH,2022-11-23,1.333,1.346,1.351,1.346,1.351,0.018,1.3503,733469.66,98995.232
513500.SH,2022-11-24,1.351,1.362,1.364,1.36,1.361,0.01,0.7402,946177.66,128791.079
513500.SH,2022-11-25,1.361,1.366,1.367,1.363,1.367,0.006,0.4409,922633.06,125916.987
513500.SH,2022-11-28,1.367,1.365,1.367,1.358,1.361,-0.006,-0.4389,1581041.0,215241.983
513500.SH,2022-11-29,1.361,1.349,1.351,1.342,1.346,-0.015,-1.1021,2072365.0,278882.846
513500.SH,2022-11-30,1.346,1.336,1.339,1.335,1.337,-0.009,-0.6686,1741530.0,232780.322
513500.SH,2022-12-01,1.337,1.363,1.371,1.358,1.363,0.026,1.9447,2540018.52,346037.824
513500.SH,2022-12-02,1.363,1.354,1.358,1.354,1.358,-0.005,-0.3668,958300.48,130007.882
513500.SH,2022-12-05,1.358,1.345,1.348,1.334,1.337,-0.021,-1.5464,1998270.0,267658.353
513500.SH,2022-12-06,1.337,1.32,1.321,1.315,1.316,-0.021,-1.5707,2509067.0,330666.594
513500.SH,2022-12-07,1.316,1.299,1.302,1.297,1.298,-0.018,-1.3678,2886954.0,375107.179
513500.SH,2022-12-08,1.298,1.29,1.295,1.289,1.295,-0.003,-0.2311,1751827.0,226414.225
513500.SH,2022-12-09,1.295,1.3,1.305,1.299,1.305,0.01,0.7722,1380899.95,179775.915
513500.SH,2022-12-12,1.305,1.292,1.295,1.292,1.294,-0.011,-0.8429,1087827.56,140708.951
513500.SH,2022-12-13,1.294,1.312,1.315,1.311,1.314,0.02,1.5456,1366820.0,179426.001
513500.SH,2022-12-14,1.314,1.322,1.325,1.321,1.325,0.011,0.8371,1064716.0,140917.034
513500.SH,2022-12-15,1.325,1.314,1.315,1.31,1.313,-0.012,-0.9057,981047.0,128728.052
513500.SH,2022-12-16,1.313,1.282,1.285,1.281,1.284,-0.029,-2.2087,1928690.0,247407.881
513500.SH,2022-12-19,1.284,1.271,1.273,1.27,1.27,-0.014,-1.0903,1404986.0,178594.36
513500.SH,2022-12-20,1.27,1.26,1.263,1.246,1.251,-0.019,-1.4961,3250357.0,407574.049
513500.SH,2022-12-21,1.251,1.262,1.267,1.262,1.266,0.015,1.199,1783451.89,225451.241
513500.SH,2022-12-22,1.266,1.282,1.284,1.281,1.281,0.015,1.1848,1125892.0,144390.364
513500.SH,2022-12-23,1.281,1.261,1.266,1.261,1.266,-0.015,-1.171,1950698.0,246507.747
513500.SH,2022-12-26,1.266,1.27,1.272,1.269,1.27,0.004,0.316,704950.0,89536.036
513500.SH,2022-12-27,1.27,1.276,1.277,1.272,1.274,0.004,0.315,801649.67,102176.77
513500.SH,2022-12-28,1.274,1.26,1.262,1.258,1.26,-0.014,-1.0989,1935517.0,243878.627
513500.SH,2022-12-29,1.26,1.245,1.248,1.242,1.244,-0.016,-1.2698,2058254.1,256176.093
513500.SH,2022-12-30,1.244,1.261,1.263,1.255,1.255,0.011,0.8842,1614353.0,203266.527
513500.SH,2023-01-03,1.255,1.25,1.252,1.246,1.25,-0.005,-0.3984,3182964.0,397489.635
513500.SH,2023-01-04,1.25,1.247,1.249,1.243,1.245,-0.005,-0.4,2553710.0,318032.859
513500.SH,2023-01-05,1.245,1.25,1.251,1.245,1.246,0.001,0.0803,3550161.0,443052.569
513500.SH,2023-01-06,1.246,1.237,1.241,1.235,1.238,-0.008,-0.6421,2835184.3,350939.931
513500.SH,2023-01-09,1.238,1.254,1.255,1.251,1.254,0.016,1.2924,1975587.9,247437.439
513500.SH,2023-01-10,1.254,1.248,1.249,1.242,1.248,-0.006,-0.4785,2871258.0,357545.502
513500.SH,2023-01-11,1.248,1.255,1.258,1.254,1.256,0.008,0.641,2254070.0,283026.151
513500.SH,2023-01-12,1.256,1.264,1.266,1.262,1.264,0.008,0.6369,2048980.0,259038.965
513500.SH,2023-01-13,1.264,1.263,1.263,1.259,1.261,-0.003,-0.2373,1108487.95,139741.108
513500.SH,2023-01-16,1.261,1.263,1.264,1.26,1.262,0.001,0.0793,1859250.01,234611.931
513500.SH,2023-01-17,1.262,1.264,1.268,1.263,1.267,0.005,0.3962,1193614.0,151152.514
513500.SH,2023-01-18,1.267,1.266,1.275,1.265,1.273,0.006,0.4736,1366547.66,173665.543
513500.SH,2023-01-19,1.273,1.25,1.252,1.248,1.248,-0.025,-1.9639,2060328.0,257536.771
513500.SH,2023-01-20,1.248,1.243,1.251,1.242,1.25,0.002,0.1603,1691937.0,210963.045
513500.SH,2023-01-30,1.25,1.284,1.287,1.283,1.284,0.034,2.72,2964520.15,380899.356
513500.SH,2023-01-31,1.284,1.276,1.278,1.272,1.273,-0.011,-0.8567,1279524.0,163122.9
513500.SH,2023-02-01,1.273,1.287,1.29,1.286,1.29,0.017,1.3354,1557982.34,200668.242
513500.SH,2023-02-02,1.29,1.301,1.304,1.3,1.303,0.013,1.0078,1328144.35,172868.356
513500.SH,2023-02-03,1.303,1.315,1.316,1.313,1.314,0.011,0.8442,1382468.0,181780.775
513500.SH,2023-02-06,1.314,1.315,1.318,1.309,1.309,-0.005,-0.3805,1244153.0,163404.771
513500.SH,2023-02-07,1.309,1.312,1.313,1.31,1.311,0.002,0.1528,708030.0,92867.246
513500.SH,2023-02-08,1.311,1.321,1.326,1.321,1.325,0.014,1.0679,1501436.14,198742.625
513500.SH,2023-02-09,1.325,1.315,1.321,1.315,1.32,-0.005,-0.3774,2589860.0,341501.559
513500.SH,2023-02-10,1.32,1.302,1.305,1.302,1.302,-0.018,-1.3636,1090537.0,142110.073
513500.SH,2023-02-13,1.302,1.304,1.309,1.304,1.309,0.007,0.5376,797244.0,104255.585
513500.SH,2023-02-14,1.309,1.322,1.326,1.322,1.326,0.017,1.2987,1167357.0,154576.51
513500.SH,2023-02-15,1.326,1.325,1.326,1.322,1.323,-0.003,-0.2262,736631.17,97497.933
513500.SH,2023-02-16,1.323,1.336,1.339,1.335,1.338,0.015,1.1338,940281.0,125698.929
513500.SH,2023-02-17,1.338,1.323,1.324,1.315,1.316,-0.022,-1.6442,731020.69,96343.402
513500.SH,2023-02-20,1.316,1.317,1.319,1.315,1.317,0.001,0.076,914389.0,120418.007
513500.SH,2023-02-21,1.317,1.312,1.314,1.311,1.313,-0.004,-0.3037,659341.76,86529.748
513500.SH,2023-02-22,1.313,1.293,1.3,1.293,1.298,-0.015,-1.1424,948190.0,123053.977
513500.SH,2023-02-23,1.298,1.301,1.301,1.298,1.3,0.002,0.1541,677455.0,88022.29
513500.SH,2023-02-24,1.3,1.303,1.308,1.302,1.307,0.007,0.5385,673538.0,87902.002
513500.SH,2023-02-27,1.307,1.302,1.304,1.3,1.301,-0.006,-0.4591,736889.0,95937.977
513500.SH,2023-02-28,1.301,1.307,1.307,1.299,1.301,0.0,0.0,613022.01,79766.906
513500.SH,2023-03-01,1.301,1.293,1.294,1.29,1.291,-0.01,-0.7686,1822189.72,235345.069
513500.SH,2023-03-02,1.291,1.282,1.282,1.274,1.278,-0.013,-1.007,1685387.0,215275.438
513500.SH,2023-03-03,1.278,1.288,1.292,1.287,1.292,0.014,1.0955,1093549.0,141078.796
513500.SH,2023-03-06,1.292,1.312,1.318,1.311,1.316,0.024,1.8576,1317972.66,173283.97
513500.SH,2023-03-07,1.316,1.321,1.324,1.32,1.32,0.004,0.304,1105346.04,146088.268
513500.SH,2023-03-08,1.32,1.306,1.308,1.303,1.304,-0.016,-1.2121,881025.04,115014.948
513500.SH,2023-03-09,1.304,1.305,1.308,1.303,1.307,0.003,0.2301,744654.0,97232.898
513500.SH,2023-03-10,1.307,1.279,1.28,1.273,1.275,-0.032,-2.4484,1754948.0,224108.587
513500.SH,2023-03-13,1.275,1.27,1.278,1.268,1.277,0.002,0.1569,2489614.0,316623.002
513500.SH,2023-03-14,1.277,1.251,1.261,1.246,1.251,-0.026,-2.036,2231361.36,279318.117
513500.SH,2023-03-15,1.251,1.27,1.272,1.268,1.272,0.021,1.6787,1535255.12,194997.831
513500.SH,2023-03-16,1.272,1.265,1.271,1.264,1.264,-0.008,-0.6289,1174695.0,148922.574
513500.SH,2023-03-17,1.264,1.283,1.283,1.278,1.281,0.017,1.3449,1163352.5,149008.45
513500.SH,2023-03-20,1.281,1.275,1.276,1.256,1.259,-0.022,-1.7174,1780639.0,226098.64
513500.SH,2023-03-21,1.259,1.278,1.282,1.278,1.281,0.022,1.7474,1025774.26,131321.833
513500.SH,2023-03-22,1.281,1.293,1.297,1.293,1.295,0.014,1.0929,1166899.0,151173.6
513500.SH,2023-03-23,1.295,1.274,1.277,1.272,1.274,-0.021,-1.6216,1871087.0,238409.885
513500.SH,2023-03-24,1.274,1.273,1.277,1.269,1.276,0.002,0.157,1251170.0,159369.174
513500.SH,2023-03-27,1.276,1.287,1.293,1.287,1.292,0.016,1.2539,1282238.56,165364.589
513500.SH,2023-03-28,1.292,1.287,1.292,1.286,1.291,-0.001,-0.0774,821433.38,105843.648
513500.SH,2023-03-29,1.291,1.29,1.297,1.288,1.296,0.005,0.3873,787513.0,101781.316
513500.SH,2023-03-30,1.296,1.306,1.308,1.304,1.305,0.009,0.6944,959719.0,125303.019
513500.SH,2023-03-31,1.305,1.311,1.311,1.307,1.308,0.003,0.2299,1014246.0,132738.11
513500.SH,2023-04-03,1.308,1.325,1.327,1.324,1.326,0.018,1.3761,915338.26,121353.062
513500.SH,2023-04-04,1.326,1.331,1.334,1.331,1.334,0.008,0.6033,827667.0,110299.059
513500.SH,2023-04-06,1.334,1.322,1.322,1.319,1.321,-0.013,-0.9745,838756.0,110755.302
513500.SH,2023-04-07,1.321,1.326,1.327,1.324,1.326,0.005,0.3785,948519.0,125722.947
513500.SH,2023-04-10,1.326,1.326,1.329,1.324,1.325,-0.001,-0.0754,438843.0,58230.808
513500.SH,2023-04-11,1.325,1.331,1.332,1.33,1.332,0.007,0.5283,538491.0,71683.614
513500.SH,2023-04-12,1.332,1.332,1.332,1.329,1.33,-0.002,-0.1502,907352.35,120727.16
513500.SH,2023-04-13,1.33,1.323,1.326,1.321,1.325,-0.005,-0.3759,868566.36,114907.997
513500.SH,2023-04-14,1.325,1.338,1.339,1.331,1.332,0.007,0.5283,759902.0,101372.327
513500.SH,2023-04-17,1.332,1.339,1.341,1.337,1.339,0.007,0.5255,531227.9,71140.865
513500.SH,2023-04-18,1.339,1.34,1.343,1.34,1.341,0.002,0.1494,632172.0,84782.497
513500.SH,2023-04-19,1.341,1.342,1.342,1.34,1.341,0.0,0.0,540698.0,72515.36
513500.SH,2023-04-20,1.341,1.341,1.344,1.339,1.34,-0.001,-0.0746,865885.0,116224.039
513500.SH,2023-04-21,1.34,1.336,1.337,1.334,1.336,-0.004,-0.2985,594060.0,79368.562
513500.SH,2023-04-24,1.336,1.336,1.339,1.333,1.334,-0.002,-0.1497,829944.0,110913.656
513500.SH,2023-04-25,1.334,1.339,1.34,1.338,1.339,0.005,0.3748,583123.58,78074.704
513500.SH,2023-04-26,1.339,1.333,1.335,1.33,1.33,-0.009,-0.6721,1161876.0,154650.969
513500.SH,2023-04-27,1.33,1.324,1.325,1.323,1.323,-0.007,-0.5263,791090.0,104735.97
513500.SH,2023-04-28,1.323,1.343,1.345,1.341,1.343,0.02,1.5117,1236774.26,166126.902
513500.SH,2023-05-04,1.343,1.327,1.331,1.325,1.331,-0.012,-0.8935,1196714.0,158912.658
513500.SH,2023-05-05,1.331,1.326,1.327,1.323,1.326,-0.005,-0.3757,667731.92,88467.383
513500.SH,2023-05-08,1.326,1.342,1.345,1.342,1.344,0.018,1.3575,847383.04,113807.663
513500.SH,2023-05-09,1.344,1.344,1.346,1.344,1.345,0.001,0.0744,721541.99,97069.567
513500.SH,2023-05-10,1.345,1.343,1.345,1.341,1.345,0.0,0.0,695832.19,93468.987
513500.SH,2023-05-11,1.345,1.351,1.354,1.351,1.352,0.007,0.5204,1093224.0,147855.616
513500.SH,2023-05-12,1.352,1.354,1.355,1.352,1.353,0.001,0.074,654959.74,88611.604
513500.SH,2023-05-15,1.353,1.349,1.354,1.348,1.353,0.0,0.0,753742.31,101813.188
513500.SH,2023-05-16,1.353,1.352,1.354,1.351,1.352,-0.001,-0.0739,581438.31,78632.358
513500.SH,2023-05-17,1.352,1.353,1.357,1.353,1.355,0.003,0.2219,751271.0,101791.861
513500.SH,2023-05-18,1.355,1.369,1.373,1.368,1.373,0.018,1.3284,918985.8,125987.315
513500.SH,2023-05-19,1.373,1.393,1.399,1.393,1.394,0.021,1.5295,3499717.0,488620.586
513500.SH,2023-05-22,1.394,1.385,1.39,1.385,1.388,-0.006,-0.4304,1259979.0,174884.769
513500.SH,2023-05-23,1.388,1.395,1.399,1.393,1.394,0.006,0.4323,1108184.99,154623.071
513500.SH,2023-05-24,1.394,1.381,1.384,1.377,1.381,-0.013,-0.9326,1451237.0,200277.361
513500.SH,2023-05-25,1.381,1.377,1.38,1.375,1.38,-0.001,-0.0724,1723102.0,237402.357
513500.SH,2023-05-26,1.38,1.38,1.381,1.377,1.379,-0.001,-0.0725,888793.24,122570.791
513500.SH,2023-05-29,1.379,1.403,1.407,1.402,1.407,0.028,2.0305,1224982.0,171992.566
513500.SH,2023-05-30,1.407,1.404,1.414,1.403,1.413,0.006,0.4264,1047513.0,147535.384
513500.SH,2023-05-31,1.413,1.406,1.41,1.4,1.402,-0.011,-0.7785,1270819.0,178656.324
513500.SH,2023-06-01,1.402,1.4,1.405,1.397,1.404,0.002,0.1427,869517.0,121787.54
513500.SH,2023-06-02,1.404,1.414,1.415,1.408,1.412,0.008,0.5698,1172405.0,165474.154
513500.SH,2023-06-05,1.412,1.432,1.439,1.431,1.438,0.026,1.8414,1435973.0,205928.531
513500.SH,2023-06-06,1.438,1.434,1.436,1.432,1.433,-0.005,-0.3477,957900.0,137359.29
513500.SH,2023-06-07,1.433,1.436,1.442,1.435,1.44,0.007,0.4885,1086606.0,156316.741
513500.SH,2023-06-08,1.44,1.436,1.439,1.432,1.433,-0.007,-0.4861,1280196.0,183735.789
513500.SH,2023-06-09,1.433,1.44,1.445,1.438,1.441,0.008,0.5583,1766414.0,254633.322
513500.SH,2023-06-12,1.441,1.448,1.453,1.448,1.453,0.012,0.8328,977433.0,141871.998
513500.SH,2023-06-13,1.453,1.465,1.472,1.464,1.471,0.018,1.2388,1983998.0,291482.207
513500.SH,2023-06-14,1.471,1.478,1.478,1.474,1.476,0.005,0.3399,1242121.14,183331.417
513500.SH,2023-06-15,1.476,1.478,1.479,1.469,1.472,-0.004,-0.271,2172845.18,320317.074
513500.SH,2023-06-16,1.472,1.482,1.487,1.481,1.484,0.012,0.8152,1656276.0,245780.511
513500.SH,2023-06-19,1.484,1.483,1.484,1.482,1.484,0.0,0.0,761145.0,112866.821
513500.SH,2023-06-20,1.484,1.484,1.49,1.484,1.487,0.003,0.2022,787514.0,117154.515
513500.SH,2023-06-21,1.487,1.487,1.49,1.486,1.487,0.0,0.0,1205426.68,179390.533
513500.SH,2023-06-26,1.487,1.478,1.483,1.478,1.482,-0.005,-0.3362,1139579.0,168754.719
513500.SH,2023-06-27,1.482,1.478,1.478,1.472,1.474,-0.008,-0.5398,1126174.0,166023.38
513500.SH,2023-06-28,1.474,1.485,1.49,1.485,1.489,0.015,1.0176,1100214.0,163704.799
513500.SH,2023-06-29,1.489,1.494,1.498,1.494,1.496,0.007,0.4701,1089485.0,163063.0
513500.SH,2023-06-30,1.496,1.506,1.507,1.502,1.503,0.007,0.4679,1328655.11,199933.761
513500.SH,2023-07-03,1.503,1.521,1.523,1.518,1.522,0.019,1.2641,1627550.0,247445.772
513500.SH,2023-07-04,1.522,1.52,1.521,1.516,1.516,-0.006,-0.3942,1039513.0,157947.414
513500.SH,2023-07-05,1.516,1.517,1.517,1.514,1.515,-0.001,-0.066,782437.0,118615.293
513500.SH,2023-07-06,1.515,1.517,1.518,1.511,1.512,-0.003,-0.198,1012752.45,153297.61
513500.SH,2023-07-07,1.512,1.503,1.507,1.501,1.502,-0.01,-0.6614,1689896.0,254041.685
513500.SH,2023-07-10,1.502,1.494,1.496,1.492,1.492,-0.01,-0.6658,826143.0,123392.002
513500.SH,2023-07-11,1.492,1.5,1.502,1.495,1.499,0.007,0.4692,839456.0,125831.93
513500.SH,2023-07-12,1.499,1.505,1.506,1.502,1.506,0.007,0.467,777240.0,116907.368
513500.SH,2023-07-13,1.506,1.513,1.517,1.512,1.516,0.01,0.664,1198616.45,181584.486
513500.SH,2023-07-14,1.516,1.519,1.519,1.512,1.513,-0.003,-0.1979,1136577.2,172293.529
513500.SH,2023-07-17,1.513,1.515,1.521,1.514,1.521,0.008,0.5288,1015648.88,154184.212
513500.SH,2023-07-18,1.521,1.525,1.529,1.524,1.528,0.007,0.4602,868372.88,132566.475
513500.SH,2023-07-19,1.528,1.543,1.553,1.543,1.552,0.024,1.5707,1695440.9,262667.172
513500.SH,2023-07-20,1.552,1.549,1.549,1.54,1.541,-0.011,-0.7088,1605044.67,247848.04
513500.SH,2023-07-21,1.541,1.531,1.537,1.53,1.536,-0.005,-0.3245,1284214.0,196982.269
513500.SH,2023-07-24,1.536,1.535,1.542,1.534,1.541,0.005,0.3255,1330105.0,204719.275
513500.SH,2023-07-25,1.541,1.54,1.54,1.535,1.538,-0.003,-0.1947,1532622.0,235640.147
513500.SH,2023-07-26,1.538,1.541,1.542,1.539,1.541,0.003,0.1951,805480.0,124061.086
513500.SH,2023-07-27,1.541,1.542,1.546,1.537,1.545,0.004,0.2596,1521880.0,234557.145
513500.SH,2023-07-28,1.545,1.535,1.537,1.531,1.534,-0.011,-0.712,1831845.0,280991.135
513500.SH,2023-07-31,1.534,1.542,1.543,1.537,1.539,0.005,0.3259,1466143.0,225672.475
513500.SH,2023-08-01,1.539,1.546,1.55,1.545,1.549,0.01,0.6498,1157801.0,179340.86
513500.SH,2023-08-02,1.549,1.542,1.543,1.536,1.537,-0.012,-0.7747,1725216.0,265534.069
513500.SH,2023-08-03,1.537,1.525,1.529,1.523,1.523,-0.014,-0.9109,1695615.55,258874.1
513500.SH,2023-08-04,1.523,1.52,1.529,1.519,1.526,0.003,0.197,1343717.34,204825.892
513500.SH,2023-08-07,1.526,1.517,1.521,1.517,1.518,-0.008,-0.5242,1327261.81,201557.687
513500.SH,2023-08-08,1.518,1.528,1.53,1.526,1.529,0.011,0.7246,806955.53,123330.002
513500.SH,2023-08-09,1.529,1.528,1.529,1.525,1.529,0.0,0.0,779762.0,119053.853
513500.SH,2023-08-10,1.529,1.52,1.521,1.517,1.521,-0.008,-0.5232,679413.0,103234.355
513500.SH,2023-08-11,1.521,1.521,1.523,1.519,1.522,0.001,0.0657,566344.0,86134.817
513500.SH,2023-08-14,1.522,1.523,1.525,1.52,1.525,0.003,0.1971,1079149.0,164310.36
513500.SH,2023-08-15,1.525,1.538,1.543,1.538,1.541,0.016,1.0492,1362642.0,210011.098
513500.SH,2023-08-16,1.541,1.528,1.528,1.522,1.524,-0.017,-1.1032,1042731.0,158923.696
513500.SH,2023-08-17,1.524,1.513,1.517,1.512,1.515,-0.009,-0.5906,1335221.24,202204.468
513500.SH,2023-08-18,1.515,1.495,1.499,1.494,1.497,-0.018,-1.1881,1720350.0,257391.709
513500.SH,2023-08-21,1.497,1.497,1.503,1.496,1.503,0.006,0.4008,2291253.0,343838.014
513500.SH,2023-08-22,1.503,1.503,1.51,1.501,1.509,0.006,0.3992,2101003.96,316377.723
513500.SH,2023-08-23,1.509,1.507,1.51,1.506,1.51,0.001,0.0663,999433.0,150749.653
513500.SH,2023-08-24,1.51,1.528,1.536,1.527,1.532,0.022,1.457,3891148.5,596423.92
513500.SH,2023-08-25,1.532,1.503,1.504,1.499,1.501,-0.031,-2.0235,1152175.0,173088.603
513500.SH,2023-08-28,1.501,1.508,1.516,1.507,1.515,0.014,0.9327,827523.88,125195.727
513500.SH,2023-08-29,1.515,1.523,1.526,1.521,1.524,0.009,0.5941,1029964.0,156899.341
513500.SH,2023-08-30,1.524,1.544,1.547,1.544,1.545,0.021,1.378,1083161.0,167450.217
513500.SH,2023-08-31,1.545,1.549,1.556,1.549,1.553,0.008,0.5178,1472921.24,228790.957
513500.SH,2023-09-01,1.553,1.542,1.547,1.541,1.544,-0.009,-0.5795,772000.0,119258.53
513500.SH,2023-09-04,1.544,1.546,1.549,1.545,1.547,0.003,0.1943,802455.0,124155.903
513500.SH,2023-09-05,1.547,1.546,1.55,1.546,1.548,0.001,0.0646,615692.0,95314.229
513500.SH,2023-09-06,1.548,1.548,1.55,1.546,1.548,0.0,0.0,681220.0,105487.353
513500.SH,2023-09-07,1.548,1.538,1.539,1.535,1.535,-0.013,-0.8398,714217.0,109788.928
513500.SH,2023-09-08,1.535,1.538,1.545,1.537,1.544,0.009,0.5863,816142.0,125779.708
513500.SH,2023-09-11,1.544,1.543,1.544,1.531,1.536,-0.008,-0.5181,1248707.0,191839.268
513500.SH,2023-09-12,1.536,1.539,1.542,1.538,1.541,0.005,0.3255,596768.0,91894.098
513500.SH,2023-09-13,1.541,1.532,1.533,1.528,1.53,-0.011,-0.7138,1126912.0,172364.91
513500.SH,2023-09-14,1.53,1.533,1.538,1.532,1.537,0.007,0.4575,891516.0,136897.242
513500.SH,2023-09-15,1.537,1.549,1.55,1.542,1.548,0.011,0.7157,1146131.0,177250.631
513500.SH,2023-09-18,1.548,1.528,1.533,1.528,1.531,-0.017,-1.0982,754705.12,115535.324
513500.SH,2023-09-19,1.531,1.531,1.533,1.529,1.53,-0.001,-0.0653,641513.0,98202.785
513500.SH,2023-09-20,1.53,1.528,1.53,1.526,1.528,-0.002,-0.1307,687076.0,104991.679
513500.SH,2023-09-21,1.528,1.512,1.512,1.507,1.512,-0.016,-1.0471,1292650.3,195069.029
513500.SH,2023-09-22,1.512,1.489,1.493,1.488,1.493,-0.019,-1.2566,1386959.18,206749.98
513500.SH,2023-09-25,1.493,1.488,1.491,1.485,1.49,-0.003,-0.2009,1158746.0,172555.291
513500.SH,2023-09-26,1.49,1.489,1.49,1.483,1.483,-0.007,-0.4698,1050651.0,156163.815
513500.SH,2023-09-27,1.483,1.473,1.476,1.47,1.475,-0.008,-0.5394,2182767.0,321435.784
513500.SH,2023-09-28,1.475,1.477,1.477,1.47,1.471,-0.004,-0.2712,1316512.0,193887.436
513500.SH,2023-10-09,1.471,1.472,1.473,1.466,1.47,-0.001,-0.068,1404122.0,206162.15
513500.SH,2023-10-10,1.47,1.489,1.49,1.487,1.49,0.02,1.3605,867845.29,129144.761
513500.SH,2023-10-11,1.49,1.496,1.5,1.495,1.499,0.009,0.604,722789.0,108209.114
513500.SH,2023-10-12,1.499,1.507,1.51,1.507,1.51,0.011,0.7338,808137.0,121905.495
513500.SH,2023-10-13,1.51,1.5,1.5,1.496,1.497,-0.013,-0.8609,857126.0,128370.545
513500.SH,2023-10-16,1.497,1.492,1.496,1.492,1.496,-0.001,-0.0668,979112.0,146295.118
513500.SH,2023-10-17,1.496,1.506,1.507,1.504,1.507,0.011,0.7353,751921.0,113195.4
513500.SH,2023-10-18,1.507,1.504,1.508,1.502,1.505,-0.002,-0.1327,1129600.0,170000.655
513500.SH,2023-10-19,1.505,1.493,1.494,1.482,1.485,-0.02,-1.3289,1162066.0,172581.928
513500.SH,2023-10-20,1.485,1.471,1.472,1.465,1.467,-0.018,-1.2121,2137497.0,313750.072
513500.SH,2023-10-23,1.467,1.455,1.457,1.453,1.457,-0.01,-0.6817,1795474.0,261300.294
513500.SH,2023-10-24,1.457,1.453,1.456,1.448,1.455,-0.002,-0.1373,1462603.0,212426.433
513500.SH,2023-10-25,1.455,1.458,1.46,1.455,1.456,0.001,0.0687,605334.0,88245.906
513500.SH,2023-10-26,1.456,1.433,1.435,1.43,1.433,-0.023,-1.5797,1447441.0,207356.604
513500.SH,2023-10-27,1.433,1.43,1.433,1.429,1.433,0.0,0.0,1032017.0,147787.861
513500.SH,2023-10-30,1.433,1.426,1.427,1.422,1.427,-0.006,-0.4187,994988.0,141695.776
513500.SH,2023-10-31,1.427,1.432,1.433,1.428,1.431,0.004,0.2803,967181.0,138344.813
513500.SH,2023-11-01,1.431,1.44,1.447,1.439,1.446,0.015,1.0482,1081064.0,155904.984
513500.SH,2023-11-02,1.446,1.462,1.466,1.461,1.463,0.017,1.1757,1046117.0,153153.689
513500.SH,2023-11-03,1.463,1.485,1.487,1.484,1.486,0.023,1.5721,810324.0,120362.178
513500.SH,2023-11-06,1.486,1.494,1.496,1.493,1.494,0.008,0.5384,783588.0,117057.745
513500.SH,2023-11-07,1.494,1.492,1.494,1.49,1.492,-0.002,-0.1339,838509.0,125072.506
513500.SH,2023-11-08,1.492,1.497,1.499,1.495,1.497,0.005,0.3351,635199.0,95077.602
513500.SH,2023-11-09,1.497,1.498,1.505,1.497,1.505,0.008,0.5344,741040.0,111264.734
513500.SH,2023-11-10,1.505,1.495,1.495,1.49,1.493,-0.012,-0.7973,567001.0,84601.334
513500.SH,2023-11-13,1.493,1.512,1.514,1.51,1.513,0.02,1.3396,959236.0,144972.12
513500.SH,2023-11-14,1.513,1.512,1.518,1.511,1.518,0.005,0.3305,976650.0,148105.059
513500.SH,2023-11-15,1.518,1.543,1.544,1.537,1.539,0.021,1.3834,926938.0,142647.425
513500.SH,2023-11-16,1.539,1.538,1.542,1.535,1.541,0.002,0.13,1063853.0,163653.862
513500.SH,2023-11-17,1.541,1.542,1.544,1.538,1.54,-0.001,-0.0649,2421909.0,373296.843
513500.SH,2023-11-20,1.54,1.532,1.534,1.523,1.524,-0.016,-1.039,1830395.0,279585.298
513500.SH,2023-11-21,1.524,1.53,1.533,1.529,1.53,0.006,0.3937,524085.0,80237.75
513500.SH,2023-11-22,1.53,1.528,1.528,1.525,1.528,-0.002,-0.1307,1348124.0,205787.769
513500.SH,2023-11-23,1.528,1.534,1.537,1.531,1.533,0.005,0.3272,892123.0,136818.386
513500.SH,2023-11-24,1.533,1.534,1.536,1.533,1.535,0.002,0.1305,439638.0,67484.102
513500.SH,2023-11-27,1.535,1.534,1.534,1.53,1.534,-0.001,-0.0651,644983.0,98798.698
513500.SH,2023-11-28,1.534,1.533,1.535,1.533,1.535,0.001,0.0652,471473.0,72330.386
513500.SH,2023-11-29,1.535,1.532,1.533,1.53,1.532,-0.003,-0.1954,525499.0,80490.523
513500.SH,2023-11-30,1.532,1.532,1.535,1.529,1.531,-0.001,-0.0653,699741.0,107205.923
513500.SH,2023-12-01,1.531,1.535,1.54,1.535,1.539,0.008,0.5225,802561.0,123446.965
513500.SH,2023-12-04,1.539,1.544,1.548,1.543,1.547,0.008,0.5198,940068.02,145265.024
513500.SH,2023-12-05,1.547,1.539,1.539,1.534,1.534,-0.013,-0.8403,473204.0,72759.454
513500.SH,2023-12-06,1.534,1.545,1.546,1.544,1.546,0.012,0.7823,609862.0,94254.615
513500.SH,2023-12-07,1.546,1.536,1.539,1.533,1.533,-0.013,-0.8409,674724.0,103580.225
513500.SH,2023-12-08,1.533,1.544,1.547,1.543,1.545,0.012,0.7828,846715.47,130842.642
513500.SH,2023-12-11,1.545,1.557,1.562,1.556,1.559,0.014,0.9061,868830.0,135457.083
513500.SH,2023-12-12,1.559,1.566,1.57,1.565,1.567,0.008,0.5131,1286467.0,201633.245
513500.SH,2023-12-13,1.567,1.575,1.579,1.574,1.576,0.009,0.5743,1033878.0,163077.527
513500.SH,2023-12-14,1.576,1.594,1.596,1.591,1.593,0.017,1.0787,1773817.0,282561.453
513500.SH,2023-12-15,1.593,1.587,1.589,1.584,1.586,-0.007,-0.4394,1354442.0,214910.818
513500.SH,2023-12-18,1.586,1.59,1.593,1.589,1.593,0.007,0.4414,728628.0,115947.167
513500.SH,2023-12-19,1.593,1.598,1.601,1.597,1.601,0.008,0.5022,679754.44,108695.549
513500.SH,2023-12-20,1.601,1.605,1.61,1.605,1.609,0.008,0.4997,1119707.0,180050.612
513500.SH,2023-12-21,1.609,1.587,1.589,1.583,1.588,-0.021,-1.3052,2964855.47,470164.68
513500.SH,2023-12-22,1.588,1.598,1.599,1.594,1.597,0.009,0.5668,985222.12,157222.034
513500.SH,2023-12-25,1.597,1.6,1.602,1.598,1.6,0.003,0.1879,387992.0,62040.307
513500.SH,2023-12-26,1.6,1.601,1.606,1.6,1.605,0.005,0.3125,1171437.96,187859.736
513500.SH,2023-12-27,1.605,1.608,1.609,1.605,1.608,0.003,0.1869,1087975.99,174885.022
513500.SH,2023-12-28,1.608,1.61,1.61,1.603,1.605,-0.003,-0.1866,1131789.0,181858.431
513500.SH,2023-12-29,1.605,1.602,1.605,1.598,1.603,-0.002,-0.1246,1387400.0,222283.371
513500.SH,2024-01-02,1.603,1.6,1.607,1.6,1.607,0.004,0.2495,635475.0,101959.791
513500.SH,2024-01-03,1.607,1.597,1.6,1.595,1.595,-0.012,-0.7467,1084673.02,173260.596
513500.SH,2024-01-04,1.595,1.588,1.59,1.586,1.589,-0.006,-0.3762,683809.0,108630.401
513500.SH,2024-01-05,1.589,1.586,1.588,1.582,1.582,-0.007,-0.4405,866172.0,137329.775
513500.SH,2024-01-08,1.582,1.586,1.587,1.583,1.584,0.002,0.1264,931610.0,147615.543
513500.SH,2024-01-09,1.584,1.605,1.611,1.605,1.611,0.027,1.7045,1970037.0,317031.26
513500.SH,2024-01-10,1.611,1.611,1.613,1.609,1.61,-0.001,-0.0621,1277460.0,205829.049
513500.SH,2024-01-11,1.61,1.62,1.623,1.619,1.623,0.013,0.8075,1368573.59,221892.302
513500.SH,2024-01-12,1.623,1.615,1.616,1.612,1.616,-0.007,-0.4313,923408.0,149069.908
513500.SH,2024-01-15,1.616,1.619,1.625,1.618,1.624,0.008,0.495,1240203.0,201070.93
513500.SH,2024-01-16,1.624,1.619,1.62,1.616,1.616,-0.008,-0.4926,853985.0,138176.678
513500.SH,2024-01-17,1.616,1.619,1.62,1.608,1.609,-0.007,-0.4332,2173807.78,350979.166
513500.SH,2024-01-18,1.609,1.609,1.611,1.605,1.61,0.001,0.0622,1319013.04,212185.97
513500.SH,2024-01-19,1.61,1.623,1.628,1.622,1.626,0.016,0.9938,2108837.99,342871.913
513500.SH,2024-01-22,1.626,1.651,1.655,1.648,1.652,0.026,1.599,3260748.0,538244.701
513500.SH,2024-01-23,1.652,1.651,1.665,1.645,1.656,0.004,0.2421,3124120.74,516504.622
513500.SH,2024-01-24,1.656,1.66,1.688,1.658,1.674,0.018,1.087,2486817.42,416181.248
513500.SH,2024-01-25,1.674,1.672,1.672,1.655,1.666,-0.008,-0.4779,1586860.0,263800.332
513500.SH,2024-01-26,1.666,1.665,1.671,1.653,1.654,-0.012,-0.7203,2177410.0,361309.906
513500.SH,2024-01-29,1.654,1.654,1.662,1.654,1.661,0.007,0.4232,968075.0,160492.883
513500.SH,2024-01-30,1.661,1.674,1.681,1.673,1.681,0.02,1.2041,1393901.0,233778.745
513500.SH,2024-01-31,1.681,1.67,1.676,1.666,1.674,-0.007,-0.4164,1602878.67,267863.633
513500.SH,2024-02-01,1.674,1.655,1.662,1.649,1.66,-0.014,-0.8363,1660663.63,274483.266
513500.SH,2024-02-02,1.66,1.677,1.689,1.677,1.688,0.028,1.6867,1270891.67,213788.705
513500.SH,2024-02-05,1.688,1.702,1.703,1.683,1.695,0.007,0.4147,1756807.0,297280.23
513500.SH,2024-02-06,1.695,1.692,1.699,1.686,1.695,0.0,0.0,1301725.0,220149.046
513500.SH,2024-02-07,1.695,1.694,1.705,1.691,1.701,0.006,0.354,1249245.0,212010.19
513500.SH,2024-02-08,1.701,1.715,1.75,1.715,1.745,0.044,2.5867,1725307.0,298901.827
513500.SH,2024-02-19,1.745,1.739,1.741,1.719,1.737,-0.008,-0.4585,970140.0,168324.183
513500.SH,2024-02-20,1.737,1.738,1.739,1.727,1.731,-0.006,-0.3454,733833.0,127020.254
513500.SH,2024-02-21,1.731,1.72,1.723,1.712,1.717,-0.014,-0.8088,1890579.0,324557.056
513500.SH,2024-02-22,1.717,1.729,1.742,1.728,1.741,0.024,1.3978,936389.37,162574.149
513500.SH,2024-02-23,1.741,1.762,1.775,1.762,1.766,0.025,1.436,1187910.0,210113.441
513500.SH,2024-02-26,1.766,1.764,1.764,1.752,1.755,-0.011,-0.6229,1003777.3,176391.082
513500.SH,2024-02-27,1.755,1.751,1.764,1.747,1.761,0.006,0.3419,1475569.11,259525.661
513500.SH,2024-02-28,1.761,1.762,1.786,1.759,1.783,0.022,1.2493,1679058.0,297610.305
513500.SH,2024-02-29,1.783,1.777,1.778,1.765,1.772,-0.011,-0.6169,2247553.0,397959.269
513500.SH,2024-03-01,1.772,1.782,1.789,1.78,1.781,0.009,0.5079,1586048.0,282869.633
513500.SH,2024-03-04,1.781,1.789,1.796,1.789,1.794,0.013,0.7299,1256753.0,225420.086
513500.SH,2024-03-05,1.794,1.784,1.792,1.781,1.789,-0.005,-0.2787,1200737.0,214805.007
513500.SH,2024-03-06,1.789,1.776,1.784,1.772,1.781,-0.008,-0.4472,1700494.0,302389.889
513500.SH,2024-03-07,1.781,1.784,1.788,1.772,1.776,-0.005,-0.2807,1545117.91,275174.455
513500.SH,2024-03-08,1.776,1.791,1.801,1.791,1.8,0.024,1.3514,1533657.0,275511.518
513500.SH,2024-03-11,1.8,1.79,1.794,1.78,1.794,-0.006,-0.3333,1488653.91,266138.06
513500.SH,2024-03-12,1.794,1.794,1.799,1.785,1.788,-0.006,-0.3344,1399737.0,250544.879
513500.SH,2024-03-13,1.788,1.8,1.8,1.78,1.783,-0.005,-0.2796,1416734.0,253649.927
513500.SH,2024-03-14,1.783,1.784,1.784,1.778,1.784,0.001,0.0561,751823.0,133876.895
513500.SH,2024-03-15,1.784,1.778,1.782,1.774,1.775,-0.009,-0.5045,1072428.0,190751.816
513500.SH,2024-03-18,1.775,1.773,1.782,1.764,1.781,0.006,0.338,1535795.0,272051.795
513500.SH,2024-03-19,1.781,1.775,1.78,1.772,1.774,-0.007,-0.393,1177598.0,209153.468
513500.SH,2024-03-20,1.774,1.783,1.792,1.779,1.79,0.016,0.9019,1261109.0,225248.737
513500.SH,2024-03-21,1.79,1.801,1.84,1.8,1.826,0.036,2.0112,2423572.66,440845.424
513500.SH,2024-03-22,1.826,1.827,1.852,1.819,1.837,0.011,0.6024,2359895.0,434298.642
513500.SH,2024-03-25,1.837,1.838,1.846,1.816,1.825,-0.012,-0.6532,2226642.0,407909.894
513500.SH,2024-03-26,1.825,1.826,1.833,1.821,1.832,0.007,0.3836,1045619.0,191047.358
513500.SH,2024-03-27,1.832,1.827,1.848,1.825,1.844,0.012,0.655,1283638.0,235426.261
513500.SH,2024-03-28,1.844,1.851,1.877,1.848,1.868,0.024,1.3015,3028368.0,564050.725
513500.SH,2024-03-29,1.868,1.868,1.899,1.852,1.856,-0.012,-0.6424,3633389.24,683046.836
513500.SH,2024-04-01,1.856,1.863,1.886,1.845,1.849,-0.007,-0.3772,1996979.15,371698.861
513500.SH,2024-04-02,1.849,1.844,1.848,1.831,1.842,-0.007,-0.3786,2725711.0,501474.728
513500.SH,2024-04-03,1.842,1.83,1.831,1.797,1.802,-0.04,-2.1716,3380552.0,612744.381
513500.SH,2024-04-08,1.802,1.807,1.811,1.791,1.807,0.005,0.2775,2210781.0,398359.495
513500.SH,2024-04-09,1.807,1.806,1.819,1.795,1.813,0.006,0.332,2603800.18,470570.689
513500.SH,2024-04-10,1.813,1.815,1.818,1.8,1.81,-0.003,-0.1655,1042371.0,188859.687
513500.SH,2024-04-11,1.81,1.79,1.793,1.783,1.788,-0.022,-1.2155,1672230.0,299127.628
513500.SH,2024-04-12,1.788,1.801,1.807,1.799,1.802,0.014,0.783,1279001.59,230452.366
513500.SH,2024-04-15,1.802,1.776,1.785,1.771,1.783,-0.019,-1.0544,1198736.0,213407.735
513500.SH,2024-04-16,1.783,1.76,1.76,1.74,1.741,-0.042,-2.3556,2160224.46,377589.234
513500.SH,2024-04-17,1.741,1.742,1.747,1.733,1.734,-0.007,-0.4021,1254792.0,218425.316
513500.SH,2024-04-18,1.734,1.725,1.732,1.723,1.73,-0.004,-0.2307,1443337.0,249246.455
513500.SH,2024-04-19,1.73,1.71,1.71,1.693,1.709,-0.021,-1.2139,2029284.99,345125.581
513500.SH,2024-04-22,1.709,1.702,1.716,1.701,1.716,0.007,0.4096,1694642.32,289500.589
513500.SH,2024-04-23,1.716,1.722,1.731,1.719,1.728,0.012,0.6993,1779765.0,306957.407
513500.SH,2024-04-24,1.728,1.75,1.768,1.75,1.766,0.038,2.1991,1869810.0,329559.684
513500.SH,2024-04-25,1.766,1.749,1.753,1.737,1.739,-0.027,-1.5289,1279029.77,222962.829
513500.SH,2024-04-26,1.739,1.754,1.758,1.745,1.746,0.007,0.4025,1290618.0,225996.482
513500.SH,2024-04-29,1.746,1.758,1.76,1.75,1.754,0.008,0.4582,1007109.0,176655.255
513500.SH,2024-04-30,1.754,1.755,1.76,1.753,1.758,0.004,0.2281,823675.0,144685.815
513500.SH,2024-05-06,1.758,1.758,1.76,1.753,1.759,0.001,0.0569,920988.0,161668.409
513500.SH,2024-05-07,1.759,1.772,1.781,1.771,1.777,0.018,1.0233,1147035.0,203714.23
513500.SH,2024-05-08,1.777,1.779,1.785,1.775,1.784,0.007,0.3939,1091684.0,194404.807
513500.SH,2024-05-09,1.784,1.786,1.789,1.779,1.779,-0.005,-0.2803,1466309.71,261538.378
513500.SH,2024-05-10,1.779,1.789,1.8,1.788,1.799,0.02,1.1242,878813.0,157798.275
513500.SH,2024-05-13,1.799,1.801,1.81,1.799,1.807,0.008,0.4447,788139.0,142362.76
513500.SH,2024-05-14,1.807,1.801,1.809,1.797,1.807,0.0,0.0,991864.0,178681.894
513500.SH,2024-05-15,1.807,1.817,1.827,1.816,1.826,0.019,1.0515,1092086.0,199126.588
513500.SH,2024-05-16,1.826,1.849,1.858,1.845,1.85,0.024,1.3143,1233365.0,228477.271
513500.SH,2024-05-17,1.85,1.844,1.846,1.84,1.844,-0.006,-0.3243,942090.0,173663.357
513500.SH,2024-05-20,1.844,1.844,1.85,1.829,1.834,-0.01,-0.5423,1863960.0,342511.523
513500.SH,2024-05-21,1.834,1.836,1.84,1.832,1.835,0.001,0.0545,1113187.0,204337.625
513500.SH,2024-05-22,1.835,1.84,1.845,1.837,1.844,0.009,0.4905,897985.0,165358.63
513500.SH,2024-05-23,1.844,1.843,1.853,1.841,1.849,0.005,0.2711,1331571.0,246087.391
513500.SH,2024-05-24,1.849,1.829,1.829,1.818,1.818,-0.031,-1.6766,1587953.0,289723.851
513500.SH,2024-05-27,1.818,1.829,1.836,1.828,1.834,0.016,0.8801,654352.0,119941.475
513500.SH,2024-05-28,1.834,1.836,1.841,1.834,1.838,0.004,0.2181,572041.0,105029.202
513500.SH,2024-05-29,1.838,1.835,1.835,1.827,1.829,-0.009,-0.4897,509011.0,93167.502
513500.SH,2024-05-30,1.829,1.807,1.817,1.805,1.806,-0.023,-1.2575,930375.0,168493.054
513500.SH,2024-05-31,1.806,1.793,1.808,1.793,1.807,0.001,0.0554,823001.0,148206.18
513500.SH,2024-06-03,1.807,1.826,1.836,1.825,1.835,0.028,1.5495,875753.0,160339.675
513500.SH,2024-06-04,1.835,1.835,1.838,1.827,1.838,0.003,0.1635,775006.0,142122.496
513500.SH,2024-06-05,1.838,1.841,1.848,1.84,1.847,0.009,0.4897,590447.0,108923.787
513500.SH,2024-06-06,1.847,1.874,1.88,1.871,1.873,0.026,1.4077,984800.0,184513.785
513500.SH,2024-06-07,1.873,1.87,1.883,1.87,1.882,0.009,0.4805,678200.0,127227.173
513500.SH,2024-06-11,1.882,1.884,1.897,1.884,1.889,0.007,0.3719,989433.0,187055.379
513500.SH,2024-06-12,1.889,1.896,1.898,1.89,1.892,0.003,0.1588,1141583.0,216208.726
513500.SH,2024-06-13,1.892,1.908,1.913,1.906,1.909,0.017,0.8985,818673.0,156262.512
513500.SH,2024-06-14,1.909,1.907,1.909,1.9,1.903,-0.006,-0.3143,1048154.0,199476.777
513500.SH,2024-06-17,1.903,1.903,1.907,1.883,1.893,-0.01,-0.5255,1632288.0,308484.825
513500.SH,2024-06-18,1.893,1.906,1.909,1.899,1.902,0.009,0.4754,1149279.0,218732.442
513500.SH,2024-06-19,1.902,1.904,1.907,1.902,1.904,0.002,0.1052,634291.9,120798.663
513500.SH,2024-06-20,1.904,1.905,1.922,1.905,1.921,0.017,0.8929,759909.0,145252.308
513500.SH,2024-06-21,1.921,1.907,1.916,1.9,1.914,-0.007,-0.3644,1133320.0,216565.112
513500.SH,2024-06-24,1.914,1.912,1.913,1.904,1.91,-0.004,-0.209,621390.0,118578.073
513500.SH,2024-06-25,1.91,1.901,1.91,1.898,1.907,-0.003,-0.1571,992034.0,189011.969
513500.SH,2024-06-26,1.907,1.92,1.935,1.914,1.933,0.026,1.3634,941852.0,181025.789
513500.SH,2024-06-27,1.933,1.933,1.95,1.927,1.948,0.015,0.776,1468851.0,285262.029
513500.SH,2024-06-28,1.948,1.955,1.985,1.955,1.971,0.023,1.1807,2087549.0,411417.226
513500.SH,2024-07-01,1.971,1.965,1.978,1.958,1.967,-0.004,-0.2029,1245455.0,245424.744
513500.SH,2024-07-02,1.967,1.975,1.987,1.969,1.971,0.004,0.2034,1405085.0,277974.283
513500.SH,2024-07-03,1.971,1.99,2.0,1.989,1.999,0.028,1.4206,1121194.0,223767.306
513500.SH,2024-07-04,1.999,2.018,2.035,1.968,1.977,-0.022,-1.1006,2556542.0,512772.665
513500.SH,2024-07-05,1.977,1.974,1.996,1.973,1.993,0.016,0.8093,1339065.0,265391.096
513500.SH,2024-07-08,1.993,2.004,2.008,1.989,1.999,0.006,0.3011,1127275.0,225055.158
513500.SH,2024-07-09,1.999,2.001,2.002,1.993,1.996,-0.003,-0.1501,1207070.0,240932.768
513500.SH,2024-07-10,1.996,1.995,1.996,1.97,1.985,-0.011,-0.5511,1315036.0,260874.591
513500.SH,2024-07-11,1.985,1.999,2.004,1.996,2.004,0.019,0.9572,988551.0,197745.919
513500.SH,2024-07-12,2.004,1.984,1.984,1.945,1.974,-0.03,-1.497,1707796.0,335666.717
513500.SH,2024-07-15,1.974,1.983,2.025,1.983,2.024,0.05,2.5329,1978925.0,397678.548
513500.SH,2024-07-16,2.024,2.029,2.045,2.015,2.028,0.004,0.1976,1253185.0,254176.798
513500.SH,2024-07-17,2.028,2.039,2.067,2.038,2.053,0.025,1.2327,1799227.9,369343.22
513500.SH,2024-07-18,2.053,2.002,2.032,1.984,2.027,-0.026,-1.2664,1748145.0,351129.421
513500.SH,2024-07-19,2.027,2.01,2.014,1.977,1.979,-0.048,-2.368,1583370.0,315386.066
513500.SH,2024-07-22,1.979,1.955,1.965,1.95,1.956,-0.023,-1.1622,1377124.0,269304.619
513500.SH,2024-07-23,1.956,1.979,1.992,1.978,1.983,0.027,1.3804,1081700.0,214517.304
513500.SH,2024-07-24,1.983,1.975,1.98,1.966,1.968,-0.015,-0.7564,776452.0,153084.792
513500.SH,2024-07-25,1.968,1.912,1.918,1.9,1.911,-0.057,-2.8963,1311021.35,250565.375
513500.SH,2024-07-26,1.911,1.901,1.929,1.901,1.927,0.016,0.8373,929012.0,177838.478
513500.SH,2024-07-29,1.927,1.948,1.973,1.948,1.972,0.045,2.3352,1068189.91,209239.324
513500.SH,2024-07-30,1.972,1.963,1.97,1.947,1.962,-0.01,-0.5071,944175.0,184836.702
513500.SH,2024-07-31,1.962,1.959,1.962,1.94,1.948,-0.014,-0.7136,2268018.0,442118.228
513500.SH,2024-08-01,1.948,1.979,1.98,1.967,1.972,0.024,1.232,1343518.0,265159.446
513500.SH,2024-08-02,1.972,1.928,1.943,1.908,1.912,-0.06,-3.0426,1486308.0,285775.705
513500.SH,2024-08-05,1.912,1.84,1.84,1.773,1.785,-0.127,-6.6423,3336797.21,603682.558
513500.SH,2024-08-06,1.785,1.813,1.826,1.799,1.804,0.019,1.0644,2723550.0,493594.092
513500.SH,2024-08-07,1.804,1.807,1.826,1.803,1.811,0.007,0.388,1790875.0,325373.767
513500.SH,2024-08-08,1.811,1.793,1.802,1.782,1.799,-0.012,-0.6626,1068806.0,191472.37
513500.SH,2024-08-09,1.799,1.836,1.847,1.83,1.835,0.036,2.0011,1285068.01,236124.039
513500.SH,2024-08-12,1.835,1.842,1.861,1.841,1.86,0.025,1.3624,1351842.97,250633.332
513500.SH,2024-08-13,1.86,1.862,1.891,1.861,1.887,0.027,1.4516,1171965.0,219812.695
513500.SH,2024-08-14,1.887,1.914,1.925,1.91,1.922,0.035,1.8548,1271305.0,243992.675
513500.SH,2024-08-15,1.922,1.936,1.957,1.93,1.948,0.026,1.3528,1198460.0,233038.944
513500.SH,2024-08-16,1.948,1.994,1.996,1.962,1.975,0.027,1.386,1957543.0,386697.068
513500.SH,2024-08-19,1.975,1.978,1.978,1.941,1.942,-0.033,-1.6709,1397669.0,273725.415
513500.SH,2024-08-20,1.942,1.968,1.974,1.962,1.966,0.024,1.2358,842582.0,165657.345
513500.SH,2024-08-21,1.966,1.957,1.969,1.948,1.967,0.001,0.0509,689837.0,135278.774
513500.SH,2024-08-22,1.967,1.978,1.993,1.963,1.971,0.004,0.2034,1484566.0,293437.622
513500.SH,2024-08-23,1.971,1.95,1.965,1.948,1.964,-0.007,-0.3551,894428.0,174893.337
513500.SH,2024-08-26,1.964,1.988,1.993,1.97,1.978,0.014,0.7128,851835.0,168536.095
513500.SH,2024-08-27,1.978,1.971,1.98,1.962,1.978,0.0,0.0,661214.0,130475.26
513500.SH,2024-08-28,1.978,1.982,2.008,1.975,1.997,0.019,0.9606,2227796.0,443932.422
513500.SH,2024-08-29,1.997,1.971,1.981,1.961,1.974,-0.023,-1.1517,1381173.0,272224.371
513500.SH,2024-08-30,1.974,1.977,1.983,1.972,1.978,0.004,0.2026,765073.0,151214.193
513500.SH,2024-09-02,1.978,1.99,2.004,1.99,1.999,0.021,1.0617,1087548.64,217328.243
513500.SH,2024-09-03,1.999,2.001,2.011,1.992,1.998,-0.001,-0.05,1059450.0,212181.623
513500.SH,2024-09-04,1.998,1.925,1.943,1.917,1.919,-0.079,-3.954,1798985.0,347089.858
513500.SH,2024-09-05,1.919,1.933,1.94,1.923,1.929,0.01,0.5211,825363.06,159293.426
513500.SH,2024-09-06,1.929,1.92,1.925,1.912,1.919,-0.01,-0.5184,885552.89,169995.694
513500.SH,2024-09-09,1.919,1.894,1.906,1.884,1.905,-0.014,-0.7295,1459737.0,276656.954
513500.SH,2024-09-10,1.905,1.92,1.927,1.894,1.895,-0.01,-0.5249,1678850.48,320438.384
513500.SH,2024-09-11,1.895,1.908,1.91,1.893,1.899,0.004,0.2111,790319.0,150085.077
513500.SH,2024-09-12,1.899,1.927,1.937,1.923,1.931,0.032,1.6851,1318808.91,254485.023
513500.SH,2024-09-13,1.931,1.944,1.95,1.939,1.941,0.01,0.5179,1310968.0,254941.475
513500.SH,2024-09-18,1.941,1.95,1.954,1.935,1.939,-0.002,-0.103,918491.0,178481.808
513500.SH,2024-09-19,1.939,1.944,1.967,1.942,1.965,0.026,1.3409,1012686.0,197650.366
513500.SH,2024-09-20,1.965,1.986,1.989,1.967,1.97,0.005,0.2545,1256529.98,248683.191
513500.SH,2024-09-23,1.97,1.974,1.979,1.969,1.974,0.004,0.203,671940.99,132631.408
513500.SH,2024-09-24,1.974,1.977,1.978,1.95,1.96,-0.014,-0.7092,1208341.98,236781.221
513500.SH,2024-09-25,1.96,1.951,1.954,1.938,1.945,-0.015,-0.7653,1239281.7,241033.989
513500.SH,2024-09-26,1.945,1.949,1.955,1.938,1.948,0.003,0.1542,1650332.0,321326.369
513500.SH,2024-09-27,1.948,1.92,1.934,1.916,1.919,-0.029,-1.4887,985058.0,189629.055
513500.SH,2024-09-30,1.919,1.893,1.917,1.881,1.908,-0.011,-0.5732,4295250.0,816931.7
513500.SH,2024-10-08,1.908,1.886,1.914,1.879,1.893,-0.015,-0.7862,3528083.0,668954.192
513500.SH,2024-10-09,1.893,1.914,1.929,1.91,1.925,0.032,1.6904,2960690.0,568195.657
513500.SH,2024-10-10,1.925,1.943,1.961,1.943,1.956,0.031,1.6104,2530206.0,493894.382
513500.SH,2024-10-11,1.956,1.955,1.97,1.951,1.967,0.011,0.5624,1730693.0,339865.272
513500.SH,2024-10-14,1.967,1.984,1.992,1.971,1.988,0.021,1.0676,2086676.0,413857.0
513500.SH,2024-10-15,1.988,2.005,2.048,2.005,2.047,0.059,2.9678,3144859.0,638535.349
513500.SH,2024-10-16,2.047,2.025,2.034,2.005,2.024,-0.023,-1.1236,2328863.06,471282.771
513500.SH,2024-10-17,2.024,2.03,2.048,2.03,2.045,0.021,1.0375,2033645.0,414747.36
513500.SH,2024-10-18,2.045,2.036,2.041,2.015,2.027,-0.018,-0.8802,3077818.0,624928.096
513500.SH,2024-10-21,2.027,2.027,2.036,2.015,2.018,-0.009,-0.444,2048371.0,414005.126
513500.SH,2024-10-22,2.018,2.015,2.015,2.005,2.006,-0.012,-0.5946,1531023.0,307483.169
513500.SH,2024-10-23,2.006,2.006,2.011,1.998,1.999,-0.007,-0.349,1162316.9,232829.859
513500.SH,2024-10-24,1.999,1.986,1.992,1.982,1.991,-0.008,-0.4002,1646827.0,327050.735
513500.SH,2024-10-25,1.991,1.992,1.998,1.99,1.991,0.0,0.0,1019866.0,203282.53
513500.SH,2024-10-28,1.991,2.0,2.016,1.998,2.012,0.021,1.0547,2281468.0,457702.429
513500.SH,2024-10-29,2.012,2.005,2.009,2.0,2.005,-0.007,-0.3479,1346075.9,269768.058
513500.SH,2024-10-30,2.005,2.016,2.023,2.012,2.02,0.015,0.7481,1395275.0,281485.234
513500.SH,2024-10-31,2.02,2.008,2.008,1.995,1.996,-0.024,-1.1881,1048135.83,209557.47
513500.SH,2024-11-01,1.996,1.965,1.977,1.957,1.971,-0.025,-1.2525,1676200.52,329692.566
513500.SH,2024-11-04,1.971,1.966,1.972,1.961,1.963,-0.008,-0.4059,1533905.0,301514.919
513500.SH,2024-11-05,1.963,1.96,1.962,1.953,1.961,-0.002,-0.1019,1124936.0,220171.828
513500.SH,2024-11-06,1.961,1.996,2.03,1.988,2.029,0.068,3.4676,3330988.0,668346.837
513500.SH,2024-11-07,2.029,2.065,2.079,2.038,2.045,0.016,0.7886,3815080.0,785647.567
513500.SH,2024-11-08,2.045,2.047,2.063,2.047,2.063,0.018,0.8802,2309078.6,474479.084
513500.SH,2024-11-11,2.063,2.065,2.091,2.065,2.089,0.026,1.2603,1935111.98,402809.887
513500.SH,2024-11-12,2.089,2.092,2.126,2.092,2.113,0.024,1.1489,2807170.0,592152.067
513500.SH,2024-11-13,2.113,2.109,2.109,2.09,2.095,-0.018,-0.8519,1987802.0,416707.171
513500.SH,2024-11-14,2.095,2.097,2.131,2.097,2.122,0.027,1.2888,3260906.0,690846.954
513500.SH,2024-11-15,2.122,2.104,2.105,2.083,2.088,-0.034,-1.6023,2328753.0,488041.641
513500.SH,2024-11-18,2.088,2.067,2.107,2.067,2.102,0.014,0.6705,2789811.51,582560.336
513500.SH,2024-11-19,2.102,2.102,2.121,2.098,2.106,0.004,0.1903,2558811.0,540066.146
513500.SH,2024-11-20,2.106,2.122,2.123,2.108,2.112,0.006,0.2849,1737842.0,367150.693
513500.SH,2024-11-21,2.112,2.105,2.109,2.096,2.107,-0.005,-0.2367,1156296.0,243073.501
513500.SH,2024-11-22,2.107,2.121,2.134,2.115,2.128,0.021,0.9967,2244053.98,476760.461
513500.SH,2024-11-25,2.128,2.141,2.178,2.141,2.177,0.049,2.3026,3434824.0,743479.42
513500.SH,2024-11-26,2.177,2.181,2.187,2.143,2.181,0.004,0.1837,3995963.0,865450.138
513500.SH,2024-11-27,2.181,2.197,2.236,2.174,2.18,-0.001,-0.0459,5099924.0,1127500.408
513500.SH,2024-11-28,2.18,2.173,2.19,2.16,2.178,-0.002,-0.0917,2601024.0,565729.812
513500.SH,2024-11-29,2.178,2.182,2.188,2.17,2.182,0.004,0.1837,2147402.0,468217.485
513500.SH,2024-12-02,2.182,2.199,2.202,2.184,2.199,0.017,0.7791,2388134.0,523979.093
513500.SH,2024-12-03,2.199,2.21,2.222,2.207,2.217,0.018,0.8186,1921348.32,425336.733
513500.SH,2024-12-04,2.217,2.22,2.221,2.208,2.217,0.0,0.0,1570989.0,347907.504
513500.SH,2024-12-05,2.217,2.23,2.235,2.225,2.233,0.016,0.7217,1565477.34,348941.541
513500.SH,2024-12-06,2.233,2.228,2.231,2.21,2.228,-0.005,-0.2239,1458954.01,324657.582
513500.SH,2024-12-09,2.228,2.233,2.233,2.225,2.227,-0.001,-0.0449,1365980.0,304320.476
513500.SH,2024-12-10,2.227,2.182,2.21,2.182,2.207,-0.02,-0.8981,2246211.0,494108.24
513500.SH,2024-12-11,2.207,2.2,2.229,2.199,2.227,0.02,0.9062,2116906.1,469439.403
513500.SH,2024-12-12,2.227,2.248,2.25,2.226,2.232,0.005,0.2245,2115516.0,473526.91
513500.SH,2024-12-13,2.232,2.226,2.246,2.223,2.244,0.012,0.5376,1507002.68,336943.663
513500.SH,2024-12-16,2.244,2.244,2.285,2.241,2.274,0.03,1.3369,3267669.1,741900.043
513500.SH,2024-12-17,2.274,2.501,2.501,2.047,2.254,-0.02,-0.8795,4655671.12,1049725.544
513500.SH,2024-12-18,2.254,2.248,2.248,2.22,2.229,-0.025,-1.1091,2469285.27,550314.036
513500.SH,2024-12-19,2.229,2.149,2.195,2.149,2.157,-0.072,-3.2301,3024560.0,655842.108
513500.SH,2024-12-20,2.157,2.155,2.174,2.12,2.144,-0.013,-0.6027,2840518.66,609192.968
513500.SH,2024-12-23,2.144,2.176,2.2,2.176,2.194,0.05,2.3321,2725915.88,596921.049
513500.SH,2024-12-24,2.194,2.213,2.217,2.181,2.186,-0.008,-0.3646,1996193.07,439050.636
513500.SH,2024-12-25,2.186,2.198,2.205,2.191,2.197,0.011,0.5032,1035301.07,227341.259
513500.SH,2024-12-26,2.197,2.199,2.2,2.185,2.2,0.003,0.1365,930462.76,204243.215
513500.SH,2024-12-27,2.2,2.197,2.199,2.19,2.191,-0.009,-0.4091,824590.0,180878.807
513500.SH,2024-12-30,2.191,2.17,2.172,2.161,2.165,-0.026,-1.1867,1165096.21,252314.636
513500.SH,2024-12-31,2.165,2.151,2.178,2.143,2.162,-0.003,-0.1386,1603419.86,346082.143
513500.SH,2025-01-02,2.162,2.163,2.185,2.16,2.183,0.021,0.9713,1579558.88,343892.662
513500.SH,2025-01-03,2.183,2.181,2.186,2.167,2.17,-0.013,-0.5955,1141237.0,248381.322
513500.SH,2025-01-06,2.17,2.188,2.213,2.188,2.211,0.041,1.8894,1848995.0,406253.316
513500.SH,2025-01-07,2.211,2.22,2.238,2.18,2.193,-0.018,-0.8141,3000408.9,664862.836
513500.SH,2025-01-08,2.193,2.172,2.197,2.17,2.19,-0.003,-0.1368,1411850.76,308438.227
513500.SH,2025-01-09,2.19,2.193,2.2,2.184,2.186,-0.004,-0.1826,955483.0,209257.322
513500.SH,2025-01-10,2.186,2.181,2.198,2.172,2.173,-0.013,-0.5947,1352753.0,295580.973
513500.SH,2025-01-13,2.173,2.152,2.16,2.135,2.139,-0.034,-1.5647,1128826.0,242217.021
513500.SH,2025-01-14,2.139,2.152,2.164,2.146,2.162,0.023,1.0753,1149907.67,247714.743
513500.SH,2025-01-15,2.162,2.161,2.167,2.152,2.158,-0.004,-0.185,749169.0,161694.815
513500.SH,2025-01-16,2.158,2.198,2.2,2.187,2.193,0.035,1.6219,1182130.0,259124.857
513500.SH,2025-01-17,2.193,2.189,2.192,2.177,2.191,-0.002,-0.0912,656203.0,143488.589
513500.SH,2025-01-20,2.191,2.202,2.207,2.197,2.201,0.01,0.4564,960154.0,211359.301
513500.SH,2025-01-21,2.201,2.202,2.203,2.193,2.2,-0.001,-0.0454,662008.9,145588.046
513500.SH,2025-01-22,2.2,2.212,2.22,2.209,2.218,0.018,0.8182,927383.23,205164.97
513500.SH,2025-01-23,2.218,2.225,2.228,2.204,2.205,-0.013,-0.5861,1259120.0,279258.164
513500.SH,2025-01-24,2.205,2.214,2.22,2.212,2.214,0.009,0.4082,995621.0,220647.07
513500.SH,2025-01-27,2.214,2.2,2.2,2.165,2.196,-0.018,-0.813,2484108.0,542361.318
513500.SH,2025-02-05,2.196,2.191,2.195,2.178,2.192,-0.004,-0.1821,894929.0,196034.692
513500.SH,2025-02-06,2.192,2.2,2.203,2.195,2.198,0.006,0.2737,712735.0,156722.141
513500.SH,2025-02-07,2.198,2.198,2.201,2.187,2.192,-0.006,-0.273,934739.01,204945.87
513500.SH,2025-02-10,2.192,2.18,2.188,2.17,2.187,-0.005,-0.2281,1013117.46,220606.595
513500.SH,2025-02-11,2.187,2.187,2.192,2.18,2.183,-0.004,-0.1829,663169.0,144937.696
513500.SH,2025-02-12,2.183,2.183,2.185,2.17,2.175,-0.008,-0.3665,584026.0,127052.105
513500.SH,2025-02-13,2.175,2.179,2.179,2.165,2.172,-0.003,-0.1379,756592.0,164142.548
513500.SH,2025-02-14,2.172,2.18,2.184,2.171,2.173,0.001,0.046,912017.0,198616.671
513500.SH,2025-02-17,2.173,2.172,2.172,2.16,2.17,-0.003,-0.1381,757004.9,163890.755
513500.SH,2025-02-18,2.17,2.17,2.189,2.167,2.185,0.015,0.6912,693092.99,150851.653
513500.SH,2025-02-19,2.185,2.185,2.185,2.175,2.176,-0.009,-0.4119,597853.92,130322.495
513500.SH,2025-02-20,2.176,2.18,2.181,2.173,2.174,-0.002,-0.0919,464705.0,101094.249
513500.SH,2025-02-21,2.174,2.168,2.168,2.15,2.154,-0.02,-0.92,1217864.0,262620.382
513500.SH,2025-02-24,2.154,2.118,2.138,2.112,2.125,-0.029,-1.3463,1481295.0,313781.187
513500.SH,2025-02-25,2.125,2.11,2.116,2.092,2.094,-0.031,-1.4588,1422639.0,298776.741
513500.SH,2025-02-26,2.094,2.092,2.092,2.077,2.091,-0.003,-0.1433,1666490.0,347204.187
513500.SH,2025-02-27,2.091,2.089,2.089,2.079,2.084,-0.007,-0.3348,1367344.1,284837.163
513500.SH,2025-02-28,2.084,2.05,2.051,2.028,2.032,-0.052,-2.4952,3038343.1,619549.043
513500.SH,2025-03-03,2.032,2.052,2.071,2.052,2.07,0.038,1.8701,2279092.0,470010.561
513500.SH,2025-03-04,2.07,2.034,2.034,2.028,2.031,-0.039,-1.8841,1637668.0,332659.212
513500.SH,2025-03-05,2.031,2.015,2.027,2.011,2.024,-0.007,-0.3447,2151237.0,434704.451
513500.SH,2025-03-06,2.024,2.031,2.034,2.022,2.025,0.001,0.0494,1229199.0,248988.491
513500.SH,2025-03-07,2.025,2.0,2.006,1.998,2.001,-0.024,-1.1852,1436892.14,287561.166
513500.SH,2025-03-10,2.001,1.998,2.004,1.995,1.999,-0.002,-0.1,868611.0,173702.613
513500.SH,2025-03-11,1.999,1.937,1.949,1.931,1.949,-0.05,-2.5013,2298535.22,446390.669
513500.SH,2025-03-12,1.949,1.938,1.941,1.93,1.938,-0.011,-0.5644,1650503.26,319446.678
513500.SH,2025-03-13,1.938,1.944,1.947,1.927,1.932,-0.006,-0.3096,1300855.36,251960.402
513500.SH,2025-03-14,1.932,1.92,1.931,1.917,1.93,-0.002,-0.1035,1954379.0,375685.735
513500.SH,2025-03-17,1.93,1.94,1.943,1.928,1.929,-0.001,-0.0518,1647829.0,318907.564
513500.SH,2025-03-18,1.929,1.938,1.949,1.938,1.948,0.019,0.985,2093329.0,406509.362
513500.SH,2025-03-19,1.948,1.935,1.935,1.928,1.933,-0.015,-0.77,814493.0,157344.155
513500.SH,2025-03-20,1.933,1.955,1.983,1.951,1.981,0.048,2.4832,3178334.0,625048.37
513500.SH,2025-03-21,1.981,1.979,1.979,1.962,1.973,-0.008,-0.4038,2256099.0,444398.783
513500.SH,2025-03-24,1.973,1.984,1.999,1.983,1.999,0.026,1.3178,2507265.0,498843.424
513500.SH,2025-03-25,1.999,2.025,2.026,2.01,2.017,0.018,0.9005,2451370.82,494670.766
513500.SH,2025-03-26,2.017,2.028,2.028,2.008,2.011,-0.006,-0.2975,1746172.67,351534.941
513500.SH,2025-03-27,2.011,1.98,1.986,1.98,1.983,-0.028,-1.3923,1622047.63,321567.798
513500.SH,2025-03-28,1.983,1.974,1.976,1.962,1.963,-0.02,-1.0086,1564705.0,307933.305
513500.SH,2025-03-31,1.963,1.91,1.92,1.906,1.907,-0.056,-2.8528,2001722.1,382813.852
513500.SH,2025-04-01,1.907,1.917,1.939,1.917,1.937,0.03,1.5732,2248768.0,433956.103
513500.SH,2025-04-02,1.937,1.94,1.942,1.936,1.937,0.0,0.0,1966888.2,381332.128
513500.SH,2025-04-03,1.937,1.903,1.912,1.895,1.897,-0.04,-2.065,3416120.79,649805.361
513500.SH,2025-04-07,1.897,1.707,1.725,1.707,1.707,-0.19,-10.0158,5655431.98,967455.0
513500.SH,2025-04-08,1.707,1.737,1.793,1.737,1.776,0.069,4.0422,5082647.22,902064.322
513500.SH,2025-04-09,1.776,1.707,1.729,1.695,1.722,-0.054,-3.0405,7420048.0,1270310.189
513500.SH,2025-04-10,1.722,1.881,1.888,1.831,1.886,0.164,9.5238,6701700.0,1258236.161
513500.SH,2025-04-11,1.886,1.807,1.849,1.802,1.841,-0.045,-2.386,6209563.0,1132299.293
513500.SH,2025-04-14,1.841,1.864,1.875,1.857,1.872,0.031,1.6839,2963731.0,552969.796
513500.SH,2025-04-15,1.872,1.868,1.869,1.863,1.865,-0.007,-0.3739,1515088.0,282637.848
513500.SH,2025-04-16,1.865,1.854,1.854,1.835,1.842,-0.023,-1.2332,2154094.0,397627.015
513500.SH,2025-04-17,1.842,1.831,1.84,1.826,1.835,-0.007,-0.38,2632814.0,482965.469
513500.SH,2025-04-18,1.835,1.826,1.832,1.823,1.829,-0.006,-0.327,928764.0,169737.482
513500.SH,2025-04-21,1.829,1.811,1.815,1.804,1.806,-0.023,-1.2575,1841734.0,333078.425
513500.SH,2025-04-22,1.806,1.792,1.804,1.787,1.803,-0.003,-0.1661,2202368.0,394712.388
513500.SH,2025-04-23,1.803,1.846,1.858,1.842,1.855,0.052,2.8841,5282818.0,976671.444
513500.SH,2025-04-24,1.855,1.855,1.859,1.846,1.846,-0.009,-0.4852,3137396.0,580635.067
513500.SH,2025-04-25,1.846,1.891,1.898,1.889,1.895,0.049,2.6544,3776175.0,714619.713
513500.SH,2025-04-28,1.895,1.892,1.902,1.889,1.901,0.006,0.3166,2329212.0,440889.329
513500.SH,2025-04-29,1.901,1.903,1.907,1.895,1.897,-0.004,-0.2104,2139831.0,406460.194
513500.SH,2025-04-30,1.897,1.903,1.903,1.897,1.9,0.003,0.1581,1698314.1,322624.589
513500.SH,2025-05-06,1.9,1.922,1.927,1.915,1.918,0.018,0.9474,1988920.0,381842.614
513500.SH,2025-05-07,1.918,1.92,1.925,1.919,1.922,0.004,0.2086,1310773.3,251884.332
513500.SH,2025-05-08,1.922,1.931,1.942,1.93,1.94,0.018,0.9365,2398358.0,464530.057
513500.SH,2025-05-09,1.94,1.94,1.944,1.937,1.942,0.002,0.1031,1534709.45,297822.421
513500.SH,2025-05-12,1.942,1.964,1.966,1.957,1.963,0.021,1.0814,2372225.0,465200.929
513500.SH,2025-05-13,1.963,1.987,1.987,1.977,1.977,0.014,0.7132,2743637.98,543744.972
513500.SH,2025-05-14,1.977,1.998,2.013,1.998,2.013,0.036,1.8209,2628048.24,527519.45
513500.SH,2025-05-15,2.013,2.007,2.007,1.998,1.999,-0.014,-0.6955,1748776.26,350126.886
513500.SH,2025-05-16,1.999,2.007,2.014,2.007,2.012,0.013,0.6503,1262025.0,253887.95
513500.SH,2025-05-19,2.012,2.009,2.015,2.006,2.006,-0.006,-0.2982,2086891.12,419552.696
513500.SH,2025-05-20,2.006,2.026,2.032,2.024,2.025,0.019,0.9472,1626987.0,329917.246
513500.SH,2025-05-21,2.025,2.019,2.021,2.009,2.01,-0.015,-0.7407,1497481.5,301800.188
513500.SH,2025-05-22,2.01,1.989,1.994,1.985,1.989,-0.021,-1.0448,2545229.02,506324.576
513500.SH,2025-05-23,1.989,1.987,1.993,1.983,1.986,-0.003,-0.1508,1561138.0,310360.084
513500.SH,2025-05-26,1.986,1.985,1.992,1.983,1.991,0.005,0.2518,1193597.0,237213.052
513500.SH,2025-05-27,1.991,1.99,1.997,1.987,1.997,0.006,0.3014,1011548.0,201499.546
513500.SH,2025-05-28,1.997,2.015,2.017,2.011,2.012,0.015,0.7511,1574523.0,317073.426
513500.SH,2025-05-29,2.012,2.032,2.036,2.031,2.032,0.02,0.994,2589658.0,526612.025
513500.SH,2025-05-30,2.032,2.001,2.009,1.999,2.004,-0.028,-1.378,2605744.0,522435.89
513500.SH,2025-06-03,2.004,2.013,2.016,2.009,2.01,0.006,0.2994,1371410.09,275982.174
513500.SH,2025-06-04,2.01,2.026,2.03,2.023,2.029,0.019,0.9453,1210579.0,245333.025
513500.SH,2025-06-05,2.029,2.025,2.027,2.023,2.025,-0.004,-0.1971,1524792.0,308752.909
513500.SH,2025-06-06,2.025,2.018,2.025,2.016,2.024,-0.001,-0.0494,850335.0,171815.58
513500.SH,2025-06-09,2.024,2.032,2.036,2.031,2.035,0.011,0.5435,963823.0,195963.652
513500.SH,2025-06-10,2.035,2.042,2.047,2.033,2.036,0.001,0.0491,1493926.0,304991.763
513500.SH,2025-06-11,2.036,2.044,2.046,2.042,2.046,0.01,0.4912,1041704.0,212936.476
513500.SH,2025-06-12,2.046,2.04,2.042,2.036,2.04,-0.006,-0.2933,1100902.0,224477.655
513500.SH,2025-06-13,2.04,2.02,2.025,2.011,2.023,-0.017,-0.8333,2221110.0,448583.843
513500.SH,2025-06-16,2.023,2.029,2.038,2.028,2.038,0.015,0.7415,1144822.0,232755.129
513500.SH,2025-06-17,2.038,2.039,2.043,2.036,2.038,0.0,0.0,1200707.0,244912.091
513500.SH,2025-06-18,2.038,2.033,2.039,2.032,2.035,-0.003,-0.1472,1089067.0,221672.42
513500.SH,2025-06-19,2.035,2.028,2.03,2.022,2.025,-0.01,-0.4914,1583901.0,320773.947
513500.SH,2025-06-20,2.025,2.023,2.03,2.019,2.027,0.002,0.0988,956389.0,193698.039
513500.SH,2025-06-23,2.027,2.015,2.027,2.014,2.025,-0.002,-0.0987,906971.0,183385.729
513500.SH,2025-06-24,2.025,2.051,2.062,2.048,2.061,0.036,1.7778,2045860.0,420011.976
513500.SH,2025-06-25,2.061,2.062,2.066,2.059,2.065,0.004,0.1941,1719257.05,354755.895
513500.SH,2025-06-26,2.065,2.063,2.072,2.061,2.071,0.006,0.2906,1542598.0,318743.666
513500.SH,2025-06-27,2.071,2.08,2.093,2.08,2.091,0.02,0.9657,2724124.99,568793.085
513500.SH,2025-06-30,2.091,2.102,2.104,2.096,2.102,0.011,0.5261,1622426.0,340760.803
513500.SH,2025-07-01,2.102,2.102,2.104,2.095,2.096,-0.006,-0.2854,1275137.0,267681.078
513500.SH,2025-07-02,2.096,2.098,2.111,2.098,2.11,0.014,0.6679,1391608.0,292831.012
513500.SH,2025-07-03,2.11,2.114,2.115,2.109,2.114,0.004,0.1896,1254423.0,264905.09
513500.SH,2025-07-04,2.114,2.125,2.132,2.122,2.125,0.011,0.5203,2325591.0,494655.928
513500.SH,2025-07-07,2.125,2.121,2.127,2.118,2.121,-0.004,-0.1882,1579035.0,335143.449
513500.SH,2025-07-08,2.121,2.114,2.121,2.112,2.121,0.0,0.0,1542762.79,326431.335
513500.SH,2025-07-09,2.121,2.118,2.118,2.112,2.113,-0.008,-0.3772,1277141.0,269935.967
513500.SH,2025-07-10,2.113,2.119,2.128,2.119,2.121,0.008,0.3786,1892997.0,402102.4
513500.SH,2025-07-11,2.121,2.124,2.126,2.122,2.124,0.003,0.1414,1390238.0,295298.38
513500.SH,2025-07-14,2.124,2.115,2.116,2.107,2.107,-0.017,-0.8004,2687672.0,567341.891
513500.SH,2025-07-15,2.107,2.118,2.131,2.117,2.131,0.024,1.1391,1781706.0,378798.895
513500.SH,2025-07-16,2.131,2.117,2.119,2.114,2.115,-0.016,-0.7508,1539316.0,325773.543
513500.SH,2025-07-17,2.115,2.123,2.135,2.123,2.131,0.016,0.7565,2251254.0,478820.205
513500.SH,2025-07-18,2.131,2.141,2.146,2.141,2.143,0.012,0.5631,1031171.0,221116.721
513500.SH,2025-07-21,2.143,2.142,2.142,2.137,2.14,-0.003,-0.14,1491099.71,318907.452
513500.SH,2025-07-22,2.14,2.138,2.141,2.135,2.136,-0.004,-0.1869,1336900.0,285823.611
513500.SH,2025-07-23,2.136,2.137,2.144,2.137,2.144,0.008,0.3745,1257314.0,269212.29
513500.SH,2025-07-24,2.144,2.155,2.156,2.152,2.153,0.009,0.4198,1308245.99,281799.074
513500.SH,2025-07-25,2.153,2.157,2.167,2.156,2.164,0.011,0.5109,1355979.88,293261.577
513500.SH,2025-07-28,2.164,2.176,2.187,2.176,2.185,0.021,0.9704,1825007.0,398525.387
513500.SH,2025-07-29,2.185,2.183,2.185,2.173,2.184,-0.001,-0.0458,1609620.0,350776.379
513500.SH,2025-07-30,2.184,2.175,2.181,2.174,2.18,-0.004,-0.1832,974192.0,212245.186
513500.SH,2025-07-31,2.18,2.196,2.203,2.188,2.202,0.022,1.0092,1444080.02,317259.941
513500.SH,2025-08-01,2.202,2.17,2.183,2.169,2.172,-0.03,-1.3624,1791382.0,389956.01
513500.SH,2025-08-04,2.172,2.148,2.158,2.137,2.148,-0.024,-1.105,2940037.8,631886.592
513500.SH,2025-08-05,2.148,2.171,2.187,2.171,2.187,0.039,1.8156,1743225.4,379750.388
513500.SH,2025-08-06,2.187,2.167,2.175,2.166,2.174,-0.013,-0.5944,1897912.07,411725.936
513500.SH,2025-08-07,2.174,2.185,2.19,2.173,2.174,0.0,0.0,1354707.0,295467.872
513500.SH,2025-08-08,2.174,2.176,2.181,2.169,2.174,0.0,0.0,988570.99,215020.382
513500.SH,2025-08-11,2.174,2.185,2.194,2.185,2.192,0.018,0.828,1470858.98,322205.083
513500.SH,2025-08-12,2.192,2.188,2.191,2.183,2.187,-0.005,-0.2281,1011301.0,221215.835
513500.SH,2025-08-13,2.187,2.202,2.207,2.202,2.204,0.017,0.7773,830205.9,183018.098
513500.SH,2025-08-14,2.204,2.207,2.209,2.201,2.203,-0.001,-0.0454,913248.0,201366.577
513500.SH,2025-08-15,2.203,2.208,2.218,2.205,2.217,0.014,0.6355,923013.14,204050.352
513500.SH,2025-08-18,2.217,2.209,2.211,2.201,2.203,-0.014,-0.6315,1457107.0,321469.548
513500.SH,2025-08-19,2.203,2.202,2.203,2.192,2.197,-0.006,-0.2724,1035037.0,227386.808
513500.SH,2025-08-20,2.197,2.182,2.194,2.178,2.185,-0.012,-0.5462,2200807.0,480671.46
513500.SH,2025-08-21,2.185,2.177,2.194,2.177,2.183,-0.002,-0.0915,1907261.45,416738.825
513500.SH,2025-08-22,2.183,2.179,2.18,2.169,2.17,-0.013,-0.5955,1850136.0,402171.439
513500.SH,2025-08-25,2.17,2.197,2.203,2.194,2.2,0.03,1.3825,3091222.0,679463.343
513500.SH,2025-08-26,2.2,2.19,2.193,2.188,2.191,-0.009,-0.4091,836753.0,183275.193
513500.SH,2025-08-27,2.191,2.2,2.207,2.198,2.206,0.015,0.6846,1081363.0,238003.767
513500.SH,2025-08-28,2.206,2.201,2.203,2.192,2.194,-0.012,-0.544,1538029.0,337939.087
513500.SH,2025-08-29,2.194,2.196,2.201,2.194,2.195,0.001,0.0456,912789.25,200542.341
513500.SH,2025-09-01,2.195,2.193,2.193,2.18,2.185,-0.01,-0.4556,1191555.0,260374.423
513500.SH,2025-09-02,2.185,2.185,2.188,2.182,2.187,0.002,0.0915,799735.0,174775.783
513500.SH,2025-09-03,2.187,2.177,2.18,2.173,2.177,-0.01,-0.4572,1060301.0,230688.514
513500.SH,2025-09-04,2.177,2.187,2.192,2.185,2.189,0.012,0.5512,869275.0,190254.702
513500.SH,2025-09-05,2.189,2.21,2.219,2.203,2.204,0.015,0.6852,1296751.0,285989.781
513500.SH,2025-09-08,2.204,2.195,2.197,2.191,2.195,-0.009,-0.4083,951844.0,208836.035
513500.SH,2025-09-09,2.195,2.197,2.2,2.194,2.198,0.003,0.1367,1351638.1,296827.81
513500.SH,2025-09-10,2.198,2.202,2.208,2.202,2.207,0.009,0.4095,1016543.99,224235.307
513500.SH,2025-09-11,2.207,2.21,2.211,2.206,2.21,0.003,0.1359,1063295.0,234839.312
513500.SH,2025-09-12,2.21,2.221,2.224,2.22,2.222,0.012,0.543,1133534.51,251905.102
513500.SH,2025-09-15,2.222,2.223,2.23,2.222,2.229,0.007,0.315,999886.0,222659.03
