ts_code,trade_date,open,high,low,close,pre_close,change,pct_chg,vol,amount,id
300750.SZ,2018-06-11,15.718453683442743,18.86006043555278,15.718453683442743,18.86006043555278,13.097843075961238,11.06,43.99,1513.0438259999999,5461.5970374,7792830
300750.SZ,2018-06-12,20.746066479108055,20.746066479108055,20.746066479108055,20.746066479108055,18.86006043555278,3.62,10.0,510.157326,2031.4449749999999,7590281
300750.SZ,2018-06-13,22.8196311347296,22.8196311347296,22.8196311347296,22.8196311347296,20.746066479108055,3.98,10.0,864.30582,3785.6594916000004,7605164
300750.SZ,2018-06-14,25.101594248202563,25.101594248202563,25.101594248202563,25.101594248202563,22.8196311347296,4.38,10.0,1425.4807979999998,6867.966369600001,7619637
300750.SZ,2018-06-15,27.612795665312074,27.612795665312074,27.612795665312074,27.612795665312074,25.101594248202563,4.82,10.0,4923.45294,26094.300582,7631155
300750.SZ,2018-06-19,30.374075231843282,30.374075231843282,30.374075231843282,30.374075231843282,27.612795665312074,5.3,10.0,21447.913032,125041.33220880001,7650537
300750.SZ,2018-06-20,33.411482755027606,33.411482755027606,33.411482755027606,33.411482755027606,30.374075231843282,5.83,10.0,25151.472107999998,161296.38936180001,7659514
300750.SZ,2018-06-21,36.75106804209649,36.75106804209649,36.75106804209649,36.75106804209649,33.411482755027606,6.41,10.0,23640.48204,166759.9595424,7673786
300750.SZ,2018-06-22,37.51172241325414,37.881629675940395,33.078045222465356,34.67229342502865,36.75106804209649,-3.99,-5.66,2460106.477206,16506319.756227,7687878
300750.SZ,2018-06-25,35.53193706366573,37.303323955402725,35.02136084192977,36.04772324684797,34.67229342502865,2.64,3.97,1343234.488806,9344420.096373599,7703308
300750.SZ,2018-06-26,35.370428258830884,39.36125872668542,34.95884130457434,38.647494008544335,36.04772324684797,4.99,7.21,1200652.781118,8708507.4597528,7710127
300750.SZ,2018-06-27,38.663123892883185,39.03824111701574,37.391893299989576,38.60060435552777,38.647494008544335,-0.09,-0.12,847201.317228,6220858.8401568,7721907
300750.SZ,2018-06-28,38.18901740127123,39.27789934354485,35.135979993748045,35.537147025112006,38.60060435552777,-5.88,-7.94,1018836.3493140001,7236395.660256,7736409
300750.SZ,2018-06-29,35.782015213087426,38.710013545899756,35.30790872147546,37.490882567468994,35.537147025112006,3.75,5.5,877138.44855,6203421.7072842,7749675
300750.SZ,2018-07-02,36.88131707825362,37.240804418047304,36.00604355527769,36.46973012399708,37.490882567468994,-1.96,-2.72,623232.673308,4373633.1400776,7762323
300750.SZ,2018-07-03,36.57392935292279,37.08971553610503,34.30759612378868,36.09982286131083,36.46973012399708,-0.71,-1.01,650869.7684160001,4485996.6644598,7776007
300750.SZ,2018-07-04,35.505887256434306,35.505887256434306,34.1252474731687,34.34406585391268,36.09982286131083,-3.37,-4.86,504460.489218,3358795.4441537997,7790406
300750.SZ,2018-07-05,33.86474940085443,37.44920287589871,33.80222986349901,35.84974471188913,34.34406585391268,2.89,4.38,659079.4069020001,4498133.2206804,7804037
300750.SZ,2018-07-06,35.84974471188913,38.814212774825464,35.79243513597999,36.92820673127019,35.84974471188913,2.07,3.01,944602.5178380001,6739701.7083564,7818163
300750.SZ,2018-07-09,36.8865270396999,37.28769407106387,36.00604355527769,37.2772741481713,36.92820673127019,0.67,0.95,596337.9829259999,4191943.6976969996,7832165
300750.SZ,2018-07-10,39.07471084713973,39.53839741585912,37.33458372408044,37.72012087110556,37.2772741481713,0.85,1.19,700281.592794,5117203.3929366,7845174
300750.SZ,2018-07-11,36.46973012399708,41.12743565697613,36.2509117432531,40.1479629050745,37.72012087110556,4.66,6.44,942824.7311699999,7092280.4536962,7858652
300750.SZ,2018-07-12,39.61133687610712,44.16484318016046,39.387308533916844,44.16484318016046,40.1479629050745,7.71,10.01,826977.5591279999,6583893.0716958,7865852
300750.SZ,2018-07-13,42.72168385953944,46.092528915286024,42.21631759924976,43.08638116077941,44.16484318016046,-2.07,-2.44,925190.24367,7771749.266756999,7877421
300750.SZ,2018-07-16,43.08638116077941,44.154423257267894,41.73179118474523,43.711576534333645,43.08638116077941,1.2,1.45,566514.6720240001,4682840.8485432,7886719
300750.SZ,2018-07-17,43.2999895800771,43.85224549338335,41.50255288110868,42.86756278003543,43.711576534333645,-1.62,-1.93,549243.0087059999,4485325.0990296,7899508
300750.SZ,2018-07-18,42.86756278003543,43.95644472230906,41.73700114619152,42.86756278003543,42.86756278003543,0.0,0.0,520423.02576600004,4287501.5622096,7913122
300750.SZ,2018-07-19,42.72168385953944,44.36282171511931,42.028758987183494,43.18537042825883,42.86756278003543,0.61,0.74,481279.626702,4011329.0175882,7931141
300750.SZ,2018-07-20,42.9821819318537,47.504428467229346,42.72689382098572,47.374179431072214,43.18537042825883,8.04,9.6996,819500.01819,7198392.3022578005,7939539
300750.SZ,2018-07-23,46.368656871939145,47.17099093466708,45.61321246222778,46.17067833698031,47.374179431072214,-2.31,-2.5404,480125.472288,4268718.997116,7951291
300750.SZ,2018-07-24,46.10815879962488,48.43180160466812,45.58716265499635,47.81181619256017,46.17067833698031,3.15,3.5545,508660.67385,4598810.777589,7666506
300750.SZ,2018-07-25,47.410649161196204,49.536313431280604,43.02907158487027,43.02907158487027,47.81181619256017,-9.18,-10.0033,877537.165512,7731264.049702199,7683330
300750.SZ,2018-07-26,41.94018964259664,43.03428154631655,39.90830467854537,40.74189850995103,43.02907158487027,-4.39,-5.3154,754074.658806,5980460.0266698,7691915
300750.SZ,2018-07-27,40.63769928102532,40.97113681358758,39.42377826404085,39.621756798999684,40.74189850995103,-2.15,-2.7494,437807.155296,3355873.3208028,7708004
300750.SZ,2018-07-30,39.85620506408252,40.29384182557049,39.07471084713973,40.03855371470251,39.621756798999684,0.8,1.0519,346295.192124,2643519.1569066,7722918
300750.SZ,2018-07-31,40.00208398457851,40.0072939460248,36.735438157757635,37.626341565072416,40.03855371470251,-4.63,-6.0247,539894.724558,3946056.5019456,7741724
300750.SZ,2018-08-01,37.51172241325414,38.36094612899864,37.00114619151818,37.20954464936959,37.626341565072416,-0.8,-1.1077,344218.45890599996,2492739.856887,7751756
300750.SZ,2018-08-02,36.6781285818485,38.183807439824946,36.495779931228505,37.80348025424612,37.20954464936959,1.14,1.5962,381068.635626,2743005.3403157997,7763663
300750.SZ,2018-08-03,37.38668333854329,38.10565801813066,35.771595290194846,36.261331666145665,37.80348025424612,-2.96,-4.0794,331842.51319800003,2347563.3775986,7777673
300750.SZ,2018-08-06,35.94873397936855,37.032405960195895,35.219339376888605,36.287381473377096,36.261331666145665,0.05,0.0718,301479.10233,2105562.3315258003,7791935
300750.SZ,2018-08-07,36.71980827341878,38.793372929040316,36.46973012399708,38.44430551213921,36.287381473377096,4.14,5.944,383207.192718,2774564.0498562,7799657
300750.SZ,2018-08-08,38.29321663019694,38.33489632176722,37.048035844534745,37.261644263832444,38.44430551213921,-2.27,-3.0763,283511.061498,2049141.200001,7813757
300750.SZ,2018-08-09,37.199124726477024,39.41856830259456,36.626028967385636,38.584974471188914,37.261644263832444,2.54,3.5515,354606.539616,2619592.1276406,7825415
300750.SZ,2018-08-10,38.345316244659784,38.80900281337917,38.04313848077524,38.78295300614775,38.584974471188914,0.38,0.5131,224068.06884000002,1654700.4423894,7838911
300750.SZ,2018-08-13,38.03271855788267,38.65270396999062,37.527352297593,38.55892466395749,38.78295300614775,-0.43,-0.5776,210165.79705800003,1536978.791985,7856958
300750.SZ,2018-08-14,38.44951547358549,38.49640512660206,37.219964572262164,37.28769407106387,38.55892466395749,-2.44,-3.2969,225253.45189199998,1626779.3643738,7869989
300750.SZ,2018-08-15,36.98030634573304,37.527352297593,35.94873397936855,36.00604355527769,37.28769407106387,-2.46,-3.4372,247923.23577,1737397.1637456,7884628
300750.SZ,2018-08-16,35.42773783474002,36.40721058664165,34.495154735854946,35.943524017922265,36.00604355527769,-0.12,-0.1736,205669.333842,1407608.5620996,7906960
300750.SZ,2018-08-17,36.41763050953423,36.735438157757635,35.47983744920287,35.51109721788058,35.943524017922265,-0.83,-1.2031,157867.521378,1095444.2463426,7915961
300750.SZ,2018-08-20,35.365218297384594,36.00604355527769,34.38574554548296,35.922684172137124,35.51109721788058,0.79,1.159,209654.699226,1419912.9890442,7931327
300750.SZ,2018-08-21,35.93310409502969,36.87610711680733,35.43815775763259,36.24570178180681,35.922684172137124,0.62,0.8992,195948.455766,1362628.567062,7945029
300750.SZ,2018-08-22,35.97999374804626,36.59997916015421,35.01615088048348,35.1516098780869,36.24570178180681,-2.1,-3.0185,172744.406898,1185752.9453322,7960068
300750.SZ,2018-08-23,35.245389184120036,36.287381473377096,34.948421381681776,36.0008335938314,35.1516098780869,1.63,2.4159,234035.052384,1602853.1892408,7971563
300750.SZ,2018-08-24,35.328748567260604,37.094925497551316,35.27143899135147,35.84453475044285,36.0008335938314,-0.3,-0.4342,256449.728808,1788156.715947,7991414
300750.SZ,2018-08-27,35.729915598624565,36.98030634573304,35.370428258830884,36.709388350526204,35.84453475044285,1.66,2.4128,247892.275848,1729340.2327236,8000596
300750.SZ,2018-08-28,36.78753777222048,38.72043346879232,36.6781285818485,38.03792851932896,36.709388350526204,2.55,3.6191,361115.186628,2614282.7946858,8015691
300750.SZ,2018-08-29,37.82432010003126,38.29321663019694,37.41273314577472,38.04313848077524,38.03792851932896,0.01,0.0137,198347.66737799998,1439304.0327287999,8029463
300750.SZ,2018-08-30,38.13170782536209,38.5537147025112,36.27696155048452,36.46452016255079,38.04313848077524,-3.03,-4.1495,262608.641946,1879527.2730822,7741175
300750.SZ,2018-08-31,35.683025945608,36.052933208294256,33.86995936230072,34.1252474731687,36.46452016255079,-4.49,-6.4152,305207.882322,2059356.4540962002,7755622
300750.SZ,2018-09-03,33.76055017192873,33.76055017192873,31.780764822340313,32.95821610920079,34.1252474731687,-2.24,-3.4198,305391.99117,1916775.2953566,7763840
300750.SZ,2018-09-04,32.92695634052308,33.474002292383034,32.69771803688653,33.265603834531625,32.95821610920079,0.59,0.9327,154848.708252,983951.4673674,7778322
300750.SZ,2018-09-05,33.13535479837449,33.33333333333333,31.98395331874544,31.98395331874544,33.265603834531625,-2.46,-3.8528,185976.059514,1160086.0682585998,7794584
300750.SZ,2018-09-06,31.572366364488904,32.64040846097738,31.42648744399291,32.21840158382828,31.98395331874544,0.45,0.733,169945.077162,1050953.9516658,7817602
300750.SZ,2018-09-07,32.55704907783682,33.80222986349901,32.411170157340834,32.989475877878505,32.21840158382828,1.48,2.3933,244696.359684,1560965.217084,7827034
300750.SZ,2018-09-10,33.11451495258935,33.23434406585391,31.780764822340313,31.9631134729603,32.989475877878505,-1.97,-3.1112,125626.6494,775541.5374294,7838366
300750.SZ,2018-09-11,31.989163280191725,32.90611649473794,31.989163280191725,32.5987287694071,31.9631134729603,1.22,1.9886,127243.30243800001,794489.9271666,7852510
300750.SZ,2018-09-12,32.71855788267167,33.99499843701157,32.61956861519224,33.604251328540165,32.5987287694071,1.93,3.0845,232554.235284,1496948.6550732,7868326
300750.SZ,2018-09-13,34.19818693341669,34.43784515994581,33.0259456080025,33.76055017192873,33.604251328540165,0.3,0.4651,189099.978984,1224092.0006322,7883282
300750.SZ,2018-09-14,34.54204438887152,35.94873397936855,34.31280608523497,34.333645931020115,33.76055017192873,1.1,1.6975,303876.106632,2050602.8346174,7895923
300750.SZ,2018-09-17,33.64072105866416,34.114827550276125,33.13014483692821,33.19266437428363,34.333645931020115,-2.19,-3.3232,136880.398704,884163.4659858,7911780
300750.SZ,2018-09-18,32.822757111597376,34.599353964780654,32.817547150151086,34.57330415754923,33.19266437428363,2.65,4.1595,149506.538202,970305.8865444,7919487
300750.SZ,2018-09-19,34.38053558403667,35.719495675732,34.099197665937275,35.07867041783891,34.57330415754923,0.97,1.4617,182392.789236,1223365.8647405999,7931524
300750.SZ,2018-09-20,34.91195165155778,36.41763050953423,34.91195165155778,35.42252787329373,35.07867041783891,0.66,0.9802,195792.562098,1349465.667354,7945685
300750.SZ,2018-09-21,35.755965405855996,36.41763050953423,35.35479837449203,36.04772324684797,35.42252787329373,1.2,1.765,148719.085158,1027670.5739958,7959296
300750.SZ,2018-09-25,35.63613629259144,36.10503282275711,35.27664895279774,35.59966656246743,36.04772324684797,-0.86,-1.243,80695.242054,552688.3489806,7975023
300750.SZ,2018-09-26,35.771595290194846,38.29321663019694,35.771595290194846,37.97540898197353,35.59966656246743,4.56,6.6735,308285.851356,2206965.1817094,7988937
300750.SZ,2018-09-27,37.64197144941127,39.0486610399083,37.355423569865586,37.79827029279983,37.97540898197353,-0.34,-0.4665,262855.438398,1930068.3649338,8002008
300750.SZ,2018-09-28,37.56903198916328,39.1216005001563,37.56903198916328,38.03271855788267,37.79827029279983,0.45,0.6203,228813.555012,1689951.6226320001,8013865
300750.SZ,2018-10-08,37.44920287589871,37.44920287589871,35.32353860581431,35.66218609982286,38.03271855788267,-4.55,-6.2329,251762.40045599997,1756690.9629486,8026293
300750.SZ,2018-10-09,35.901844326351984,36.032093362509116,33.39585287068875,33.81264978639158,35.66218609982286,-3.55,-5.1863,256995.702138,1705288.6996572,8039710
300750.SZ,2018-10-10,34.182557049077836,34.281546316557254,33.13535479837449,33.81264978639158,33.81264978639158,0.0,0.0,137490.710322,890844.6651384,8053345
300750.SZ,2018-10-11,32.23924142961342,33.06762529957278,31.004480566843803,31.494216942794623,33.81264978639158,-4.45,-6.8567,245864.87120999998,1507532.2458672,8066855
300750.SZ,2018-10-12,31.494216942794623,32.90611649473794,31.457747212670625,32.749817651349375,31.494216942794623,2.41,3.9868,165074.44611,1020930.3628902001,8080999
300750.SZ,2018-10-15,35.84453475044285,36.02688340106283,35.365218297384594,36.02688340106283,32.749817651349375,6.29,10.0064,380069.741478,2615859.5184456,8092920
300750.SZ,2018-10-16,36.46973012399708,36.65728873606335,35.39647806606231,35.87058455767427,36.02688340106283,-0.3,-0.4338,200619.469218,1388326.6324662,8109106
300750.SZ,2018-10-17,36.349901010732516,37.397103261435866,36.05814316974054,36.46973012399708,35.87058455767427,1.15,1.6703,273172.17501,1919934.4876404,7809562
300750.SZ,2018-10-18,35.79243513597999,37.199124726477024,34.135667396061265,35.44336771907888,36.46973012399708,-1.97,-2.8143,207504.452988,1423089.1948896002,7830469
300750.SZ,2018-10-19,34.91195165155778,38.68917370011462,34.91195165155778,38.433885589246636,35.44336771907888,5.74,8.4375,271117.399728,1934864.3889078,7839374
300750.SZ,2018-10-22,38.60060435552777,42.25278732937376,38.60060435552777,41.2107950401167,38.433885589246636,5.33,7.2252,347533.512228,2702565.5535395998,7853533
300750.SZ,2018-10-23,40.68979889548817,41.65885172449723,39.64780660623111,40.63769928102532,41.2107950401167,-1.1,-1.3906,244466.818638,1895800.1574162,7869018
300750.SZ,2018-10-24,40.55433989788475,41.40356361362926,39.65822652912369,40.11670313639679,40.63769928102532,-1.0,-1.2821,192761.560782,1502080.721841,7891820
300750.SZ,2018-10-25,39.07471084713973,42.50286547879546,38.819422736271754,42.153798061894335,40.11670313639679,3.91,5.0779,256666.141158,2000337.8695691999,7901917
300750.SZ,2018-10-26,42.03917891007606,42.03917891007606,38.03792851932896,38.86631238928832,42.153798061894335,-6.31,-7.7988,339574.52818799997,2612386.769139,7917661
300750.SZ,2018-10-29,39.04345107846201,39.28310930499114,36.7823278107742,36.865687193914766,38.86631238928832,-3.84,-5.1475,244143.28457400002,1771668.3156228,7932705
300750.SZ,2018-10-30,36.80837761800563,39.25705949775971,36.40721058664165,39.07471084713973,36.865687193914766,4.24,5.9921,247363.711476,1802821.8225486001,7953113
300750.SZ,2018-10-31,39.225799729082006,40.34073147858706,38.65791393143691,38.814212774825464,39.07471084713973,-0.5,-0.6667,187992.773094,1426951.2042744,7961735
300750.SZ,2018-11-01,39.178910076065435,40.02292383036365,38.14212774825466,38.350526206106075,38.814212774825464,-0.89,-1.1946,186641.669046,1408743.3977526,7974794
300750.SZ,2018-11-02,39.668646452016254,40.96592685214129,39.621756798999684,40.88777743044702,38.350526206106075,4.87,6.6159,263070.929436,2033102.3538671997,7989368
300750.SZ,2018-11-05,40.88777743044702,42.971762008961136,40.53350005209961,41.36188392205897,40.88777743044702,0.91,1.1595,250741.145298,2006655.885612,8009503
300750.SZ,2018-11-06,41.1743253099927,42.930082317390855,39.59570699176826,42.497655517349166,41.36188392205897,2.18,2.7459,233511.017796,1831327.9260066,8023984
300750.SZ,2018-11-07,41.78389079920809,42.919662394498275,40.747108471397304,41.17953527143899,42.497655517349166,-2.53,-3.1016,242971.70200800002,1945003.7518464,8033310
300750.SZ,2018-11-08,41.59633218714181,41.877670105241215,40.05939356048765,40.27821194123163,41.17953527143899,-1.73,-2.1888,154413.158004,1209456.627456,8047180
300750.SZ,2018-11-09,40.11670313639679,41.18474523288527,39.939564447223084,40.50745024486819,40.27821194123163,0.44,0.5691,116391.206778,909298.389027,8060280
300750.SZ,2018-11-12,40.11670313639679,43.65947691987079,39.96040429300823,43.3729290403251,40.50745024486819,5.5,7.074,285797.086092,2314401.0957311997,8070832
300750.SZ,2018-11-13,42.72168385953944,42.98739189329999,41.57549234135667,42.52891528602688,43.3729290403251,-1.62,-1.9459,274224.812358,2223463.9160832,8080843
300750.SZ,2018-11-14,41.89329998958007,43.242680004167966,41.54944253412525,42.200687714910906,42.52891528602688,-0.63,-0.7718,207116.98371,1677194.8833192,8093714
300750.SZ,2018-11-15,41.89329998958007,42.82588308846515,41.627591955819526,42.38303636553089,42.200687714910906,0.35,0.4321,145430.193258,1179585.7653384001,8105060
300750.SZ,2018-11-16,42.55496509325831,42.59664478482859,40.96071689069501,41.73700114619152,42.38303636553089,-1.24,-1.5243,188281.777152,1506789.5167626,8114816
300750.SZ,2018-11-19,41.46608315098468,42.4507658643326,41.158695425653846,41.34104407627383,41.73700114619152,-0.76,-0.9487,139329.26519399998,1111991.4302112001,8125986
300750.SZ,2018-11-20,41.007606543711574,41.262894654579554,40.40846097738876,40.517870167760755,41.34104407627383,-1.58,-1.9912,148217.910624,1159253.8912751998,8138776
300750.SZ,2018-11-21,40.37720120871106,41.54944253412525,39.85620506408252,40.97634677503387,40.517870167760755,0.88,1.1315,140400.827826,1101722.845587,8150730
300750.SZ,2018-11-22,40.74189850995103,41.3879337292904,40.429300823173904,40.59080962800875,40.97634677503387,-0.74,-0.9409,78153.514992,611417.3728236,8165310
300750.SZ,2018-11-23,40.59080962800875,40.6116494737939,38.50161508804835,38.543294779618634,40.59080962800875,-3.93,-5.0443,199689.462336,1501589.6395122,7965973
300750.SZ,2018-11-26,38.44951547358549,39.012191309784306,37.92851932895696,38.87673231218089,38.543294779618634,0.64,0.8651,146066.589522,1076925.4183254,7975410
300750.SZ,2018-11-27,38.907992080858605,40.03855371470251,38.42867562780035,39.387308533916844,38.87673231218089,0.98,1.3133,152656.254408,1150525.3794678,7988034
300750.SZ,2018-11-28,39.46545795561113,41.40877357507554,39.20495988329686,40.991976659372725,39.387308533916844,3.08,4.0741,190382.21495999998,1483465.9276626,8004041
300750.SZ,2018-11-29,41.419193497968116,42.46118578722517,40.65332916536418,40.65332916536418,40.991976659372725,-0.65,-0.8261,186877.60169399998,1493681.2950024,8014401
300750.SZ,2018-11-30,40.6429092424716,42.19547775346462,40.6429092424716,41.69532145462124,40.65332916536418,2.0,2.5631,174043.072938,1390142.0029056,8031110
300750.SZ,2018-12-03,42.99260185474627,43.497968115035945,41.97144941127436,42.12253829321663,41.69532145462124,0.82,1.0246,242712.467844,1984801.290108,8047231
300750.SZ,2018-12-04,41.78389079920809,43.284359695738246,41.70053141606752,42.877982702927994,42.12253829321663,1.45,1.7934,183872.09000999999,1508058.9465018,8058270
300750.SZ,2018-12-05,42.200687714910906,43.03428154631655,41.99228925705949,42.393456288423465,42.877982702927994,-0.93,-1.13,141873.48747599998,1155996.9017226,8083141
300750.SZ,2018-12-06,42.0964884859852,42.86756278003543,41.158695425653846,41.16390538710014,42.393456288423465,-2.36,-2.9003,218531.348406,1761307.8051744,8094455
300750.SZ,2018-12-07,41.25247473168699,41.919349796811495,41.25247473168699,41.52339272689382,41.16390538710014,0.69,0.8733,108295.100802,865531.8405887999,8111477
300750.SZ,2018-12-10,41.393143690736686,41.87246014379494,40.01250390747108,40.7887881629676,41.52339272689382,-1.41,-1.7691,146005.514214,1139828.098773,8119387
300750.SZ,2018-12-11,40.89819735333958,41.25247473168699,40.54391997499218,40.9294571220173,40.7887881629676,0.27,0.3449,66220.490028,519930.18718620006,8136823
300750.SZ,2018-12-12,41.33583411482755,42.711263936646866,41.158695425653846,42.46118578722517,40.9294571220173,2.94,3.7424,181814.838702,1472810.0964108,8152041
300750.SZ,2018-12-13,42.68000416796916,42.86235281858914,41.98186933416692,42.77899343544858,42.46118578722517,0.61,0.7485,139049.551032,1134849.5436978,8160852
300750.SZ,2018-12-14,42.68521412941544,42.971762008961136,41.32020423048869,41.33583411482755,42.77899343544858,-2.77,-3.3735,136095.306522,1100248.7099184,8182290
300750.SZ,2018-12-17,41.05449619672814,41.93497968115035,40.11670313639679,41.76305095342294,41.33583411482755,0.82,1.0335,131756.848314,1037971.6271904,8202401
300750.SZ,2018-12-18,41.158695425653846,41.98707929561321,40.991976659372725,41.44524330519954,41.76305095342294,-0.61,-0.761,93773.995266,746321.3423148,8210672
300750.SZ,2018-12-19,41.242054808794414,42.56538501615088,40.81483797019902,41.419193497968116,41.44524330519954,-0.05,-0.0629,136136.381682,1089763.419276,8223616
300750.SZ,2018-12-20,41.35667396061269,41.36188392205897,39.715536105032825,40.29384182557049,41.419193497968116,-2.16,-2.717,187597.127172,1453592.982996,8237805
300750.SZ,2018-12-21,40.3980410544962,40.89819735333958,39.387308533916844,40.89819735333958,40.29384182557049,1.16,1.4999,170322.623142,1308805.5814428001,8250665
300750.SZ,2018-12-24,40.47098051474419,41.283734500364694,40.12191309784308,40.65332916536418,40.89819735333958,-0.47,-0.5987,113989.384782,890439.2590673999,8262359
300750.SZ,2018-12-25,40.137542982181934,40.5022402834219,39.413358341148275,40.220902365322495,40.65332916536418,-0.83,-1.0637,126455.945364,969241.2625434,8279818
300750.SZ,2018-12-26,40.220902365322495,40.585599666562466,39.350838803792854,39.543607377305406,40.220902365322495,-1.3,-1.6839,94535.862708,723068.556042,8287289
300750.SZ,2018-12-27,40.220902365322495,40.36678128581848,39.481087839949986,39.481087839949986,39.543607377305406,-0.12,-0.1581,93694.954374,716440.3284906,8306095
300750.SZ,2018-12-28,39.434198186933415,39.91872460143795,38.44951547358549,38.44951547358549,39.481087839949986,-1.98,-2.6128,108047.613366,814002.4919039999,8307821
300750.SZ,2019-01-02,38.68396373866833,39.05908096280087,38.308846514535794,38.3765760133375,38.44951547358549,-0.14,-0.1897,84340.278624,626222.2501332001,8323561
300750.SZ,2019-01-03,37.777430447014694,38.83505262061061,37.777430447014694,38.46514535792435,38.3765760133375,0.17,0.2308,86275.168182,637699.0317978001,8055390
300750.SZ,2019-01-04,38.204647285610086,40.241742211107635,38.15254767114723,40.095863290611646,38.46514535792435,3.13,4.2395,151734.923214,1155670.7611134,8076443
300750.SZ,2019-01-07,40.08544336771907,40.455350630405334,39.752005835156815,40.33552151714077,40.095863290611646,0.46,0.5977,114579.71544599999,884032.1041692,8088957
300750.SZ,2019-01-08,40.23132228821506,41.393143690736686,40.220902365322495,41.330624153381265,40.33552151714077,1.91,2.4671,164588.35806,1293882.0871326001,8104818
300750.SZ,2019-01-09,40.11670313639679,40.747108471397304,39.16849015317287,40.62727935813275,41.330624153381265,-1.35,-1.7018,237619.397526,1828466.6764266,8119990
300750.SZ,2019-01-10,40.45014066895905,40.559549859331035,39.60612691466083,39.74158591226425,40.62727935813275,-1.7,-2.18,161119.67596199998,1237741.1515392,8140849
300750.SZ,2019-01-11,39.90830467854537,39.986454100239655,38.97051161821402,39.225799729082006,39.74158591226425,-0.99,-1.2979,117787.87738199999,890028.17925,8148447
300750.SZ,2019-01-14,39.23100969052829,39.76763571949567,38.710013545899756,39.63738668333854,39.225799729082006,0.79,1.0493,93067.77123,703471.5568986,8165506
300750.SZ,2019-01-15,39.59570699176826,40.36678128581848,38.99656142544545,40.309471709909346,39.63738668333854,1.29,1.6956,112738.55019,860500.0970202,8183606
300750.SZ,2019-01-16,40.06460352193394,40.220902365322495,39.80931541106595,39.944774408669375,40.309471709909346,-0.7,-0.9047,49402.707228,379561.0486542,8198749
300750.SZ,2019-01-17,40.09065332916536,40.476190476190474,39.80931541106595,39.939564447223084,39.944774408669375,-0.01,-0.013,71378.81994599999,550333.4121684,8210891
300750.SZ,2019-01-18,40.200062519537354,40.200062519537354,38.5537147025112,39.28310930499114,39.939564447223084,-1.26,-1.6436,124836.37483799999,938197.5030708,8219066
300750.SZ,2019-01-21,39.090340731478584,39.4029384182557,38.68917370011462,39.199749921850575,39.28310930499114,-0.16,-0.2122,100598.80584599999,752729.0903076001,8237294
300750.SZ,2019-01-22,39.07471084713973,39.42377826404085,38.56934458685006,38.6943836615609,39.199749921850575,-0.97,-1.2892,81744.520452,611213.7897432,8248198
300750.SZ,2019-01-23,38.68917370011462,39.41856830259456,38.55892466395749,39.30394915077628,38.6943836615609,1.17,1.5753,93758.812812,704590.7532804,8268451
300750.SZ,2019-01-24,39.07471084713973,39.522767531520266,38.91841200375117,39.16328019172658,39.30394915077628,-0.27,-0.3579,72906.835092,549533.8688238,8286206
300750.SZ,2019-01-25,39.40814837970199,41.04928623528186,39.16328019172658,40.34594144003334,39.16328019172658,2.27,3.0198,175029.241464,1357844.9481702,8298911
300750.SZ,2019-01-28,40.68979889548817,40.77315827862874,39.60612691466083,39.63217672189225,40.34594144003334,-1.37,-1.7691,88846.972242,683075.2313028,8324592
300750.SZ,2019-01-29,39.73116598937168,40.31989163280191,38.60581431697405,39.949984370115665,39.63217672189225,0.61,0.8019,100505.791722,758881.2740292,8329495
300750.SZ,2019-01-30,38.72564343023861,40.30426174846306,38.350526206106075,39.69990622069397,39.949984370115665,-0.48,-0.626,147943.16770800002,1119835.8778950002,8355758
300750.SZ,2019-01-31,39.73637595081796,40.517870167760755,39.621756798999684,39.65822652912369,39.69990622069397,-0.08,-0.105,84698.41947000001,651855.1250357999,8362899
300750.SZ,2019-02-01,39.944774408669375,41.2472647702407,39.69990622069397,40.846097738876736,39.65822652912369,2.28,2.9953,119279.404734,927991.6214058,8376974
300750.SZ,2019-02-11,41.15348546420756,42.39866624986975,41.14827550276128,42.200687714910906,40.846097738876736,2.6,3.3163,160141.81843800002,1287360.3958782,8389409
300750.SZ,2019-02-12,41.94018964259664,42.51328540168802,41.69532145462124,42.200687714910906,42.200687714910906,0.0,0.0,95761.188474,772842.2295468,8402313
300750.SZ,2019-02-13,42.0964884859852,43.539647806606226,41.87246014379494,42.56538501615088,42.200687714910906,0.7,0.8642,151194.53533800002,1243040.4383544,8411611
300750.SZ,2019-02-14,42.46118578722517,46.30613733458372,42.38303636553089,44.13879337292904,42.56538501615088,3.02,3.6965,244211.288916,2082305.5509816003,8426488
300750.SZ,2019-02-15,43.97207460664791,44.80566843805356,42.930082317390855,42.94050224028342,44.13879337292904,-2.3,-2.7148,201830.917722,1690606.4432166,8445126
300750.SZ,2019-02-18,43.32082942586225,44.2221527560696,43.013441700531416,44.003334375325615,42.94050224028342,2.04,2.4751,168498.75168,1411369.925826,8125782
300750.SZ,2019-02-19,44.10753360425132,44.17005314160675,42.61748463061373,42.87277274148171,44.003334375325615,-2.17,-2.5693,180918.536484,1501135.9912416001,8143521
300750.SZ,2019-02-20,43.13848077524226,44.02417422111076,42.773783474002286,43.33124934875482,42.87277274148171,0.88,1.0694,116458.48174799999,972657.5872482,8159838
300750.SZ,2019-02-21,43.08638116077941,44.21694279462332,42.877982702927994,43.41460873189538,43.33124934875482,0.16,0.1924,157943.049768,1326056.9432670001,8185777
300750.SZ,2019-02-22,43.242680004167966,44.44097113681359,42.77899343544858,43.95644472230906,43.41460873189538,1.04,1.248,171978.930984,1443741.0099,8192860
300750.SZ,2019-02-25,44.685839324788994,47.754506616651035,44.685839324788994,47.57736792747733,43.95644472230906,6.95,8.2375,295804.53058799997,2649438.050994,8208000
300750.SZ,2019-02-26,46.88965301656768,47.306449932270496,45.68094196102949,46.10815879962488,47.57736792747733,-2.82,-3.088,217356.905934,1937079.1980036,8221074
300750.SZ,2019-02-27,45.691361883922056,46.57184536834427,44.44097113681359,44.83171824528498,46.10815879962488,-2.45,-2.7684,174738.14526,1526404.9402266,8240718
300750.SZ,2019-02-28,44.81087839949984,46.462436177972286,44.81087839949984,45.691361883922056,44.83171824528498,1.65,1.9175,138962.98609199998,1224378.3539988,8256328
300750.SZ,2019-03-01,47.46274877565906,48.390121913097836,46.57705532979056,46.905282900906535,45.691361883922056,2.33,2.6568,184632.537096,1677485.561094,8267927
300750.SZ,2019-03-04,47.67114723351047,49.577993122850884,47.269980202146506,48.13483380222986,46.905282900906535,2.36,2.6213,269425.160718,2506932.46671,8287393
300750.SZ,2019-03-05,48.12962384078357,48.4422215275607,47.51484839012191,48.24424299260185,48.13483380222986,0.21,0.2273,165369.592248,1522107.5360652,8304818
300750.SZ,2019-03-06,48.51516098780869,48.86943836615609,46.56663540689799,47.51484839012191,48.24424299260185,-1.4,-1.5119,200249.504868,1822472.7337992,8323467
300750.SZ,2019-03-07,47.33249973950192,47.33249973950192,45.15994581640096,45.79035115140148,47.51484839012191,-3.31,-3.6294,263094.99871200003,2324019.3876354,8341062
300750.SZ,2019-03-08,44.80566843805356,46.00395957069917,44.13879337292904,44.26904240908617,45.79035115140148,-2.92,-3.3223,212471.111622,1827162.8836692,8349328
300750.SZ,2019-03-11,44.14400333437533,45.94144003334375,44.050224028342186,45.80598103574033,44.26904240908617,2.95,3.4718,179553.305652,1560657.4931178,8368439
300750.SZ,2019-03-12,47.72324684797332,48.89548817338751,46.478066062311136,47.4471188913202,45.80598103574033,3.15,3.5828,283369.37139,2595103.2170574,8384598
300750.SZ,2019-03-13,47.405439199749914,47.405439199749914,45.69657184536834,45.8893404188809,47.4471188913202,-2.99,-3.2832,145446.776874,1294400.682141,8392295
300750.SZ,2019-03-14,45.837240804418045,47.139731165989375,45.493383348963214,46.34260706470772,45.8893404188809,0.87,0.9877,153217.54455,1364527.7980068,8402418
300750.SZ,2019-03-15,46.89486297801396,47.61904761904762,46.35302698760029,46.80108367198083,46.34260706470772,0.88,0.9893,150126.69634199998,1357120.5301416,8416452
300750.SZ,2019-03-18,46.83234344065854,46.88965301656768,45.795561112847764,46.51453579243513,46.80108367198083,-0.55,-0.6123,139650.975828,1240063.1610444002,8431637
300750.SZ,2019-03-19,46.44680629363343,47.86912576846931,45.84766072731062,46.16025841408773,46.51453579243513,-0.68,-0.7616,130846.035432,1172901.3799818,8449234
300750.SZ,2019-03-20,46.10815879962488,46.10815879962488,44.71188913202042,45.415233927268936,46.16025841408773,-1.43,-1.614,169178.18089199997,1467859.9043094001,8456248
300750.SZ,2019-03-21,45.326664582682085,46.05605918516203,44.77961863082213,45.38918412003751,45.415233927268936,-0.05,-0.0574,156161.61624,1357675.123497,8467845
300750.SZ,2019-03-22,45.38918412003751,45.38918412003751,44.39408148379702,45.1078462019381,45.38918412003751,-0.54,-0.6198,115528.532448,994940.3030028,8491098
300750.SZ,2019-03-25,45.83203084297176,47.19183078045222,45.33708450557465,46.368656871939145,45.1078462019381,2.42,2.7951,249342.45932400002,2223335.233749,8503095
300750.SZ,2019-03-26,45.858080650203185,46.10294883817859,44.23257267896218,44.44097113681359,46.368656871939145,-3.7,-4.1573,186561.514902,1605313.1210718001,8179398
300750.SZ,2019-03-27,44.54517036573929,45.08700635615296,42.877982702927994,43.456288423465665,44.44097113681359,-1.89,-2.2157,182191.789668,1527057.2156868,8194552
300750.SZ,2019-03-28,43.41981869334167,43.95123476086277,42.773783474002286,43.346879233093674,43.456288423465665,-0.21,-0.2518,112422.962442,936470.7839592,8206212
300750.SZ,2019-03-29,43.46149838491195,44.284672293425025,43.06033135354799,44.284672293425025,43.346879233093674,1.8,2.1635,136740.474444,1149442.8205932002,8231418
300750.SZ,2019-04-01,44.368031676565586,45.305824736896945,44.284672293425025,44.98801708867354,44.284672293425025,1.35,1.5882,177335.09345999997,1524305.9554044,8237706
300750.SZ,2019-04-02,44.98801708867354,45.029696780243825,43.93560487652391,44.27425237053246,44.98801708867354,-1.37,-1.5866,196572.03043800002,1669803.7345752,8254651
300750.SZ,2019-04-03,44.18047306449932,44.38887152235073,43.70115661144107,44.013754298218196,44.27425237053246,-0.5,-0.5884,137890.425372,1162809.3302532,8272225
300750.SZ,2019-04-04,44.091903719912466,44.368031676565586,43.7636761487965,43.85224549338335,44.013754298218196,-0.31,-0.367,128208.415146,1083535.6054362,8280884
300750.SZ,2019-04-08,44.133583411482746,44.23257267896218,42.25278732937376,42.87277274148171,43.85224549338335,-1.88,-2.2336,218369.73492599998,1806271.9325322,8288438
300750.SZ,2019-04-09,44.159633218714184,44.41492132958216,43.19058038970512,43.71678649577993,42.87277274148171,1.62,1.9686,229219.853604,1926309.6864480001,8298247
300750.SZ,2019-04-10,43.664686881317074,43.664686881317074,42.56538501615088,42.84672293425028,43.71678649577993,-1.67,-1.9902,208079.025378,1708799.1766902,8312147
300750.SZ,2019-04-11,42.85193289569657,43.03428154631655,41.98186933416692,42.05480879441492,42.84672293425028,-1.52,-1.8482,171858.56540999998,1398224.0588736,8335085
300750.SZ,2019-04-12,42.159008023340625,43.03949150776284,42.153798061894335,42.711263936646866,42.05480879441492,1.26,1.561,113929.307562,932883.1624014,8344595
300750.SZ,2019-04-15,43.13848077524226,43.247889965614256,42.17463790767948,42.18505783057205,42.711263936646866,-1.01,-1.232,115069.18164,942527.3815608,8365051
300750.SZ,2019-04-16,41.94018964259664,42.86235281858914,41.87246014379494,42.86235281858914,42.18505783057205,1.3,1.6055,109765.150068,892236.9940595999,8377844
300750.SZ,2019-04-17,43.50317807648223,44.95154735854955,43.50317807648223,44.862978013962696,42.86235281858914,3.84,4.6676,393486.174732,3363777.2199822,8386971
300750.SZ,2019-04-18,44.86818797540898,44.961967281442114,43.98249452954048,44.10232364280505,44.862978013962696,-1.46,-1.6955,135543.824514,1154495.3128757998,8400266
300750.SZ,2019-04-19,44.03459414400333,44.27946233197874,43.19058038970512,43.346879233093674,44.10232364280505,-1.45,-1.7129,120860.29935,1007443.9771031999,8421015
300750.SZ,2019-04-22,43.35208919453996,43.55527769094508,42.21631759924976,42.32051682817547,43.346879233093674,-1.97,-2.3678,127625.30142599999,1043006.365023,8436215
300750.SZ,2019-04-23,41.94018964259664,42.01833906429093,39.07992080858602,40.72626862561217,42.32051682817547,-3.06,-3.7671,221228.815584,1725352.3126182002,8448965
300750.SZ,2019-04-24,40.731478587058454,41.606752110034385,40.3251015942482,41.565072418464105,40.72626862561217,1.61,2.0596,98549.174556,776167.9182642,8452595
300750.SZ,2019-04-25,40.945087006356154,42.12774825466291,40.68979889548817,41.2107950401167,41.565072418464105,-0.68,-0.8523,101676.644916,810941.2945872,8460391
300750.SZ,2019-04-26,41.158695425653846,41.86204022090236,41.14827550276128,41.34104407627383,41.2107950401167,0.25,0.3161,67021.628394,534095.5530456,8484380
300750.SZ,2019-04-29,42.19547775346462,42.393456288423465,41.23684484734813,41.565072418464105,41.34104407627383,0.43,0.5419,91906.188738,736568.3258051999,8501261
300750.SZ,2019-04-30,41.57549234135667,41.98186933416692,41.23684484734813,41.55465249557153,41.565072418464105,-0.02,-0.0251,59675.623938000004,476549.47269719996,8528083
300750.SZ,2019-05-06,40.04897363759508,40.46056059185162,39.10597061581744,39.4394081483797,41.55465249557153,-4.06,-5.0903,125588.37656399999,958460.2576205999,8531365
300750.SZ,2019-05-07,39.59570699176826,40.33552151714077,39.39772845680942,39.517557570073976,39.4394081483797,0.15,0.1982,71246.97636,544251.4439376,8332716
300750.SZ,2019-05-08,39.02261123267688,39.68427633635511,38.397415859122646,38.8715223507346,39.517557570073976,-1.24,-1.6348,67170.95771399999,502141.8847284,8337006
300750.SZ,2019-05-09,38.5537147025112,39.1216005001563,37.83994998437011,37.87641971449411,38.8715223507346,-1.91,-2.56,92388.841062,678517.3856747999,8366781
300750.SZ,2019-05-10,38.282796707304364,38.80900281337917,36.84484734812962,38.60581431697405,37.87641971449411,1.4,1.9257,103790.09625599999,761993.2893804,8375656
300750.SZ,2019-05-13,38.0587683651141,38.16817755548609,37.12618526622903,37.29811399395644,38.60581431697405,-2.51,-3.3873,88920.446874,641259.9890508,8394725
300750.SZ,2019-05-14,37.47004272168386,38.136917786808375,37.46483276023757,37.5950817963947,37.29811399395644,0.57,0.7962,83167.467642,602337.4246344,8407289
300750.SZ,2019-05-15,37.772220485568404,39.15286026883401,37.772220485568404,39.06429092424716,37.5950817963947,2.82,3.908,127055.33559599999,943534.9322028,8422330
300750.SZ,2019-05-16,38.97051161821402,38.991351463999166,38.50161508804835,38.72564343023861,39.06429092424716,-0.65,-0.8669,71730.972264,532868.4076884,8432409
300750.SZ,2019-05-17,38.923621965197455,38.923621965197455,37.47004272168386,37.64197144941127,38.72564343023861,-2.08,-2.7983,69104.292558,505857.07728779997,8452802
300750.SZ,2019-05-20,37.18349484213817,37.55340210482442,35.370428258830884,36.308221319162236,37.64197144941127,-2.56,-3.5433,86828.799918,605046.5847972,8474442
300750.SZ,2019-05-21,36.584349275815356,37.08450557465875,36.40721058664165,36.547879545691366,36.308221319162236,0.46,0.6601,61323.639972000004,432060.7135404,8491792
300750.SZ,2019-05-22,36.84484734812962,36.94904657705533,36.07898301552569,36.14150255288111,36.547879545691366,-0.78,-1.1119,53405.136077999996,373840.34989139996,8505614
300750.SZ,2019-05-23,35.84453475044285,36.07898301552569,35.06304053350005,35.156819839533185,36.14150255288111,-1.89,-2.7245,84485.961084,572647.941978,8523782
300750.SZ,2019-05-24,35.33395852870688,35.53193706366573,34.901531728665205,35.34958841304574,35.156819839533185,0.37,0.5483,56259.763728,381241.7693448,8535657
300750.SZ,2019-05-27,35.42252787329373,36.28217151193081,35.26101906845889,36.052933208294256,35.34958841304574,1.35,1.9897,83858.989074,576649.5205338,8544596
300750.SZ,2019-05-28,36.052933208294256,37.44920287589871,35.84453475044285,37.44920287589871,36.052933208294256,2.68,3.8728,102076.168026,715084.072773,8557234
300750.SZ,2019-05-29,36.579139314369066,37.141815150567886,36.495779931228505,36.76669792643534,37.44920287589871,-1.31,-1.8225,63246.39892199999,446753.987337,8572016
300750.SZ,2019-05-30,36.725018234865054,36.725018234865054,35.8966343649057,36.37074085651766,36.76669792643534,-0.76,-1.0769,55137.528935999995,383868.5104716,8591746
300750.SZ,2019-05-31,36.626028967385636,36.71459831197249,36.136292591434824,36.177972283005104,36.37074085651766,-0.37,-0.53,48305.136726000004,337210.4012886,8606414
300750.SZ,2019-06-03,35.74033552151714,36.29780139626967,35.42773783474002,35.51109721788058,36.177972283005104,-1.28,-1.8433,62434.953378,428991.7887192,8620994
300750.SZ,2019-06-04,35.63613629259144,35.63613629259144,34.80254246118579,34.839012191309784,35.51109721788058,-1.29,-1.8926,60781.217531999995,409084.74889379996,8636760
300750.SZ,2019-06-05,35.09951026362405,36.13108262998853,35.094300302177764,35.985203709492545,34.839012191309784,2.2,3.29,96148.772916,659320.0113696,8644180
300750.SZ,2019-06-06,35.84974471188913,35.89142440345941,34.72960300093779,34.87548192143378,35.985203709492545,-2.13,-3.0838,71948.440284,485299.3742982,8665606
300750.SZ,2019-06-10,35.34958841304574,36.61039908304678,34.859852037094925,35.219339376888605,34.87548192143378,0.66,0.986,169775.613336,1167246.0060786,8670666
300750.SZ,2019-06-11,33.35417317911847,35.91747421069084,33.3437532562259,35.52672710221944,35.219339376888605,0.59,0.8728,462711.88853399997,3067419.5586216,8676912
300750.SZ,2019-06-12,35.04741064916119,36.20923205168282,35.04741064916119,35.76638532874857,35.52672710221944,0.46,0.6746,294643.370364,2018439.4123488,8699635
300750.SZ,2019-06-13,35.74033552151714,37.64718141085756,35.375638220277175,36.9959362300719,35.76638532874857,2.36,3.4377,413606.745888,2913336.1151496,8708205
300750.SZ,2019-06-14,37.027195998749605,38.647494008544335,36.8865270396999,37.60550171928728,36.9959362300719,1.17,1.6477,392196.702618,2851208.8358334,8466509
300750.SZ,2019-06-17,37.64197144941127,38.46514535792435,37.04282588308846,37.490882567468994,37.60550171928728,-0.22,-0.3048,231680.96586599998,1681739.354568,8471283
300750.SZ,2019-06-18,37.45962279879129,37.709700948212976,36.6781285818485,37.01677607585704,37.490882567468994,-0.91,-1.2646,157008.992952,1118808.7455342,8491232
300750.SZ,2019-06-19,38.0222986349901,38.157757632593515,36.011253516723976,36.30301135771595,37.01677607585704,-1.37,-1.9282,274119.053418,1930047.5125722,8496115
300750.SZ,2019-06-20,36.30301135771595,36.59476919870792,35.55798687089715,35.97999374804626,36.30301135771595,-0.62,-0.8898,245992.41534,1705174.5356646,8514507
300750.SZ,2019-06-21,36.99072626862561,36.99072626862561,35.87058455767427,35.99562363238512,35.97999374804626,0.03,0.0434,226845.939684,1577721.9898356001,8524967
300750.SZ,2019-06-24,35.99562363238512,36.01646347817026,35.38084818172345,35.875794519120554,35.99562363238512,-0.23,-0.3329,126792.6849,868770.5593728,8549403
300750.SZ,2019-06-25,35.86537459622799,36.052933208294256,35.328748567260604,35.8601646347817,35.875794519120554,-0.03,-0.0436,146618.93526,1007159.7369959999,8560438
300750.SZ,2019-06-26,35.65697613837657,36.76148796498906,35.5788267166823,36.459310201104515,35.8601646347817,1.15,1.6708,181351.91780999998,1265415.3601656,8571064
300750.SZ,2019-06-27,36.37595081796394,36.839637386683336,36.18318224445139,36.433260393873084,36.459310201104515,-0.05,-0.0714,210153.224988,1472077.1735208,8592241
300750.SZ,2019-06-28,35.8966343649057,36.17276232155882,35.42773783474002,35.88621444201313,36.433260393873084,-1.05,-1.5015,109813.00071000001,754826.6739678,8597302
300750.SZ,2019-07-01,36.46973012399708,36.99072626862561,36.11024278420339,36.63644889027821,35.88621444201313,1.44,2.0906,251004.35262,1763622.2791152,8608149
300750.SZ,2019-07-02,36.61560904449307,37.709700948212976,36.448890278211934,37.011566114410755,36.63644889027821,0.72,1.0239,311940.811224,2224895.302875,8623068
300750.SZ,2019-07-03,36.735438157757635,38.03792851932896,36.61560904449307,37.40752318432843,37.011566114410755,0.76,1.0698,424190.624592,3053038.4541216,8642809
300750.SZ,2019-07-04,37.50651245180785,37.65760133375013,36.75627800354277,37.01677607585704,37.40752318432843,-0.75,-1.0446,155172.242316,1104411.867405,8648078
300750.SZ,2019-07-05,37.04282588308846,37.25122434093988,36.48015004688965,37.032405960195895,37.01677607585704,0.03,0.0422,170706.61830600002,1211539.1706978,8673567
300750.SZ,2019-07-08,36.7458580806502,36.7458580806502,35.370428258830884,35.875794519120554,37.032405960195895,-2.22,-3.1232,159393.31002,1099731.9594534,8680451
300750.SZ,2019-07-09,35.88621444201313,36.93341669271647,35.688235907054285,36.91778680837761,35.875794519120554,2.0,2.9044,184314.78042599998,1289106.5143656,8697690
300750.SZ,2019-07-10,37.04282588308846,38.27758674585808,36.99072626862561,37.64197144941127,36.91778680837761,1.39,1.9616,305789.441328,2213009.9500488,8717591
300750.SZ,2019-07-11,38.29321663019694,38.303636553089504,37.45962279879129,37.730540793998124,37.64197144941127,0.17,0.2353,135649.353126,985994.7607985999,8727148
300750.SZ,2019-07-12,37.92330936751068,38.673543815775766,37.777430447014694,38.49119516515577,37.730540793998124,1.46,2.016,180753.83277,1332303.2351706,8744697
300750.SZ,2019-07-15,38.819422736271754,38.855892466395744,38.03271855788267,38.3765760133375,38.49119516515577,-0.22,-0.2978,216345.017448,1595199.8216658002,8751762
300750.SZ,2019-07-16,38.24632697718037,38.3765760133375,37.15223507346045,37.93893925184953,38.3765760133375,-0.84,-1.1404,184397.544954,1336395.0696726,8766824
300750.SZ,2019-07-17,37.74617067833698,38.47035531937064,37.65760133375013,38.027508596436384,37.93893925184953,0.17,0.2335,82865.046978,605667.121059,8784615
300750.SZ,2019-07-18,37.751380639783264,37.92851932895696,37.16265499635303,37.25122434093988,38.027508596436384,-1.49,-2.0414,86700.142536,622903.8474582001,8801950
300750.SZ,2019-07-19,37.36063353131186,38.006668750651244,37.28769407106387,37.772220485568404,37.25122434093988,1.0,1.3986,110093.981676,797495.4273342,8813981
300750.SZ,2019-07-22,37.84776492653954,38.4220068771491,37.33094717099093,38.15054704595185,37.774679587371054,0.72,0.995,167913.0580718563,1222052.4917329343,8508601
300750.SZ,2019-07-23,38.31759924976555,40.170834635823695,37.91040950296968,39.60703344795248,38.15054704595185,2.79,3.8177,315507.6963772455,2382329.818550898,8521594
300750.SZ,2019-07-24,39.779306033135356,40.16039387308534,39.36167552360113,39.50784620193811,39.60703344795248,-0.19,-0.2504,229265.778754491,1746197.99117006,8536499
300750.SZ,2019-07-25,39.51828696467646,40.06642700844014,39.309471709909346,39.575711159737416,39.50784620193811,0.13,0.1718,226805.40295209584,1724519.661179042,8559177
300750.SZ,2019-07-26,39.34079399812441,40.59890590809628,39.34079399812441,40.01944357611753,39.575711159737416,0.85,1.1212,220795.19071257484,1700281.4185964072,8570170
300750.SZ,2019-07-29,39.946358236949045,40.4057517974367,39.680118787120975,40.029884338855894,40.01944357611753,0.02,0.0261,134809.99762874254,1032935.0862826349,8587092
300750.SZ,2019-07-30,40.14473272897781,40.974773366677084,39.74798374492028,40.5936855267271,40.029884338855894,1.08,1.4085,184773.58870658683,1433702.4827706588,8599714
300750.SZ,2019-07-31,40.51015942482025,40.51015942482025,39.6748984057518,39.6748984057518,40.5936855267271,-1.76,-2.2634,126851.34536526947,971882.9451724552,8622049
300750.SZ,2019-08-01,39.62269459206002,40.16039387308534,39.29903094717099,39.57049077836824,39.6748984057518,-0.2,-0.2632,129307.14295808383,982374.1384640719,8626262
300750.SZ,2019-08-02,38.62560175054704,39.46608315098468,38.50031259768677,39.29903094717099,39.57049077836824,-0.52,-0.686,137269.85622754492,1028684.5749826349,8646126
300750.SZ,2019-08-05,38.99624882775868,39.25726789621757,38.046139418568295,38.10878399499843,39.29903094717099,-2.28,-3.0287,172241.573251497,1272512.9737113775,8664702
300750.SZ,2019-08-06,36.9603000937793,37.94695217255392,36.808909034073146,37.66505157861832,38.10878399499843,-0.85,-1.1644,162705.06691616768,1162375.679261078,8676063
300750.SZ,2019-08-07,37.84776492653954,38.917943107221,37.816442638324475,38.28105658018131,37.66505157861832,1.18,1.6355,164832.76587425152,1215633.8361538923,8692876
300750.SZ,2019-08-08,38.63082213191622,38.72478899656143,38.004376367614874,38.15054704595185,38.28105658018131,-0.25,-0.3409,74216.72337724551,543823.6671293414,8697987
300750.SZ,2019-08-09,38.615160987808686,38.615160987808686,37.33094717099093,37.550203188496404,38.15054704595185,-1.15,-1.5736,90657.91683233534,656574.7418832335,8709324
300750.SZ,2019-08-12,37.48755861206627,38.31759924976555,37.34138793372929,38.30193810565802,37.550203188496404,1.44,2.0019,81480.82868263473,592001.8081910181,8728932
300750.SZ,2019-08-13,38.01481713035323,38.78221319162238,37.88952797749296,38.35414191934979,38.30193810565802,0.1,0.1363,101706.93718562875,747863.917194012,8744692
300750.SZ,2019-08-14,38.63082213191622,39.19984370115661,38.369803063457326,38.369803063457326,38.35414191934979,0.03,0.0408,121157.12536526947,899669.9853634731,8767581
300750.SZ,2019-08-15,37.56064395123476,38.73522975929978,37.43535479837448,38.719568615192244,38.369803063457326,0.67,0.9116,88542.07524550898,648754.907064072,8781338
300750.SZ,2019-08-16,38.63082213191622,38.73522975929978,38.124445139105966,38.22363238512035,38.719568615192244,-0.95,-1.2808,133209.13757485032,977618.5069796407,8796179
300750.SZ,2019-08-19,38.474210690840884,39.779306033135356,38.22363238512035,39.779306033135356,38.22363238512035,2.98,4.0699,201370.0581736527,1509637.4426838323,8801837
300750.SZ,2019-08-20,39.768865270397,39.85761175367302,39.23638637074085,39.37733666770866,39.779306033135356,-0.77,-1.0105,130623.86668263473,988868.5509604792,8822004
300750.SZ,2019-08-21,39.26770865895592,40.170834635823695,39.26770865895592,39.57049077836824,39.37733666770866,0.37,0.4905,125145.87609580839,952159.1064874252,8833834
300750.SZ,2019-08-22,39.6748984057518,39.6748984057518,39.15286026883401,39.46608315098468,39.57049077836824,-0.2,-0.2639,94198.07964670658,711454.1883718563,8846037
300750.SZ,2019-08-23,39.4608627696155,39.4608627696155,37.54498280712723,38.57861831822444,39.46608315098468,-1.7,-2.2487,317317.4492155689,2331357.291606587,8865709
300750.SZ,2019-08-26,38.05135979993748,38.489871834948424,37.84776492653954,37.98871522350734,38.57861831822444,-1.13,-1.5291,174851.07608982036,1277821.5628814371,8879348
300750.SZ,2019-08-27,38.29671772428884,38.90750234448265,38.16620819005939,38.26539543607377,37.98871522350734,0.53,0.7283,183994.62262874254,1357152.8896011976,8564728
300750.SZ,2019-08-28,38.719568615192244,38.77177242888402,37.774679587371054,37.858205689277895,38.26539543607377,-0.78,-1.0641,165506.7204670659,1208164.0677131738,8573978
300750.SZ,2019-08-29,37.852985307908725,37.86342607064707,37.080368865270394,37.10647077211628,37.858205689277895,-1.44,-1.9857,193014.2510179641,1377425.7648023954,8586239
300750.SZ,2019-08-30,37.30484526414504,38.046139418568295,36.835010940919034,37.72769615504845,37.10647077211628,1.19,1.6742,227889.8447964072,1634942.8588479043,8605873
300750.SZ,2019-09-02,37.68593310409503,38.181869334166926,37.529321663019694,38.08790246952172,37.72769615504845,0.69,0.9548,187853.7468143713,1363775.0341449103,8623634
300750.SZ,2019-09-03,37.957392935292276,38.05658018130666,36.98118161925602,37.16911534854642,38.08790246952172,-1.76,-2.4123,249396.7792634731,1779210.987311976,8633852
300750.SZ,2019-09-04,37.00206314473272,37.263082213191616,36.4904657705533,37.158674585808065,37.16911534854642,-0.02,-0.0281,224325.64159281438,1580486.2703544912,8646351
300750.SZ,2019-09-05,37.17433572991559,37.79034073147859,37.17433572991559,37.221319162238196,37.158674585808065,0.12,0.1686,235645.46591616768,1690817.460600599,8666143
300750.SZ,2019-09-06,37.299624882775866,37.74335729915598,37.299624882775866,37.51366051891216,37.221319162238196,0.56,0.7854,158842.76288622755,1141261.8578359282,8684052
300750.SZ,2019-09-09,37.852985307908725,40.19693654266958,37.61806814629572,40.19693654266958,37.51366051891216,5.14,7.1528,494273.2374371258,3696989.9352467065,8694528
300750.SZ,2019-09-10,40.36920912785245,40.58846514535792,39.9098155673648,40.3117849327915,40.19693654266958,0.22,0.2857,360660.9683952096,2785173.1993844314,8712489
300750.SZ,2019-09-11,40.66677086589559,42.326852141294154,40.38487027195998,40.59890590809628,40.3117849327915,0.55,0.7123,406686.992742515,3212820.2948976047,8730700
300750.SZ,2019-09-12,40.82338230697093,41.606439512347606,40.35354798374492,40.71897467958737,40.59890590809628,0.23,0.2957,295089.36053892213,2314734.1248562876,8742383
300750.SZ,2019-09-16,41.23579243513598,41.39762425758049,39.84195060956549,40.04032510159425,40.71897467958737,-1.3,-1.6667,259136.64238922155,2011084.5161592816,8754726
300750.SZ,2019-09-17,39.97768052516411,39.97768052516411,38.740450140668955,38.90228196311347,40.04032510159425,-2.18,-2.8422,274263.46826946107,2059659.6780233535,8771484
300750.SZ,2019-09-18,39.1789621756799,39.39299781181619,38.865739293529224,38.93882463269772,38.90228196311347,0.07,0.0939,193196.55570658683,1447326.9279922156,8786470
300750.SZ,2019-09-19,38.93882463269772,39.6748984057518,38.93882463269772,39.351234760862766,38.93882463269772,0.79,1.0591,270713.99579041917,2040234.8366508982,8802855
300750.SZ,2019-09-20,39.42432010003125,39.737542982181935,38.94404501406689,39.07977492966552,39.351234760862766,-0.52,-0.6898,245245.32011377247,1843595.649318563,8816630
300750.SZ,2019-09-23,39.084995311034696,39.09021569240387,37.74335729915598,38.103563613629255,39.07977492966552,-1.87,-2.498,235804.30488622756,1723540.8610419163,8829718
300750.SZ,2019-09-24,38.181869334166926,38.5890590809628,37.61806814629572,37.96783369803063,38.103563613629255,-0.26,-0.3562,246010.18760479044,1794650.012605389,8844208
300750.SZ,2019-09-25,37.899968740231316,38.51597374179431,37.508440137542976,38.08790246952172,37.96783369803063,0.23,0.3162,256596.6747005988,1868916.2572688623,8855987
300750.SZ,2019-09-26,38.21319162238199,38.291497342919655,37.075148483901216,37.299624882775866,38.08790246952172,-1.51,-2.0696,250793.20980838322,1803857.9950497008,8877702
300750.SZ,2019-09-27,37.299624882775866,37.529321663019694,37.09603000937793,37.30484526414504,37.299624882775866,0.01,0.014,136843.0483293413,977868.1764784432,8894586
300750.SZ,2019-09-30,37.48233823069709,37.62328852766489,37.1482338230697,37.325726789621754,37.30484526414504,0.04,0.056,129505.99816167666,927541.9931173653,8896629
300750.SZ,2019-10-08,37.38315098468271,37.57630509534229,36.647077211628634,36.6783994998437,37.325726789621754,-1.24,-1.7343,167338.54065868264,1185513.7876592814,8911472
300750.SZ,2019-10-09,36.54788996561425,36.55833072835261,35.69696780243826,36.072835261019065,36.6783994998437,-1.16,-1.651,253273.77570658686,1746177.5386413175,8718711
300750.SZ,2019-10-10,36.57921225382932,37.39881212879025,36.41738043138481,37.012503907471086,36.072835261019065,1.8,2.6049,235330.58470658681,1666529.6833227545,8731134
300750.SZ,2019-10-11,37.15345420443889,37.65983119724914,36.71494216942794,37.30484526414504,37.012503907471086,0.56,0.7898,181836.56190419162,1297882.8884041917,8749475
300750.SZ,2019-10-14,37.53454204438887,37.58674585808065,36.80368865270397,36.98640200062519,37.30484526414504,-0.61,-0.8536,233768.13180838324,1661576.1429257484,8764470
300750.SZ,2019-10-15,36.98640200062519,37.63894967177242,36.88721475461081,37.04904657705533,36.98640200062519,0.12,0.1694,171157.55283233535,1219717.7063718564,8778411
300750.SZ,2019-10-16,37.06992810253204,37.23698030634573,36.28165051578618,36.38083776180056,37.04904657705533,-1.28,-1.8036,155614.87610778442,1088997.6915413174,8794976
300750.SZ,2019-10-17,36.38605814316974,36.52700844013754,35.96320725226633,36.177242888402624,36.38083776180056,-0.39,-0.5596,138792.61853892216,960251.9060383234,8813351
300750.SZ,2019-10-18,36.33385432947796,36.709721788058765,36.20856517661769,36.589653016567674,36.177242888402624,0.79,1.14,146124.1518682635,1021042.2770011977,8822552
300750.SZ,2019-10-21,36.688840262582055,36.688840262582055,36.02063144732729,36.35473585495467,36.589653016567674,-0.45,-0.642,96605.35588023953,670555.6687233533,8830138
300750.SZ,2019-10-22,36.542669584245075,37.02294467020944,36.542669584245075,36.91853704282588,36.35473585495467,1.08,1.5508,132698.3128263473,937352.3740796407,8844242
300750.SZ,2019-10-23,36.90809628008753,37.14301344170053,36.56877149109096,36.93941856830259,36.91853704282588,0.04,0.0566,121018.89791616768,856582.336379042,8863387
300750.SZ,2019-10-24,37.02816505157862,37.56064395123476,37.00206314473272,37.39359174742106,36.93941856830259,0.87,1.2295,173229.64282634732,1238806.7255359283,8877461
300750.SZ,2019-10-25,37.43013441700531,37.4562363238512,36.835010940919034,37.075148483901216,37.39359174742106,-0.61,-0.8516,103243.6831497006,732518.7490281437,8896125
300750.SZ,2019-10-28,36.56877149109096,36.97074085651766,36.375617380431386,36.96552047514848,37.075148483901216,-0.21,-0.2957,190911.07134131738,1341302.085962874,8905763
300750.SZ,2019-10-29,37.00728352610191,37.00728352610191,36.0884964051266,36.16680212566427,36.96552047514848,-1.53,-2.1607,188983.3577724551,1317212.9206113773,8925714
300750.SZ,2019-10-30,36.02063144732729,36.396498905908096,35.69696780243826,36.29209127852454,36.16680212566427,0.24,0.3464,144843.19181437127,997392.0201964073,8941160
300750.SZ,2019-10-31,36.219005939356045,36.45392310096905,35.8535792435136,35.869240387621126,36.29209127852454,-0.81,-1.1651,107785.3436766467,743227.59308503,8953051
300750.SZ,2019-11-01,35.770053141606745,36.22944670209441,35.71784932791497,36.19290403251016,35.869240387621126,0.62,0.9023,107530.30483832335,741903.2377341317,8968546
300750.SZ,2019-11-04,36.33385432947796,36.53744920287589,36.072835261019065,36.50612691466083,36.19290403251016,0.6,0.8654,158735.54849700598,1106288.6907263473,8969120
300750.SZ,2019-11-05,36.70450140668959,38.81353547983744,36.50612691466083,38.35936230071898,36.50612691466083,3.55,5.0765,455570.79680838325,3304359.8273964073,8984325
300750.SZ,2019-11-06,39.8158487027196,41.17836824007502,39.335573616755234,39.62269459206002,38.35936230071898,2.42,3.2934,845688.2146706587,6521985.968500599,9013475
300750.SZ,2019-11-07,39.309471709909346,40.14995311034698,38.698687089715534,39.309471709909346,39.62269459206002,-0.6,-0.7905,414976.0806347306,3127265.5550395213,9029727
300750.SZ,2019-11-08,39.62269459206002,40.30134417005314,39.15286026883401,39.476523913723035,39.309471709909346,0.32,0.425,364644.5854011976,2780864.0142101794,9036229
300750.SZ,2019-11-11,39.0380118787121,39.36167552360113,38.474210690840884,38.474210690840884,39.476523913723035,-1.92,-2.539,191391.05543113773,1423638.6873724551,9061177
300750.SZ,2019-11-12,38.63082213191622,39.309471709909346,38.395904970303214,38.865739293529224,38.474210690840884,0.75,1.0176,174015.5049520958,1295267.6637616768,9076007
300750.SZ,2019-11-13,39.04845264145045,39.09543607377305,38.52119412316349,38.59949984370115,38.865739293529224,-0.51,-0.685,129018.17939520959,958400.7290233534,9084545
300750.SZ,2019-11-14,38.839637386683336,39.07455454829634,38.531634885901845,38.683025945607994,38.59949984370115,0.16,0.2164,128838.76721556886,958065.5810952097,9100623
300750.SZ,2019-11-15,38.78221319162238,38.78221319162238,37.37793060331353,37.899968740231316,38.683025945607994,-1.5,-2.0243,205388.27035329342,1490300.8381598804,8836503
300750.SZ,2019-11-18,38.046139418568295,38.207971241012814,37.66505157861832,38.040919037199124,37.899968740231316,0.27,0.3719,86114.53229341318,626467.807373054,8846562
300750.SZ,2019-11-19,38.25495467333542,40.18127539856205,38.046139418568295,40.16561425445451,38.040919037199124,4.07,5.5853,356896.3392215569,2698696.1571772457,8863771
300750.SZ,2019-11-20,40.10819005939356,40.771178493279145,39.779306033135356,39.83150984682713,40.16561425445451,-0.64,-0.8318,215440.37120359283,1660588.092506587,8885835
300750.SZ,2019-11-21,40.04032510159425,40.771178493279145,39.83150984682713,40.275242263207254,39.83150984682713,0.85,1.114,238344.02355089822,1844404.130481437,8893613
300750.SZ,2019-11-22,42.80712722725852,44.16442638324476,41.48115035948734,42.02407002188183,40.275242263207254,3.35,4.3422,811189.2791976049,6646799.819045509,8911986
300750.SZ,2019-11-25,42.46780243826195,43.66849015317287,42.285089090340726,43.63194748358862,42.02407002188183,3.08,3.8261,537963.9151616767,4452105.374374252,8935518
300750.SZ,2019-11-26,43.32394498280712,46.774617067833695,42.75492341356674,45.939356048765234,43.63194748358862,4.42,5.2883,749913.7559401199,6448702.7286479045,8941777
300750.SZ,2019-11-27,45.65223507346045,46.38830884651453,44.87961863082213,45.547827446076894,45.939356048765234,-0.75,-0.8523,372468.45823952096,3258949.4975305395,8959994
300750.SZ,2019-11-28,45.260706470772114,46.774617067833695,44.97358549546733,45.63135354798374,45.547827446076894,0.16,0.1834,278187.7984191617,2438445.146011377,8972373
300750.SZ,2019-11-29,45.479962488277586,46.40919037199125,44.57161613004063,45.63135354798374,45.63135354798374,0.0,0.0,247533.5628982036,2161403.4037089823,8996757
300750.SZ,2019-12-02,46.04376367614879,46.10640825257892,44.790872147546104,45.469521725539224,45.63135354798374,-0.31,-0.3547,227985.60408383232,1987272.727094611,9003187
300750.SZ,2019-12-03,45.41731791184745,45.547827446076894,44.15920600187559,45.10409502969678,45.469521725539224,-0.7,-0.8037,300542.02730538923,2574864.13911497,9020604
300750.SZ,2019-12-04,45.08321350422007,46.33610503282276,44.46720850265708,45.260706470772114,45.10409502969678,0.3,0.3472,323321.0910538922,2819207.8469389225,9033452
300750.SZ,2019-12-05,45.4277586745858,48.78968427633635,45.39643638637074,48.027508596436384,45.260706470772114,5.3,6.113,505001.1509820359,4571584.108951498,9051287
300750.SZ,2019-12-06,47.87089715536105,48.75314160675211,47.557674273210374,48.54954673335417,48.027508596436384,1.0,1.087,257409.08661077844,2377567.3101742514,9061777
300750.SZ,2019-12-09,48.81056580181306,48.81056580181306,47.45326664582682,48.492122538293216,48.54954673335417,-0.11,-0.1183,282544.54908383236,2597641.967321557,9074107
300750.SZ,2019-12-10,48.027508596436384,49.30128165051578,47.66208190059393,48.73226008127539,48.492122538293216,0.46,0.4952,243179.74305389225,2261244.7568862275,9102095
300750.SZ,2019-12-11,48.73226008127539,49.17077211628634,47.244451391059705,47.761269146608306,48.73226008127539,-1.86,-1.9925,255259.55016766468,2353076.6971407183,9115795
300750.SZ,2019-12-12,47.745608002500774,48.497342919662394,46.57624257580493,46.82682088152548,47.761269146608306,-1.79,-1.9565,285011.6102215569,2582653.65431018,9127875
300750.SZ,2019-12-13,47.782150672085024,48.75836198812129,47.150484526414495,48.54954673335417,46.82682088152548,3.3,3.6789,350354.0202634731,3229022.4809101797,9131637
300750.SZ,2019-12-16,48.309409190371994,48.48168177555486,47.65164113785558,48.18412003751172,48.54954673335417,-0.7,-0.7527,348976.0366467066,3212840.808724551,9153014
300750.SZ,2019-12-17,49.48921537980618,50.736886527039694,49.30128165051578,49.79721788058768,48.18412003751172,3.09,3.3478,531366.5044431138,5079369.140836527,9160229
300750.SZ,2019-12-18,49.31172241325414,49.33260393873085,48.11625507971241,48.64873397936855,49.79721788058768,-2.2,-2.3063,357072.32253293414,3330798.231076048,9182585
300750.SZ,2019-12-19,48.81056580181306,48.85232885276648,47.776930290715846,48.680056267583616,48.64873397936855,0.06,0.0644,207711.81707185632,1922524.672097006,9189825
300750.SZ,2019-12-20,48.67483588621444,49.53097843075961,48.398155673648006,48.434698343232256,48.680056267583616,-0.47,-0.504,198413.607502994,1855618.8092299402,8908192
300750.SZ,2019-12-23,48.027508596436384,49.79721788058768,47.79781181619256,48.497342919662394,48.434698343232256,0.12,0.1293,270916.9886227545,2542364.9234443116,8913967
300750.SZ,2019-12-24,48.65395436073773,52.25079712410128,48.65395436073773,51.942794623319784,48.497342919662394,6.6,7.1044,569008.0455688623,5554365.803846707,8931724
300750.SZ,2019-12-25,51.864488902782114,55.06458268208815,51.238043138480776,54.97061581744295,51.942794623319784,5.8,5.8291,446475.3310479042,4527486.010801198,8949512
300750.SZ,2019-12-26,54.81400437636761,55.84763988746483,53.60287589871835,54.87664895279775,54.97061581744295,-0.18,-0.1709,284302.543251497,2968990.231539521,8964800
300750.SZ,2019-12-27,54.87664895279775,57.42419506095654,53.84823382306971,54.396373866833386,54.87664895279775,-0.92,-0.8752,460789.30443712574,4919729.7388341315,8978607
300750.SZ,2019-12-30,55.633604251328535,57.68521412941544,54.81400437636761,57.42419506095654,54.396373866833386,5.8,5.5662,451652.136742515,4878951.90385509,9000695
300750.SZ,2019-12-31,57.351109721788056,57.60690840887777,55.095904970303216,55.544857768052516,57.42419506095654,-3.6,-3.2727,411860.7143712575,4428190.566016168,9007494
300750.SZ,2020-01-02,55.962123059289354,56.81818016046681,55.17392414296134,56.12393873085339,55.53931436907367,1.12,1.0526,394868.58894700074,4240448.004002395,9037120
300750.SZ,2020-01-03,56.12393873085339,57.51764145045326,55.314860373033234,57.183570386579134,56.12393873085339,2.03,1.888,346449.4585607346,3748814.466588681,9048176
300750.SZ,2020-01-06,58.097045951859954,59.76740127123059,56.27009482129832,56.94345680941961,57.183570386579134,-0.46,-0.4199,507680.2463319692,5667492.169490568,9070780
300750.SZ,2020-01-07,56.90169792643535,57.230549129936435,56.066520266750025,56.63548504741065,56.94345680941961,-0.59,-0.5408,258772.13248427986,2799220.8307881025,9075407
300750.SZ,2020-01-08,56.90169792643535,58.20144315932062,55.90470459518599,57.2096696884443,56.63548504741065,1.1,1.0138,368287.01586186246,4019981.75629484,9099490
300750.SZ,2020-01-09,58.46243617797228,60.28938730853392,57.42368396373867,60.02839428988225,57.2096696884443,5.4,4.927,386300.5819882224,4381516.942130352,9109253
300750.SZ,2020-01-10,59.61080546003959,59.61080546003959,58.29540064603522,59.146237886839636,60.02839428988225,-1.69,-1.4696,276405.9949675616,3119947.9135754067,9127348
300750.SZ,2020-01-13,60.55038032718558,61.84490569969782,59.61080546003959,61.02016776075857,59.146237886839636,3.59,3.1683,413755.2244036331,4821086.667376983,9135093
300750.SZ,2020-01-14,62.38255131812025,63.02981400437636,60.12235177659685,60.39378451599458,61.02016776075857,-1.2,-1.0265,417031.71051202714,4953902.139526699,9149912
300750.SZ,2020-01-15,60.39378451599458,61.37511826612483,58.572053245805975,60.18499010107325,60.39378451599458,-0.4,-0.3457,340214.4641980238,3891535.86079469,9171986
300750.SZ,2020-01-16,60.55038032718558,60.81137334583724,59.42811034698342,60.75917474210691,60.18499010107325,1.1,0.954,247787.43253019263,2858892.076327378,9176381
300750.SZ,2020-01-17,60.73829530061477,61.364678545378766,59.50640825257893,60.07015317286652,60.75917474210691,-1.32,-1.134,280896.5365385767,3246776.3117870046,9199563
300750.SZ,2020-01-20,60.02317442950922,65.29001354589975,58.932223611545275,64.3086797957695,60.07015317286652,8.12,7.056,476874.8246331969,5732504.017652859,9217320
300750.SZ,2020-01-21,63.94850943003022,64.20428258830884,62.8784380535584,63.49960143794936,64.3086797957695,-1.55,-1.2581,273323.55619522906,3323443.123042619,9231407
300750.SZ,2020-01-22,63.49960143794936,69.8521715119308,62.31469313327081,69.8521715119308,63.49960143794936,12.17,10.0041,670354.3485717137,8609114.192433177,9244747
300750.SZ,2020-01-23,69.16314994269042,71.51208711055538,65.30045326664582,68.155716890695,69.8521715119308,-3.25,-2.4286,689409.7050164687,9111221.0923687,9255074
300750.SZ,2020-02-03,66.06255288110867,74.89455663228091,66.03123371887048,70.65603000937793,68.155716890695,4.79,3.6685,1008352.6806946801,13695428.107487574,9279774
300750.SZ,2020-02-04,76.08990465770553,77.72372095446494,73.08326508283838,77.72372095446494,70.65603000937793,13.54,10.003,688018.0777542669,10122789.713490969,8932728
300750.SZ,2020-02-05,82.56253152026675,85.49609304991142,81.58641763050954,85.49609304991142,77.72372095446494,14.89,10.0,1016931.0710729612,16454462.652626408,8944169
300750.SZ,2020-02-06,80.91305564238824,88.6802078774617,79.85864384703554,88.6802078774617,85.49609304991142,6.1,3.7243,1109588.9326699271,17750687.32272582,8969502
300750.SZ,2020-02-07,86.64968219235178,88.38789569657185,82.96968062936334,83.62216317599248,88.6802078774617,-9.69,-5.7037,871660.8634793891,14227726.094681704,8990751
300750.SZ,2020-02-10,84.03975200583515,87.99640616859436,83.51776596853183,86.26341252474731,83.62216317599248,5.06,3.1586,719193.969132648,11804094.545961075,9006064
300750.SZ,2020-02-11,87.27606543711576,87.69365426695842,82.26499947900385,82.68258830884652,86.26341252474731,-6.86,-4.151,651254.1824992514,10443159.33077792,9009939
300750.SZ,2020-02-12,80.1509560279254,84.47822027716995,79.35753725122434,83.33507085547566,82.68258830884652,1.25,0.7891,624273.5182792693,9913282.51179459,9025834
300750.SZ,2020-02-13,81.4246019589455,83.19413462540376,80.22403407314785,81.60729707200167,83.33507085547566,-3.31,-2.0733,600800.7448248328,9415225.842801876,9030656
300750.SZ,2020-02-14,82.94358132749818,83.4655673648015,77.70284151297281,78.24570699176826,81.60729707200167,-6.44,-4.1192,842203.619604751,12911099.286902484,9052041
300750.SZ,2020-02-17,77.77591955819527,81.51333958528707,77.71328123371886,80.43804834844221,78.24570699176826,4.2,2.8019,659924.4144146122,10171879.354149517,9057991
300750.SZ,2020-02-18,80.43804834844221,82.99577993122851,79.78556580181306,81.7534531624466,80.43804834844221,2.52,1.6353,540828.8916279069,8430813.850376485,9082013
300750.SZ,2020-02-19,86.12769615504845,86.17989475877877,79.80644524330519,79.96826091486922,81.7534531624466,-3.42,-2.1836,801109.2253737898,12641906.950406427,9094606
300750.SZ,2020-02-20,81.6908148379702,86.12769615504845,79.86386370740856,83.51776596853183,79.96826091486922,6.8,4.4386,993207.0265295937,15813148.30879948,9105296
300750.SZ,2020-02-21,82.36939668646453,84.82273106179014,81.02267271022194,83.4655673648015,83.51776596853183,-0.1,-0.0625,647625.3114861762,10300353.411322488,9117968
300750.SZ,2020-02-24,81.95180785662185,83.43946806293633,79.59243096801083,80.59986402000625,83.4655673648015,-5.49,-3.4334,699694.5969797384,10863414.976184249,9137207
300750.SZ,2020-02-25,78.16218922579974,86.38868917370012,77.69240179222673,84.48344013754297,80.59986402000625,7.44,4.8183,988582.5733306716,15549827.091032637,9151927
300750.SZ,2020-02-26,82.8391841200375,83.96145410023965,78.66329582161092,79.79078566218611,84.48344013754297,-8.99,-5.5545,648063.0435013474,10102731.933681207,9163922
300750.SZ,2020-02-27,80.96003438574554,81.77433260393873,77.6715223507346,78.02647285610085,79.79078566218611,-3.38,-2.2112,636037.0321688792,9698235.083361613,9193923
300750.SZ,2020-02-28,73.07282536209232,75.68797540898197,70.73432791497342,70.81784568094196,78.02647285610085,-13.81,-9.2387,974062.8171334465,13583971.942298632,9196835
300750.SZ,2020-03-02,72.45166197770136,74.09591799520683,70.44201573408355,73.07282536209232,70.81784568094196,4.32,3.1842,609499.1000978142,8480063.08725801,9219733
300750.SZ,2020-03-03,76.20996144628529,78.13608992393456,75.11379076794832,76.09512451807856,73.07282536209232,5.79,4.136,568809.4868090628,8364945.278148717,9223790
300750.SZ,2020-03-04,75.16076951130562,76.1473231218089,72.96320829425862,75.00939356048764,76.09512451807856,-2.08,-1.4268,394543.38867751276,5643648.384196427,9250839
300750.SZ,2020-03-05,76.49183390642908,77.16519589455038,74.122017297072,75.8028123371887,75.00939356048764,1.52,1.0578,430343.465048408,6235577.182898093,9265360
300750.SZ,2020-03-06,74.12723715744502,76.88854329477962,73.86102427842033,74.91543607377305,75.8028123371887,-1.7,-1.1706,306155.10488671524,4425174.763166583,9282830
300750.SZ,2020-03-09,72.550839324789,73.54783265603835,69.42414296134208,69.65903667812857,74.91543607377305,-10.07,-7.0164,563717.8563629104,7706208.065988023,9290351
300750.SZ,2020-03-10,69.74255444409712,73.96020162550796,69.42936282171512,73.35469782223612,69.65903667812857,7.08,5.3054,560828.6028346142,7713807.487651661,9102906
300750.SZ,2020-03-11,74.64400333437533,77.55668542252788,72.45166197770136,73.48519433156194,73.35469782223612,0.25,0.1779,649887.24938417,9305817.094447149,9127077
300750.SZ,2020-03-12,71.09449828071271,71.39203032197562,68.5472064186725,70.05052620610607,73.48519433156194,-6.58,-4.674,639591.03527897,8533925.307683002,9153047
300750.SZ,2020-03-13,65.82243930394914,69.84173179118474,65.77546056059185,68.9543555277691,70.05052620610607,-2.1,-1.5648,525977.364104202,6816243.2167366,9161387
300750.SZ,2020-03-16,66.81421277482546,67.27356048765239,62.058919974992186,62.14765760133375,68.9543555277691,-13.04,-9.8713,939651.2836510629,11480789.191143828,9175446
300750.SZ,2020-03-17,63.16031051370219,64.16774356569762,58.07094664999479,61.56825309992706,62.14765760133375,-1.11,-0.9323,751367.3776145324,8758203.814450743,9205392
300750.SZ,2020-03-18,62.06413983536522,64.4652756069605,60.55038032718558,61.25506147754506,61.56825309992706,-0.6,-0.5087,600368.0895738098,7197925.004681106,9218379
300750.SZ,2020-03-19,62.11633843909555,62.37733145774721,58.30062050640825,60.04927373137439,61.25506147754506,-2.31,-1.9685,635195.2855155205,7287391.355622716,9229593
300750.SZ,2020-03-20,61.59435240179222,62.481728665207875,59.099259143482335,60.47730228196311,60.04927373137439,0.82,0.7128,431318.4336560535,5010875.567692783,9251833
300750.SZ,2020-03-23,57.83605293320829,58.23798218193185,54.81375377722205,56.10305928936126,60.47730228196311,-8.38,-7.2329,589322.4492923446,6368045.82201577,9252164
300750.SZ,2020-03-24,57.73165572574762,58.921783890799205,55.85250599145566,58.23798218193185,56.10305928936126,4.09,3.8054,557811.778844196,6173083.660717837,9267787
300750.SZ,2020-03-25,60.65477753464624,63.77625403772012,60.55038032718558,63.16031051370219,58.23798218193185,9.43,8.4521,739346.3281006089,8818443.994748378,9291108
300750.SZ,2020-03-26,62.12155829946858,63.864991664061684,61.75094821298322,62.44518964259664,63.16031051370219,-1.37,-1.1322,372368.00624812854,4491810.876997705,9301539
300750.SZ,2020-03-27,63.79191361883922,64.37653798061893,61.260281337918094,61.96496248827758,62.44518964259664,-0.92,-0.769,335240.32731609937,4025319.050400239,9323652
300750.SZ,2020-03-30,60.55038032718558,62.972395540273,57.78385432947796,62.27815411065958,61.96496248827758,0.6,0.5054,501268.9445713145,5767228.03075796,9332209
300750.SZ,2020-03-31,62.779260706470765,64.27214077315827,61.52127435656976,62.84189903094717,62.27815411065958,1.08,0.9052,373289.5251502146,4502842.967108294,9353157
300750.SZ,2020-04-01,64.25648119203917,65.54056684380535,62.15809732207981,62.84711889132021,62.84189903094717,0.01,0.0083,572718.1545783012,7020712.979091526,9366361
300750.SZ,2020-04-02,61.33335938314056,64.51747421069084,60.920990413670935,64.51747421069084,62.84711889132021,3.2,2.6578,401521.0082682902,4833784.909334265,9390495
300750.SZ,2020-04-03,65.06555954985933,65.24825466291549,62.53392726893821,63.16031051370219,64.51747421069084,-2.6,-2.1036,349059.4325880826,4264285.239312905,9392676
300750.SZ,2020-04-07,64.51747421069084,65.81721944357612,64.2147223090549,65.0916588517245,63.16031051370219,3.7,3.0579,351980.4685757062,4376949.191597564,9421085
300750.SZ,2020-04-08,64.67407002188183,65.50402782119411,63.995488173387514,64.20428258830884,65.0916588517245,-1.7,-1.3633,228875.33662241738,2833955.823114083,9435102
300750.SZ,2020-04-09,64.7158289048661,64.97682192351776,62.53914712931124,62.74794154423257,64.20428258830884,-2.79,-2.2683,307532.7087853079,3725013.5694149113,9448707
300750.SZ,2020-04-10,63.2386084192977,64.24082161092008,61.55781337918099,61.83446597895175,62.74794154423257,-1.75,-1.4558,279117.69585387764,3349624.3176021557,9466736
300750.SZ,2020-04-13,59.976195686151925,61.06714650411586,59.02618109825987,59.86657861831822,61.83446597895175,-3.77,-3.1825,238667.99319692585,2743927.688946402,9473541
300750.SZ,2020-04-14,61.59435240179222,65.85375846618734,61.33335938314056,65.85375846618734,59.86657861831822,11.47,10.0009,745113.2831240642,9202617.943224074,9485384
300750.SZ,2020-04-15,67.75378764197146,68.84473845993539,66.4122835261019,66.81421277482546,65.85375846618734,1.84,1.4585,623857.5301407325,8097230.808769538,9214748
300750.SZ,2020-04-16,66.95514900489736,69.79475304782744,66.19826925080754,69.39804365947691,66.81421277482546,4.95,3.8672,414534.26823036233,5431902.068967362,9222095
300750.SZ,2020-04-17,71.03185995623633,73.38079712410129,70.52031363967906,71.48598780869021,69.39804365947691,4.0,3.0086,560401.6182333566,7709399.538328176,9240787
300750.SZ,2020-04-20,71.19889548817339,71.38159060122955,68.83951859956235,70.2123418776701,71.48598780869021,-2.44,-1.7817,358251.59417307115,4803918.514668729,9253226
300750.SZ,2020-04-21,68.89693706366573,69.35106491611963,66.29222673752214,68.12961758882984,70.2123418776701,-3.99,-2.9663,371499.324008384,4826380.427750873,9271856
300750.SZ,2020-04-22,66.46448212983223,69.05875273522976,66.44882254871314,68.30187298113994,68.12961758882984,0.33,0.2528,281365.47628505836,3647629.1450945204,9300169
300750.SZ,2020-04-23,69.37194435761175,69.37194435761175,67.12740439720746,67.80598624570179,68.30187298113994,-0.95,-0.726,240195.25627108495,3133458.721328875,9303340
300750.SZ,2020-04-24,67.8581848494321,70.99010107325205,67.8581848494321,68.74034125247472,67.80598624570179,1.79,1.378,325519.2052220781,4336404.687554247,9329418
300750.SZ,2020-04-27,69.43458268208815,70.99010107325205,68.94391580702303,69.8991502552881,68.74034125247472,2.22,1.6858,275207.6104221978,3705070.346309212,9341210
300750.SZ,2020-04-28,71.51208711055538,73.13024382619568,68.7038022298635,72.1906689590497,69.8991502552881,4.39,3.2783,434717.68166882923,5969503.282305819,9348988
300750.SZ,2020-04-29,71.05795925810149,73.17722256955298,70.99532093362508,72.4099030947171,72.1906689590497,0.42,0.3037,229017.7733825731,3179228.7252995307,9371856
300750.SZ,2020-04-30,75.16598937167865,77.52014639991663,75.16598937167865,75.36434406585391,72.4099030947171,5.66,4.0802,447110.06295438664,6532431.385743288,9391631
300750.SZ,2020-05-06,72.55605918516203,76.62755027612796,72.42556267583619,76.1003443784516,75.36434406585391,1.41,0.9766,366798.9109232458,5305904.093351432,9394220
300750.SZ,2020-05-07,76.3665572574763,76.83634469104928,73.60003125976867,74.74840054183598,76.1003443784516,-2.59,-1.7765,308028.9289549855,4410193.71493702,9408083
300750.SZ,2020-05-08,74.64400333437533,75.8028123371887,73.5426127956653,75.20774825466292,74.74840054183598,0.88,0.6145,270771.22738796286,3879410.5192190837,9433945
300750.SZ,2020-05-11,75.2703865791393,76.19952172553923,70.49943419818693,71.83571845368344,75.20774825466292,-6.46,-4.4836,546689.5464756961,7584942.902791296,9443698
300750.SZ,2020-05-12,72.58737834740023,73.01540689798895,70.84916484318015,72.55605918516203,71.83571845368344,1.38,1.0028,307051.50817446853,4231194.476791296,9462410
300750.SZ,2020-05-13,71.68434250286548,72.8953501094092,71.44944878607897,72.16978951755756,72.55605918516203,-0.74,-0.5324,232846.1133326679,3215135.6072093025,9476082
300750.SZ,2020-05-14,71.9557752422632,72.16456965718453,70.72910805460039,70.78130665833072,72.16978951755756,-2.66,-1.9239,219038.1960994111,2989923.3838951993,9496940
300750.SZ,2020-05-15,73.04672606022714,77.0921178493279,72.5351797436699,75.93852870688757,70.78130665833072,9.88,7.2861,617106.8898013773,8823731.210885916,9511531
300750.SZ,2020-05-18,75.68797540898197,75.68797540898197,72.91622955090132,74.02283994998437,75.93852870688757,-3.67,-2.5227,308225.409306318,4382190.651721928,9526988
300750.SZ,2020-05-19,74.74840054183598,76.10556423882464,74.39345003646973,74.77971970407418,74.02283994998437,1.45,1.0225,199721.4916678311,2872338.4896380873,9540448
300750.SZ,2020-05-20,78.29790559549859,81.11663019693654,77.7811394185683,77.93251536938627,74.77971970407418,6.04,4.2161,631612.2777981834,9631353.87293622,9568166
300750.SZ,2020-05-21,79.2427003230176,80.1509560279254,76.51271334792123,76.97206106074815,77.93251536938627,-1.84,-1.2324,296705.3885198124,4461264.494794889,9574091
300750.SZ,2020-05-22,76.53359278941336,76.65886943836615,73.60003125976867,74.5448259872877,76.97206106074815,-4.65,-3.1534,283863.8189739495,4075083.873869847,9289969
300750.SZ,2020-05-25,74.47696780243827,75.38000364697301,73.36513754298218,75.32258518286964,74.5448259872877,1.49,1.0433,198821.50590877334,2839618.3002471304,9301675
300750.SZ,2020-05-26,76.08990465770553,78.51191987079295,75.79237261644263,78.31356517661769,75.32258518286964,5.73,3.9709,334999.976059487,4973873.660324184,9324008
300750.SZ,2020-05-27,78.27702615400646,80.90783578201521,78.24570699176826,79.08088465145357,78.31356517661769,1.47,0.9798,346846.7680387264,5294739.5341802575,9328909
300750.SZ,2020-05-28,78.29268573512556,78.76769302907158,74.90499635302699,77.17041575492341,79.08088465145357,-3.66,-2.4158,333815.6148777323,4892845.385662841,9346019
300750.SZ,2020-05-29,76.73194748358861,77.16519589455038,75.42698239033031,75.96462800875273,77.17041575492341,-2.31,-1.5625,270941.94076654356,3946530.09425791,9360371
300750.SZ,2020-06-01,76.97728092112118,79.87952328852766,76.39787641971449,78.79379233093674,75.96462800875273,5.42,3.7243,290746.51265395747,4375667.879546661,9380155
300750.SZ,2020-06-02,80.38584974471189,80.85041731791183,76.72150776284255,78.0160331353548,78.79379233093674,-1.49,-0.9871,262517.1368719433,3937484.693303523,9391406
300750.SZ,2020-06-03,78.29790559549859,78.88252995727832,77.15475617380432,77.51492653954361,78.0160331353548,-0.96,-0.6423,217698.00699471007,3245072.051641281,9412104
300750.SZ,2020-06-04,78.31057622173597,80.57415963321871,77.68325518391164,78.41512972804001,77.51596957382516,1.72,1.16,263164.698847917,3983125.013415786,9426127
300750.SZ,2020-06-05,78.1798843388559,79.12086589559237,76.98274669167448,79.04245076586433,78.41512972804001,1.2,0.8,188663.20888977475,2823112.092880207,9442033
300750.SZ,2020-06-08,80.37028029592582,80.79372199645724,78.65560279253934,79.14700427216839,79.04245076586433,0.2,0.1323,202009.08364161846,3072102.456955551,9465310
300750.SZ,2020-06-09,80.76758361988122,81.536051891216,80.03570907575285,80.48528915286028,79.14700427216839,2.56,1.6909,288272.0155969703,4448880.848120987,9477943
300750.SZ,2020-06-10,83.59052829009066,83.59052829009066,80.24481608836095,81.9072168385954,80.48528915286028,2.72,1.7667,379155.45256527804,5925171.567163244,9495662
300750.SZ,2020-06-11,83.64280504324269,88.91230176096698,82.66522975929978,85.72341981869334,81.9072168385954,7.3,4.6592,704284.5391130158,11584842.180974685,9506142
300750.SZ,2020-06-12,83.73690319891634,84.94972387204335,83.05730540793998,83.2768677711785,85.72341981869334,-4.68,-2.854,482902.0449411999,7724530.969352003,9534061
300750.SZ,2020-06-15,81.67197144941127,84.30149213295822,81.29557882671668,82.44043972074607,83.2768677711785,-1.6,-1.0044,305015.9973330675,4832528.570879809,9542483
300750.SZ,2020-06-16,84.16557257476295,85.35748254662916,82.60249765551735,83.64280504324269,82.44043972074607,2.3,1.4585,251158.31049830574,4031219.3009988037,9551634
300750.SZ,2020-06-17,83.14094821298322,83.90418880900282,81.55696259247682,82.4927164738981,83.64280504324269,-2.2,-1.375,239669.32230017937,3775032.193106836,9567252
300750.SZ,2020-06-18,82.4927164738981,83.41801500468897,81.55173491716162,83.0938991351464,82.4927164738981,1.15,0.7288,184713.34613912695,2919573.812400837,9593192
300750.SZ,2020-06-19,83.63234969261228,88.24315932062103,83.19845264145046,86.72713347921226,83.0938991351464,6.95,4.3724,478593.743709388,7915168.983365955,9605231
300750.SZ,2020-06-22,86.64871834948421,89.55007814942171,85.99525893508388,86.25664270084403,86.72713347921226,-0.9,-0.5425,364238.8796531792,6104170.29290253,9633981
300750.SZ,2020-06-23,86.77941023236428,88.41567260602272,85.48294675419403,88.29020839845785,86.25664270084403,3.89,2.3576,305059.2287861271,5092544.944897348,9643981
300750.SZ,2020-06-24,89.1423194748359,90.74198812128792,88.50454308638118,89.65463165572575,88.29020839845785,2.61,1.5454,280438.3615288021,4811700.094848913,9664494
300750.SZ,2020-06-29,89.13186412420549,90.17739918724602,88.35294050224029,89.41415859122642,89.65463165572575,-0.46,-0.2682,221973.40692246362,3788761.3395577036,9675478
300750.SZ,2020-06-30,90.43878295300615,93.82108888194227,90.43878295300615,91.14974679587372,89.41415859122642,3.32,1.9411,310873.03667729715,5450752.801562487,9309867
300750.SZ,2020-07-01,93.31400437636762,95.09141398353653,87.76221319162238,88.55681983953319,91.14974679587372,-4.96,-2.8447,548187.7942316125,9547432.790030695,9322523
300750.SZ,2020-07-02,89.91601542148588,90.01011357715954,86.00048661039908,87.4067312701886,88.55681983953319,-2.2,-1.2987,517399.4437133745,8676027.57923799,9349635
300750.SZ,2020-07-03,88.87048035844535,89.25732833177035,87.31786078983016,87.61583828279672,87.4067312701886,0.4,0.2392,459600.980384692,7755340.214434921,9358653
300750.SZ,2020-07-06,87.92949880170886,94.09815567364802,87.61061060748152,92.94806710430343,87.61583828279672,10.2,6.0859,587551.1799800677,10185355.524118995,9368108
300750.SZ,2020-07-07,98.28029592581015,102.24287381473378,98.01891216005002,102.24287381473378,92.94806710430343,17.78,10.0,485118.5559716962,9403255.318295196,9379310
300750.SZ,2020-07-08,103.50274356569763,103.93664061685944,99.31537563822027,103.2831812024591,102.24287381473378,1.99,1.0175,552617.2583057603,10799162.118164439,9397940
300750.SZ,2020-07-09,102.98520370949255,108.09264249244556,102.4624361779723,107.1777993122851,103.2831812024591,7.45,3.7708,533765.9727805462,10754534.3982061,9410630
300750.SZ,2020-07-10,106.11135354798374,108.29652182973847,104.86716682296552,106.5922996769824,107.1777993122851,-1.12,-0.5463,321927.66354594374,6573765.017513852,9433030
300750.SZ,2020-07-13,110.61760966968845,117.25152964468063,110.61760966968845,117.157431489007,106.5922996769824,20.21,9.9117,580121.7017400836,12643980.089539563,9448746
300750.SZ,2020-07-14,111.8722517453371,115.37479420652288,109.18522663332293,112.8916484318016,117.157431489007,-8.16,-3.6411,637561.1335897946,13638613.376132349,9464432
300750.SZ,2020-07-15,114.48608940293842,115.30683442742524,105.65654579556113,108.22856205064083,112.8916484318016,-8.92,-4.1306,524804.2264640223,11067158.469415586,9482326
300750.SZ,2020-07-16,108.73564655621549,111.28675211003439,102.6715431905804,102.8649671772429,108.22856205064083,-10.26,-4.9558,521359.23439505673,10705524.499053618,9494309
300750.SZ,2020-07-17,102.99043138480775,105.17037199124728,98.32211732833179,102.3056059185162,102.8649671772429,-1.07,-0.5438,581110.8985987641,11293025.869130755,9510428
300750.SZ,2020-07-20,106.69162550797125,110.36145357924353,104.07778785036992,107.32417422111078,102.3056059185162,9.6,4.9055,554738.1245286027,11323702.854660753,9527417
300750.SZ,2020-07-21,109.77595394394082,109.77595394394082,106.12180889861416,108.21287902469523,107.32417422111078,1.7,0.8281,356881.2306637433,7375730.29791449,9540540
300750.SZ,2020-07-22,107.1673439616547,110.40327498176514,106.13749192455977,108.67814212774826,108.21287902469523,0.89,0.43,366621.4491987243,7637141.477378114,9554311
300750.SZ,2020-07-23,108.21287902469523,112.6616307179327,107.69011149317495,111.61086797957695,108.67814212774826,5.61,2.6985,489509.2456408212,10320860.6860291,9567743
300750.SZ,2020-07-24,109.25841408773576,109.728904866104,102.38402104824425,103.8634531624466,111.61086797957695,-14.82,-6.9415,658004.0252302173,13282008.260550926,9586114
300750.SZ,2020-07-27,103.50797124101283,105.06581848494321,99.32060331353549,100.00542877982704,103.8634531624466,-7.38,-3.7145,481200.14123380504,9317007.123291807,9601021
300750.SZ,2020-07-28,102.48857455454831,104.81489006981349,102.20628008752735,103.2570428258831,100.00542877982704,6.22,3.2514,385429.25459437905,7629136.485201514,9618910
300750.SZ,2020-07-29,103.2570428258831,107.1673439616547,102.0808158799625,106.73867458580807,103.2570428258831,6.66,3.3718,363423.16334662144,7354480.148794299,9632885
300750.SZ,2020-07-30,107.1673439616547,108.20242367406482,105.808148379702,107.35031259768678,106.73867458580807,1.17,0.573,274559.36213673506,5632798.202743472,9648214
300750.SZ,2020-07-31,107.69011149317495,112.55184953631344,107.42872772741482,110.915587162655,107.35031259768678,6.82,3.3212,396064.7659158859,8375467.090060195,9663403
300750.SZ,2020-08-03,111.80951964155466,112.81323330207358,109.80731999583205,112.70867979576951,110.915587162655,3.43,1.6166,288964.63703607727,6153528.869027107,9499357
300750.SZ,2020-08-04,112.02908200479318,116.56670417838909,109.94846722934251,110.141891216005,112.70867979576951,-4.91,-2.2774,381777.0002272274,8243616.177667928,9513400
300750.SZ,2020-08-05,110.16802959258102,111.24493070751278,107.97763363551111,109.96415025528812,110.141891216005,-0.34,-0.1614,243512.82802471594,5096957.101087104,9526047
300750.SZ,2020-08-06,113.37782223611546,113.90058976763572,108.73564655621549,110.56533291653642,109.96415025528812,1.15,0.5467,278626.48542156664,5896085.875946382,9540685
300750.SZ,2020-08-07,109.25841408773576,112.02908200479318,105.65654579556113,106.7961790142753,110.56533291653642,-7.21,-3.409,345378.1061630456,7142122.69484692,9557218
300750.SZ,2020-08-10,106.74912993643846,107.32417422111078,103.54979264353445,104.90898822548714,106.7961790142753,-3.61,-1.7671,250182.7908471198,5030240.625986645,9573644
300750.SZ,2020-08-11,104.94558195269356,106.95823694904658,103.57593102011046,103.72753360425133,104.90898822548714,-2.26,-1.1262,234008.6608750249,4721406.864772572,9586661
300750.SZ,2020-08-12,104.50122955090133,104.68942586224863,98.38484943211421,102.32128894446181,103.72753360425133,-2.69,-1.3557,483441.290366753,9287477.712857485,9601783
300750.SZ,2020-08-13,104.97172032926957,105.58858601646348,101.66260185474628,102.4572085026571,102.32128894446181,0.26,0.1328,249847.3836356388,4937498.907963324,9613406
300750.SZ,2020-08-14,103.35114098155674,104.78875169323747,102.4572085026571,104.74693029071585,102.4572085026571,4.38,2.2348,228973.70778154273,4540741.317841339,9625241
300750.SZ,2020-08-17,104.55350630405336,104.74693029071585,101.5214546212358,102.78655204751486,104.74693029071585,-3.75,-1.8715,376982.2877616105,7397026.78694399,9646969
300750.SZ,2020-08-18,104.34439929144524,107.1673439616547,102.39970407418986,104.17711368135876,102.78655204751486,2.66,1.3529,423178.50031094276,8445685.26886187,9666471
300750.SZ,2020-08-19,103.40341773470878,103.40341773470878,99.32583098885068,99.42515681983954,104.17711368135876,-9.09,-4.5614,357992.39378114406,6905817.529450069,9676037
300750.SZ,2020-08-20,97.75752839428989,99.84859852037096,96.71199333124936,98.49985828904866,99.42515681983954,-1.77,-0.9306,249061.718927646,4675713.594705601,9699786
300750.SZ,2020-08-21,100.03679483171825,101.38553506304054,99.32583098885068,100.49160258414088,98.49985828904866,3.81,2.0221,280340.1343113414,5386600.257691847,9721091
300750.SZ,2020-08-24,101.5214546212358,108.73564655621549,100.49683025945609,105.60426904240909,100.49160258414088,9.78,5.0877,493660.80416184966,9864000.241185768,9731030
300750.SZ,2020-08-25,105.60426904240909,107.69011149317495,104.00982807127228,104.51168490153172,105.60426904240909,-2.09,-1.0346,278308.63859677094,5615589.153868846,9746756
300750.SZ,2020-08-26,104.03596644784828,104.54305095342295,100.86276753152028,101.62600812753986,104.51168490153172,-5.52,-2.7611,291530.3090013952,5711368.904869044,9767033
300750.SZ,2020-08-27,105.86042513285402,108.99703032197563,104.03073877253308,107.14120558507867,101.62600812753986,10.55,5.427,543219.8881482957,11094376.033900935,9772001
300750.SZ,2020-08-28,107.85739710326143,109.51979785349589,106.47729082004794,108.89247681567157,107.14120558507867,3.35,1.6345,324563.4240263105,6716035.375781342,9798635
300750.SZ,2020-08-31,109.60344065853913,110.17848494321142,107.17257163696989,107.87308012920705,108.89247681567157,-1.95,-0.9361,258517.9871576639,5351745.485921665,9815332
300750.SZ,2020-09-01,107.9514952589351,112.39501927685735,107.17257163696989,112.00294362821715,107.87308012920705,7.9,3.8284,377150.22091488936,7987575.209303368,9831587
300750.SZ,2020-09-02,111.53768052516413,111.94021152443473,108.73564655621549,110.46600708554757,112.00294362821715,-2.94,-1.3722,279447.557837353,5899640.702686665,9846385
300750.SZ,2020-09-03,109.78118161925602,110.30394915077629,107.63260706470773,109.728904866104,110.46600708554757,-1.41,-0.6673,238210.83462826387,4974298.794796491,9866008
300750.SZ,2020-09-04,105.71405022402834,107.51237053245806,104.85671147233512,106.78049598832969,109.728904866104,-5.64,-2.687,282604.8311959338,5726539.782021526,9604669
300750.SZ,2020-09-07,106.06953214546213,107.08892883192665,94.09815567364802,97.44386787537773,106.78049598832969,-17.86,-8.7438,856780.4291469004,16337614.128716962,9607015
300750.SZ,2020-09-08,96.71199333124936,98.28029592581015,93.84199958320309,97.70525164113786,97.44386787537773,0.5,0.2682,422238.7709467809,7772438.481754634,9626550
300750.SZ,2020-09-09,93.57538814212775,98.01891216005002,93.0473929352923,96.35651140981557,97.70525164113786,-2.58,-1.3804,362194.7970819214,6589424.6415463425,9652756
300750.SZ,2020-09-10,96.71199333124936,99.06444722309055,96.45060956548922,96.69108262998854,96.35651140981557,0.64,0.3472,283614.03694837546,5309704.604124577,9665797
300750.SZ,2020-09-11,97.23476086276962,98.95989371678651,95.84942690424091,97.91435865374598,96.69108262998854,2.34,1.2651,225052.25153876815,4186487.2166705197,9681353
300750.SZ,2020-09-14,99.58721475461083,101.92921329582161,99.32583098885068,100.77912472647704,97.91435865374598,5.48,2.9258,273345.91646202904,5270688.355466812,9699593
300750.SZ,2020-09-15,102.20105241221215,102.98520370949255,100.80003542773784,101.78283838699593,100.77912472647704,1.92,0.996,223878.9575543153,4367371.223994019,9710419
300750.SZ,2020-09-16,102.8754225278733,102.93292695634054,99.58721475461083,100.50728561008648,101.78283838699593,-2.44,-1.2532,226446.0450627865,4380461.132198724,9736818
300750.SZ,2020-09-17,100.49683025945609,105.57290299051787,99.84859852037096,103.71707825362093,100.50728561008648,6.14,3.1936,346822.8209826589,6824214.020379908,9753059
300750.SZ,2020-09-18,103.98368969469627,104.55350630405336,102.05990517870168,103.52365426695843,103.71707825362093,-0.37,-0.1865,201785.50433924654,3997527.946930237,9769318
300750.SZ,2020-09-21,105.54676461394186,108.73564655621549,102.91201625507972,103.4713775138064,103.52365426695843,-0.1,-0.0505,307370.25601554714,6223101.789698425,9782859
300750.SZ,2020-09-22,104.55350630405336,106.74912993643846,103.4713775138064,104.81489006981349,103.4713775138064,2.57,1.2984,236039.48707594178,4756372.307149691,9805246
300750.SZ,2020-09-23,104.34439929144524,104.45940814837971,99.90087527352298,102.98520370949255,104.81489006981349,-3.5,-1.7456,300696.35262706794,5869682.176084113,9829223
300750.SZ,2020-09-24,101.23393247889966,102.35788267166824,99.38333541731792,99.75450036469731,102.98520370949255,-6.18,-3.1371,204068.29722144705,3928144.7664283435,9838907
300750.SZ,2020-09-25,101.20779410232365,101.78283838699593,99.63426383244764,100.10998228613109,99.75450036469731,0.68,0.3564,130100.04619493721,2502219.7212515445,9862542
300750.SZ,2020-09-28,101.1293789725956,102.95906533291654,100.27204022090237,100.84708450557466,100.10998228613109,1.41,0.7363,157492.47043053617,3061062.2437594174,9879368
300750.SZ,2020-09-29,102.19582473689695,107.82080337605503,102.16445868500574,107.1621162863395,100.84708450557466,12.08,6.262,387238.10832569265,7789564.824651185,9888920
300750.SZ,2020-09-30,107.32417422111078,110.30917682609149,106.54002292383038,109.3629675940398,107.1621162863395,4.21,2.0538,305888.105818218,6381944.705513255,9907532
300750.SZ,2020-10-09,115.0036292591435,119.65103261435866,114.88862040220904,117.5547348129624,109.3629675940398,15.67,7.4904,458315.3993960534,10284360.80443831,9911692
300750.SZ,2020-10-12,119.19099718662082,122.85036990726269,118.82505991455665,122.73536105032824,117.5547348129624,9.91,4.407,362268.52009966114,8413862.072131155,9931891
300750.SZ,2020-10-13,122.78763780348027,124.72187767010526,119.71376471814109,123.20062415338127,122.73536105032824,0.89,0.3791,205572.56049830574,4814411.057015746,9948611
300750.SZ,2020-10-14,123.89590497030322,127.55527769094509,122.74581640095865,124.0527352297593,123.20062415338127,1.63,0.6916,263409.30087901134,6296988.884192744,9962728
300750.SZ,2020-10-15,126.04447952485152,127.60755444409712,123.89590497030322,124.73233302073565,124.0527352297593,1.3,0.5478,190400.61594977076,4571982.485311142,9679724
300750.SZ,2020-10-16,125.2028237991039,125.46420756486403,117.26198499531104,119.24327393977285,124.73233302073565,-10.5,-4.4007,388395.62091688253,8953505.508248156,9682874
300750.SZ,2020-10-19,120.93181306658332,123.42541419193499,119.19099718662082,119.9280994060644,119.24327393977285,1.31,0.5743,248724.3031752043,5764462.238571855,9698360
300750.SZ,2020-10-20,120.56587579451913,126.30063561529646,119.68239866624988,126.30063561529646,119.9280994060644,12.19,5.3136,260089.48873430333,6150263.283662547,9716761
300750.SZ,2020-10-21,125.49557361675525,125.79355110972179,119.02371157653434,121.45458059810359,126.30063561529646,-9.27,-3.8369,309275.6153577835,7203407.149347817,9739742
300750.SZ,2020-10-22,120.34108575596541,122.22304886943839,118.66822965510056,121.21933520891946,121.45458059810359,-0.45,-0.1937,173215.74990831173,3985174.3736675302,9745496
300750.SZ,2020-10-23,121.54867875377722,124.81597582577889,117.33517244972387,117.62269459206003,121.21933520891946,-6.88,-2.9671,221777.56461431133,5118078.343961331,9759186
300750.SZ,2020-10-26,118.12977909763468,122.13417838907992,114.65860268834012,121.8832499739502,117.62269459206003,8.15,3.6222,206645.82914291407,4750571.409394658,9776449
300750.SZ,2020-10-27,122.85036990726269,124.78460977388768,121.2820673127019,124.00568615192249,121.8832499739502,4.06,1.7414,174102.98940203307,4098818.386384293,9800494
300750.SZ,2020-10-28,119.00802855058873,128.32374596227987,118.49048869438367,125.6001271230593,124.00568615192249,3.05,1.2858,428791.473235001,10202041.074529199,9811714
300750.SZ,2020-10-29,123.90636032093364,127.5657330415755,121.44935292278838,125.46420756486403,125.6001271230593,-0.26,-0.1082,333517.843950568,7923202.238583216,9834601
300750.SZ,2020-10-30,125.99743044701471,134.14214858810047,124.57550276127958,129.21245076586433,125.46420756486403,7.17,2.9875,439176.98815826187,10898464.44064999,9845449
300750.SZ,2020-11-02,129.1235802855059,138.79477961863083,127.82188913202043,135.9927456496822,129.21245076586433,12.97,5.2474,362419.81105640816,9280307.621422961,9863230
300750.SZ,2020-11-03,135.91955819526936,135.91955819526936,129.21767844117954,133.8389434198187,135.9927456496822,-4.12,-1.5838,353056.83477177593,8949782.11327307,9879267
300750.SZ,2020-11-04,133.30572053766804,135.91955819526936,130.6918828800667,133.59324268000418,133.8389434198187,-0.47,-0.1836,211598.29815427546,5400966.957127366,9892004
300750.SZ,2020-11-05,136.44232572678962,140.36308221319163,136.4214150255288,140.36308221319163,133.59324268000418,12.95,5.0675,302159.62253936613,8002380.8610191345,9898005
300750.SZ,2020-11-06,141.86865270396999,143.88130770032305,135.91955819526936,137.7492445555903,140.36308221319163,-5.0,-1.8622,299528.6442993821,7999048.205689655,9924141
300750.SZ,2020-11-09,140.1016984474315,142.66325935188078,136.49460247994168,139.2809534229447,137.7492445555903,2.93,1.112,253048.80663743272,6733238.527197129,9937011
300750.SZ,2020-11-10,138.7006814629572,142.13003646973013,133.59324268000418,139.01434198186936,139.2809534229447,-0.51,-0.1914,275792.64454454853,7265783.5691403225,9951928
300750.SZ,2020-11-11,138.06813274981766,139.82985933104098,131.13100760654373,131.13100760654373,139.01434198186936,-15.08,-5.6709,301441.7891289615,7781341.794832369,9965770
300750.SZ,2020-11-12,135.91955819526936,135.91955819526936,132.04062311138898,132.91364488902784,131.13100760654373,3.41,1.3594,185873.51765596968,4752005.582243572,9977528
300750.SZ,2020-11-13,134.93675523601127,136.32208919453996,132.2601854746275,132.36996665624676,132.91364488902784,-1.04,-0.409,217643.16477177595,5579336.416548136,9999205
300750.SZ,2020-11-16,132.72544857768054,134.71719287277276,129.3483703240596,133.253443784516,132.36996665624676,1.69,0.6674,235517.01774965116,5963380.883533586,10009606
300750.SZ,2020-11-17,134.50808586016464,135.91955819526936,128.86219651974577,131.0473648015005,133.253443784516,-4.22,-1.6556,261585.73697628063,6593073.666944787,10023724
300750.SZ,2020-11-18,130.75461498384914,131.76878399499844,123.80180681462957,125.72559133062416,131.0473648015005,-10.18,-4.061,368869.905594977,8926667.514007771,9686297
300750.SZ,2020-11-19,125.9922027716995,127.32003230176097,123.95340939877046,126.56201938105659,125.72559133062416,1.6,0.6653,186660.5979071158,4491035.13787941,9710901
300750.SZ,2020-11-20,127.81143378139004,132.57384599353966,127.80620610607481,131.77923934562887,126.56201938105659,9.98,4.1223,235352.4512936017,5880602.599897348,9728944
300750.SZ,2020-11-23,131.77923934562887,135.76272793581327,130.74415963321871,132.2601854746275,131.77923934562887,0.92,0.365,231293.87865457442,5880718.301421167,9739532
300750.SZ,2020-11-24,134.87402313222884,135.44906741690113,130.6971105553819,133.14889027821195,132.2601854746275,1.7,0.6719,187310.14092485548,4770694.931544947,9751447
300750.SZ,2020-11-25,134.14214858810047,134.28852349692613,127.7643847035532,128.71582161092007,133.14889027821195,-8.48,-3.3294,223998.11185569063,5584299.632210085,9777582
300750.SZ,2020-11-26,128.9144732728978,128.9144732728978,125.04599353964781,128.25578618318227,128.71582161092007,-0.88,-0.3574,165073.08659557503,4004035.49721766,9791862
300750.SZ,2020-11-27,128.29760758570387,130.04887881629676,124.4186725018235,126.50974262790456,128.25578618318227,-3.34,-1.3614,161318.76008969505,3906663.5011949367,9794811
300750.SZ,2020-11-30,127.55527769094509,127.55527769094509,122.33805772637284,126.92795665312077,126.50974262790456,0.8,0.3306,242291.94118397447,5790994.576874626,9812115
300750.SZ,2020-12-01,124.83688652703971,128.9406116494738,124.4186725018235,128.68968323434407,126.92795665312077,3.37,1.388,181571.54811042454,4426214.746487741,9825009
300750.SZ,2020-12-02,128.60081275398562,128.60081275398562,123.68679795769512,127.3932197561738,128.68968323434407,-2.48,-1.0074,228883.95469404027,5505887.719594179,9851265
300750.SZ,2020-12-03,127.3932197561738,129.10789725956027,124.61209648848599,128.59558507867044,127.3932197561738,2.3,0.9438,204461.07218855887,4972379.452183376,9869780
300750.SZ,2020-12-04,128.10941127435657,131.37148067104306,127.73824632697719,130.54550797124102,128.59558507867044,3.73,1.5163,176632.6989196731,4402776.414416185,9895909
300750.SZ,2020-12-07,131.16237365843494,138.44452537251223,131.16237365843494,136.68279879128895,130.54550797124102,11.74,4.7013,327353.03874426946,8522711.45654973,9907330
300750.SZ,2020-12-08,138.79477961863083,141.0897290820048,138.27201208711057,139.07184641033655,136.68279879128895,4.57,1.7479,222587.61874825592,5937991.13723201,9933910
300750.SZ,2020-12-09,140.4833187454413,142.50642909242472,137.0069146608315,139.05616338439097,139.07184641033655,-0.03,-0.0113,293890.65069364157,7877465.06754953,9939741
300750.SZ,2020-12-10,137.5662759195582,139.84031468167137,135.3967906637491,138.43929769719705,139.05616338439097,-1.18,-0.4436,191015.38251544745,5035754.212478174,9968594
300750.SZ,2020-12-11,137.64991872460143,139.85077003230177,136.80826299885382,139.34891320204233,138.43929769719705,1.74,0.6571,246642.57480765396,6546802.105415985,9984141
300750.SZ,2020-12-14,139.3541408773575,140.4833187454413,137.01737001146194,139.05616338439097,139.34891320204233,-0.56,-0.2101,205141.2024157863,5458695.071787124,9994127
300750.SZ,2020-12-15,140.1016984474315,146.04556528081693,138.24587371053454,145.5907575283943,139.05616338439097,12.5,4.6992,340137.0576380306,9265881.553342434,10020123
300750.SZ,2020-12-16,146.47946233197874,149.66834427425238,144.8066062311139,149.54288006668753,145.5907575283943,7.56,2.7145,273329.9629081124,7711288.897909905,10031866
300750.SZ,2020-12-17,148.5705324580598,150.45249557153278,147.42567156403044,148.88942065228719,149.54288006668753,-1.25,-0.437,168570.64505082715,4799325.169839346,10038474
300750.SZ,2020-12-18,149.25013024903618,153.14474835886216,148.05822027716997,151.59735646556217,148.88942065228719,5.18,1.8188,181966.50377915087,5256006.9253143305,9873501
300750.SZ,2020-12-21,155.13126497863917,169.8994477440867,153.32771699489425,169.8994477440867,151.59735646556217,35.01,12.0728,378952.3221227825,11668250.505652381,9883289
300750.SZ,2020-12-22,167.28038241117017,172.68579868708972,162.94663957486716,163.96080858601647,169.8994477440867,-11.36,-3.4954,322789.7484552521,10286785.715940204,9903315
300750.SZ,2020-12-23,163.9764916119621,172.14734812962385,160.58373033239556,166.24007502344483,163.96080858601647,4.36,1.3901,332658.76228822005,10594994.092102053,9924795
300750.SZ,2020-12-24,165.71730749192457,166.58510159424821,161.2737834740023,162.58070230280296,166.24007502344483,-7.0,-2.2013,181315.69824995016,5661062.033431333,9945349
300750.SZ,2020-12-25,161.53516723976244,164.77632593518808,159.97209232051682,163.51645618422427,162.58070230280296,1.79,0.5756,182489.03049232607,5676619.977468805,9959792
300750.SZ,2020-12-28,164.77632593518808,167.28561008648538,162.58070230280296,165.6022986349901,163.51645618422427,3.99,1.2756,229032.24240382697,7235099.746919473,9965507
300750.SZ,2020-12-29,165.60752631030533,166.65828904866106,158.59721371261853,161.01239970824216,165.6022986349901,-8.78,-2.7716,232891.10868447277,7190955.211139126,9986691
300750.SZ,2020-12-30,167.28561008648538,181.8917349171616,167.28561008648538,177.7409607168907,161.01239970824216,32.0,10.3896,437702.81473789114,14631101.46637612,10009172
300750.SZ,2020-12-31,180.34434302386165,185.0074294050224,178.63489319579034,183.54890799208087,177.7409607168907,11.11,3.2676,290770.181457046,10107111.464314729,10014288
300750.SZ,2021-01-04,187.20305303740756,214.9149598832969,187.20305303740756,211.2503594873398,183.54890799208087,52.99,15.0921,430034.49228423357,16617518.269998401,10041678
300750.SZ,2021-01-05,206.4931749505054,211.09352922788372,201.7934948421382,210.15254767114723,211.2503594873398,-2.1,-0.5197,435092.07493920665,17243878.216354992,10066909
300750.SZ,2021-01-06,213.28915286026884,217.47129311243097,204.4073324997395,212.64614879649892,210.15254767114723,4.77,1.1866,357101.6345585011,14301270.47725832,10082305
300750.SZ,2021-01-07,209.54098676669793,216.86204022090234,207.39326872981138,215.93711055538188,212.56137855579865,6.46,1.5881,332775.48701694916,13518507.80906022,10093915
300750.SZ,2021-01-08,218.952276753152,222.08240596019587,207.66499947900382,211.375169323747,215.93711055538188,-8.73,-2.1126,401996.32292123634,16332542.918124827,10112771
300750.SZ,2021-01-11,214.18653745962277,214.18653745962277,201.7078253620923,203.79806189434197,211.375169323747,-14.5,-3.5847,440237.9854157528,17411799.563578267,10115040
300750.SZ,2021-01-12,201.4465457955611,211.32291341044075,198.57247056371781,209.63504741064915,203.79806189434197,11.17,2.8641,316895.6382592223,12476820.50027677,10141998
300750.SZ,2021-01-13,209.02365322496613,214.5105241221215,194.90410544961966,201.18526622902988,209.63504741064915,-16.17,-4.0307,521701.0913240279,20350001.52744407,10160652
300750.SZ,2021-01-14,196.0641867250182,200.66270709596748,192.31221214963008,192.82954569136186,201.18526622902988,-15.99,-4.1532,375202.8767557328,13999006.906891525,10176738
300750.SZ,2021-01-15,192.2965353756382,200.65225591330625,190.7340835677816,198.85987808690214,192.82954569136186,11.54,3.1273,379343.25028115656,14237421.044388037,10180189
300750.SZ,2021-01-18,196.86892778993433,204.73866833385432,196.3620454308638,200.61045118266122,198.85987808690214,3.35,0.8803,271762.1241595214,10469986.242392424,10203294
300750.SZ,2021-01-19,200.66270709596748,201.7078253620923,190.4989319579035,191.31412420548088,200.61045118266122,-17.79,-4.634,311671.15776071785,11645940.862874776,10211530
300750.SZ,2021-01-20,195.33260393873084,205.56431176409293,193.82240804418046,204.52964468062933,191.31412420548088,25.29,6.9078,408405.7028135593,15796347.635577668,10223969
300750.SZ,2021-01-21,202.2303844951547,208.5010940919037,198.57247056371781,204.4773887673231,204.52964468062933,-0.1,-0.0255,334491.63729212363,13073583.301402194,10244275
300750.SZ,2021-01-22,204.5819005939356,214.39556111284773,204.5819005939356,213.20412628946545,204.4773887673231,16.7,4.2678,364440.20963509474,14615693.250332603,10010526
300750.SZ,2021-01-25,212.31577576325935,218.6073877253308,205.02085026570802,207.42984786912575,213.20412628946545,-11.05,-2.7083,416056.7412263211,16769258.287852645,10033609
300750.SZ,2021-01-26,207.356689590497,207.356689590497,200.53729290403248,201.4465457955611,207.42984786912575,-11.45,-2.8845,289046.21590827516,11201629.439898904,10047164
300750.SZ,2021-01-27,204.8431801604668,205.47025112014168,194.3919974992185,204.0697926435344,201.4465457955611,5.02,1.3022,283958.50462013955,10919144.031721437,10067323
300750.SZ,2021-01-28,198.57247056371781,200.14537355423568,192.30176096696883,193.2946233197874,204.0697926435344,-20.62,-5.2801,347942.0002372881,12998361.575260619,10080835
300750.SZ,2021-01-29,196.48745962279878,197.00479316453058,179.00785662186098,185.0434146087319,193.2946233197874,-15.79,-4.2687,528195.2654476571,18938231.813121837,10098074
300750.SZ,2021-02-01,184.4633739710326,186.50135458997602,180.90997186620817,183.06814108575594,185.0434146087319,-3.78,-1.0675,335370.2938325025,11808528.110182254,10115214
300750.SZ,2021-02-02,183.9460404293008,193.34165364176303,176.29577472126707,192.19724914035635,183.06814108575594,17.47,4.9867,480069.59237288137,17068697.413685143,10133287
300750.SZ,2021-02-03,198.0499114306554,202.52301760966967,195.98580285505886,199.084578514119,192.19724914035635,13.18,3.5835,403921.63612761715,15467381.95854018,10149366
300750.SZ,2021-02-04,201.13823590705428,205.78378659997915,198.3111909971866,203.01422319474835,199.084578514119,7.52,1.9739,413927.77642671985,15988063.624566102,10170338
300750.SZ,2021-02-05,206.41085755965403,207.45075023444826,194.83617276232155,195.149708242159,203.01422319474835,-15.05,-3.8739,352337.06264207384,13464979.52253679,10193619
300750.SZ,2021-02-08,195.95967489840575,211.5319370636657,194.91978222361152,211.1138897572158,195.149708242159,30.55,8.1805,466983.6666520439,18345504.450029314,10216361
300750.SZ,2021-02-09,214.87631551526516,216.86204022090234,209.44170053141605,214.35375638220276,211.1138897572158,6.2,1.5347,310084.44738185446,12691596.220188634,10231432
300750.SZ,2021-02-10,216.33425549650931,217.69813483380221,212.15900802334062,215.63925184953632,214.35375638220276,2.46,0.5997,311600.2758305085,12830345.026615754,10243454
300750.SZ,2021-02-18,220.51995415233927,220.51995415233927,202.16767739918723,207.45597582577886,215.63925184953632,-15.66,-3.7949,455927.9035154537,18163482.86054417,10249002
300750.SZ,2021-02-19,203.79806189434197,206.93341669271646,195.5416275919558,202.49166406168592,207.45597582577886,-9.5,-2.3929,357669.6457387837,13701527.587969292,10278071
300750.SZ,2021-02-22,202.49166406168592,206.82890486610398,195.9074189850995,195.95967489840575,202.49166406168592,-12.5,-3.2258,319970.50557726825,12268926.003507877,10291412
300750.SZ,2021-02-23,193.34687923309366,196.76441596332188,188.58113993956442,196.76441596332188,195.95967489840575,1.54,0.4107,260348.44937587238,9621414.052291527,10309065
300750.SZ,2021-02-24,195.95967489840575,197.52735229759298,177.35656976138375,181.32801917265812,196.76441596332188,-29.54,-7.8451,579304.4668953142,20441736.01444666,10323142
300750.SZ,2021-02-25,184.90754923413567,184.90754923413567,175.05730957590913,176.15468375534022,181.32801917265812,-9.9,-2.853,470295.13877168496,16162171.007335994,10343382
300750.SZ,2021-02-26,168.78659997916014,174.0121913097843,166.06406689590497,168.38422944670208,176.15468375534022,-14.87,-4.4112,439196.8974975075,14256577.544325823,10358456
300750.SZ,2021-03-01,173.23357820152128,180.60688756903198,171.54571220172969,180.07387725330832,168.38422944670208,22.37,6.9422,393054.11962911265,13328406.481354339,10376911
300750.SZ,2021-03-02,184.4633739710326,184.5678857976451,178.22401792226736,182.6866729186204,180.07387725330832,5.0,1.451,292428.7421874377,10159559.039542971,10035058
300750.SZ,2021-03-03,180.83158799624883,182.70234969261227,177.85822652912367,182.70234969261227,182.6866729186204,0.03,0.0086,200253.56630309075,6921853.157177468,10056234
300750.SZ,2021-03-04,180.28290090653329,180.28290090653329,168.73956965718455,170.12957695113056,182.70234969261227,-24.06,-6.8816,346437.40496709873,11451832.26428315,10075101
300750.SZ,2021-03-05,163.56623423986662,170.81412941544232,161.12065749713452,167.2189225799729,170.12957695113056,-5.57,-1.7108,331203.4926759721,10546374.431736792,10095295
300750.SZ,2021-03-08,168.78659997916014,174.91099301865165,157.22759195581952,159.38053558403666,167.2189225799729,-15.0,-4.6875,407523.52514057833,12920456.074381856,10112397
300750.SZ,2021-03-09,156.7677399187246,162.25461081587994,151.01958945503802,156.7677399187246,159.38053558403666,-5.0,-1.6393,523533.45811166504,15760388.19900658,10128290
300750.SZ,2021-03-10,165.12868604772325,168.4103574033552,163.561008648536,164.3448473481296,156.7677399187246,14.5,4.8333,454757.4905204387,14434728.320209173,10142977
300750.SZ,2021-03-11,165.12868604772325,174.26301969365426,162.6726581223299,173.11338960091692,164.3448473481296,16.78,5.3355,401184.85494915256,13068585.216334397,10160498
300750.SZ,2021-03-12,176.05539752005836,180.28290090653329,173.1238407835782,178.43304157549233,173.11338960091692,10.18,3.0729,362677.4426261217,12294371.732342573,10178984
300750.SZ,2021-03-15,177.6701052412212,177.6701052412212,160.4256538501615,163.1952172553923,178.43304157549233,-29.16,-8.5398,440913.7749631107,14086661.662309473,10194292
300750.SZ,2021-03-16,165.65124518078565,169.82649265395435,163.8222882150672,168.78659997916014,163.1952172553923,10.7,3.4262,262408.5224506481,8389833.54153021,10209410
300750.SZ,2021-03-17,166.11109721788057,175.684380535584,163.61326456184224,174.0121913097843,168.78659997916014,10.0,3.096,280783.11279361916,9242605.264011566,10229774
300750.SZ,2021-03-18,174.5347504428467,179.2952641450453,174.2786964676461,175.47535688235905,174.0121913097843,2.8,0.8408,217524.77912662015,7350175.015582851,10248164
300750.SZ,2021-03-19,169.83171824528497,174.00696571845367,162.51589038241116,165.38996561425444,175.47535688235905,-19.3,-5.7475,363051.54382851446,11580516.93314716,10265482
300750.SZ,2021-03-22,166.69636344691048,167.7414817130353,156.18769928102532,160.84370115661144,165.38996561425444,-8.7,-2.7488,443430.8298125623,13658933.084129013,10285892
300750.SZ,2021-03-23,159.38053558403666,162.32776909450868,156.83044701469208,158.81094612899864,160.84370115661144,-3.89,-1.2638,289286.36097906285,8809691.867829513,10304191
300750.SZ,2021-03-24,159.38053558403666,159.43279149734292,148.92935292278835,150.90985203709494,158.81094612899864,-15.12,-4.9752,482398.72590628115,14035113.639711266,10322731
300750.SZ,2021-03-25,146.5830624153381,153.29272168385955,146.3426852141294,152.35211524434717,150.90985203709494,2.76,0.9557,352876.5996669991,10107026.008804187,10338462
300750.SZ,2021-03-26,154.1549442534125,164.10969573825153,153.10982598728768,163.8849953110347,152.35211524434717,22.07,7.5699,453734.00826520444,13955249.939395813,10356124
300750.SZ,2021-03-29,163.8222882150672,167.09873397936855,159.3857611753673,162.82942586224863,163.8849953110347,-2.02,-0.6441,297827.4039302094,9321563.905033102,10373893
300750.SZ,2021-03-30,162.83465145357923,167.73103053037408,160.94821298322393,166.68591226424925,162.82942586224863,7.38,2.3684,241893.88722233303,7660665.721293321,10388735
300750.SZ,2021-03-31,166.6388819422736,170.4378868396374,163.561008648536,168.35287589871834,166.68591226424925,3.19,1.0001,307229.4020757727,9824347.472244466,10406820
300750.SZ,2021-04-01,169.2046472856101,175.31336355110972,168.94336771907888,172.43928831926644,168.35287589871834,7.82,2.4273,216890.53511665008,7160362.405441077,10061470
300750.SZ,2021-04-02,173.98606335313116,175.67392935292278,170.81412941544232,173.69865582994683,172.43928831926644,2.41,0.7303,177260.14940578266,5883689.774938386,10077274
300750.SZ,2021-04-06,175.05730957590913,176.62498697509636,166.74339376888608,170.24976555173492,173.69865582994683,-6.6,-1.9856,200241.77816350947,6548299.366516451,10091000
300750.SZ,2021-04-07,173.9651609878087,173.9651609878087,163.11683338543293,167.2189225799729,170.24976555173492,-5.8,-1.7802,256299.1660199402,8124400.2858005995,10108683
300750.SZ,2021-04-08,164.08356778159842,168.08637074085652,162.51589038241116,167.14053871001354,167.2189225799729,-0.15,-0.0469,150623.58500697906,4797714.100426122,10127822
300750.SZ,2021-04-09,169.31438470355317,169.31438470355317,161.99333124934876,163.0384495154736,167.14053871001354,-7.85,-2.4543,178423.55840877368,5585431.2657308085,10147116
300750.SZ,2021-04-12,166.3096696884443,169.8526206106075,163.61326456184224,164.61135250599145,163.0384495154736,3.01,0.9647,269051.7706121635,8580024.579657428,10163481
300750.SZ,2021-04-13,163.71777638845472,174.0121913097843,163.61326456184224,169.70630405334998,164.61135250599145,9.75,3.0951,268315.87303489534,8722824.493157528,10183495
300750.SZ,2021-04-14,173.1029384182557,181.5840731478587,171.75473585495467,180.8054600395957,169.70630405334998,21.24,6.5402,354110.0677268196,12047839.71357368,10201232
300750.SZ,2021-04-15,177.6492028758987,178.45394394081484,174.10102636240492,176.10242784203396,180.8054600395957,-9.0,-2.6012,238712.4482333001,8042732.269111466,10218473
300750.SZ,2021-04-16,177.6701052412212,177.87912889444615,169.62269459206001,174.4511409815567,176.10242784203396,-3.16,-0.9377,220764.85262811568,7337518.124560319,10234387
300750.SZ,2021-04-19,175.05730957590913,190.47280400125038,173.14996874023132,190.21152443471917,174.4511409815567,30.16,9.0343,393212.5705962114,13875795.413825326,10252796
300750.SZ,2021-04-20,187.06571845368344,192.71458268208815,184.7246535375638,187.5987287694071,190.21152443471917,-5.0,-1.3736,273336.22352542373,9864000.852482155,10271002
300750.SZ,2021-04-21,183.50186516619777,187.02391372303842,181.74606647910804,185.8690580389705,187.5987287694071,-3.31,-0.922,237286.88708075773,8368473.137905484,10287815
300750.SZ,2021-04-22,191.256642700844,191.57017818068147,184.79258622486194,189.3545274564968,185.8690580389705,6.67,1.8752,206509.56642472584,7476895.937312663,10305591
300750.SZ,2021-04-23,189.3545274564968,194.91455663228092,188.12651349380013,194.13071793268728,189.3545274564968,9.14,2.5224,220770.00037088737,8142861.784968096,10324017
300750.SZ,2021-04-26,195.22809211211836,198.57247056371781,181.4325309992706,182.37313743878295,194.13071793268728,-22.5,-6.0565,490349.5772781655,17679826.742012963,10340746
300750.SZ,2021-04-27,182.89569657184535,183.3137438782953,177.80597061581742,182.164113785558,182.37313743878295,-0.4,-0.1146,290512.17440279166,10034653.003325624,10359541
300750.SZ,2021-04-28,184.4685995623632,195.95967489840575,183.94081483797018,191.79487860789828,182.164113785558,18.43,5.2869,452247.65016550355,16453312.999455435,10377622
300750.SZ,2021-04-29,193.7701521308742,199.5653329165364,192.23382827967072,198.5672449723872,191.79487860789828,12.96,3.531,346110.4945962114,13024611.636032902,10399613
300750.SZ,2021-04-30,194.91455663228092,204.8431801604668,192.25995623632386,202.84177868083776,198.5672449723872,8.18,2.1527,494969.93475972087,18938653.18361575,10417442
300750.SZ,2021-05-06,203.79806189434197,203.79806189434197,192.56304053350004,200.66270709596748,202.84177868083776,-4.17,-1.0743,362983.34102093725,13775498.506386641,10433439
300750.SZ,2021-05-07,200.66270709596748,202.51779201833907,191.3245753881421,191.92551839116388,200.66270709596748,-16.72,-4.3542,289699.82614755735,10880121.397325026,10251067
300750.SZ,2021-05-10,190.62957174116912,195.4318901740127,188.1212879024695,192.41149838491194,191.92551839116388,0.93,0.2532,238351.58955134597,8752673.641345963,10267000
300750.SZ,2021-05-11,189.16640616859434,193.2946233197874,184.4633739710326,191.57017818068147,192.41149838491194,-1.61,-0.4373,218388.37517048855,7927228.954402792,10284234
300750.SZ,2021-05-12,191.77920183390643,192.8608992393456,185.81680212566425,188.90512660206312,191.57017818068147,-5.1,-1.3912,255667.90731804588,9210048.770547757,10299995
300750.SZ,2021-05-13,185.14270084401375,187.48376576013334,182.73892883192661,183.47051161821403,188.90512660206312,-10.4,-2.8769,217154.46696909273,7688271.427685743,10317141
300750.SZ,2021-05-14,184.73510472022505,188.38256746900072,179.32661769302908,187.5987287694071,183.47051161821403,7.9,2.2501,337907.4038285145,11919947.435414955,10334010
300750.SZ,2021-05-17,188.1212879024695,196.41952693550067,188.11606231113888,195.00861727623214,187.5987287694071,14.18,3.9499,369927.8565224327,13725269.949771088,10349013
300750.SZ,2021-05-18,194.3919974992185,198.15442325726787,191.4970199020527,192.8765760133375,195.00861727623214,-4.08,-1.0933,171502.31300099703,6360527.095797608,10366807
300750.SZ,2021-05-19,191.5179222673752,198.57247056371781,189.68896530165676,195.98580285505886,192.8765760133375,5.95,1.612,224786.71325024928,8434992.666128615,10382234
300750.SZ,2021-05-20,197.4228404709805,200.6052255913306,193.3991351463999,197.39148692299676,195.98580285505886,2.69,0.7172,245789.77167098704,9260316.044312663,10397882
300750.SZ,2021-05-21,200.0199593623007,202.3767010524122,192.8086433260394,196.2575336042513,197.39148692299676,-2.17,-0.5745,268995.3368075773,10174508.138134398,10415126
300750.SZ,2021-05-24,198.57247056371781,203.04035115140147,196.5762946754194,202.73204126289463,196.2575336042513,12.39,3.299,324578.5390947159,12507597.066951148,10434290
300750.SZ,2021-05-25,203.505428779827,206.93341669271646,201.55105762217357,206.6878139001771,202.73204126289463,7.57,1.9512,286239.4713559322,11255660.492489133,10451792
300750.SZ,2021-05-26,206.41085755965403,209.01320204230487,201.0075961237887,201.40474106491612,206.6878139001771,-10.11,-2.5561,243012.6888334995,9438635.130334398,10464805
300750.SZ,2021-05-27,202.49688965301655,203.79806189434197,199.5392049598833,200.66270709596748,201.40474106491612,-1.42,-0.3684,152324.1580977069,5881579.364976671,10475790
300750.SZ,2021-05-28,203.79806189434197,220.25867458580805,203.79806189434197,214.04022090236532,200.66270709596748,25.6,6.6667,530371.5741714856,21713509.180299304,10490604
300750.SZ,2021-05-31,217.38459935396477,227.61108158799624,216.33948108783994,226.8429196623945,214.04022090236532,24.5,5.9814,382852.5947437687,16342808.014762912,10508513
300750.SZ,2021-06-01,219.47483588621444,225.222986349901,217.65633010315722,222.26530165676772,226.8429196623945,-8.76,-2.018,303800.2016530409,12874970.188677967,10526071
300750.SZ,2021-06-02,224.23012399708242,226.6286704178389,219.09336771907886,221.82635198499528,222.26530165676772,-0.84,-0.1975,221433.61904685944,9440787.131761316,10543800
300750.SZ,2021-06-03,222.61019068458893,223.8016255079712,214.24924455559028,216.7470772116286,221.82635198499528,-9.72,-2.2898,236834.26844865407,9882963.158129612,10559525
300750.SZ,2021-06-04,218.952276753152,229.66473898093153,216.94564968219234,225.8552829009065,216.7470772116286,17.43,4.2022,344652.8605184447,14860970.817770489,10575928
300750.SZ,2021-06-07,221.48668854850473,221.55984682713347,209.02365322496613,212.94284672293423,225.8552829009065,-24.71,-5.7171,412000.20510269195,16864402.260762714,10594055
300750.SZ,2021-06-08,211.1138897572158,222.00924768156716,211.1138897572158,214.03499531103466,212.94284672293423,2.09,0.5129,318273.83635094715,13180582.812964309,10392727
300750.SZ,2021-06-09,213.72668542252785,217.38459935396477,210.59133062415336,213.92003230176095,214.03499531103466,-0.22,-0.0537,179084.7850109671,7327663.603465604,10408768
300750.SZ,2021-06-10,214.29627487756588,232.3611441075336,214.29627487756588,227.11987600291755,213.92003230176095,25.26,6.1705,370297.4414895314,16075121.846538784,10428440
300750.SZ,2021-06-11,231.49369594664998,239.2484734812962,224.73178076482233,236.18627696155048,227.11987600291755,17.35,3.9919,378829.1457846461,16871715.815838486,10442800
300750.SZ,2021-06-15,236.71928727727413,238.2347087631551,227.57450244868187,232.5388142127748,236.18627696155048,-6.98,-1.5443,196191.25092921237,8730386.825819941,10459064
300750.SZ,2021-06-16,230.40154735854955,231.91174325309993,217.9123840783578,219.56889653016566,232.5388142127748,-24.82,-5.5775,267326.0137686939,11461829.173091127,10478268
300750.SZ,2021-06-17,221.6957122017297,228.7450349067417,221.6957122017297,227.05716890695007,219.56889653016566,14.33,3.4104,196578.6711984048,8484124.826252842,10494772
300750.SZ,2021-06-18,228.45762738355734,237.86891737001145,228.45762738355734,235.15160987808687,227.05716890695007,15.49,3.5649,298531.6113140579,13397728.180484748,10510131
300750.SZ,2021-06-21,236.09221631759925,238.2347087631551,230.04098155673648,236.61477545066165,235.15160987808687,2.8,0.6222,231214.29203988038,10433615.00744985,10527432
300750.SZ,2021-06-22,235.24567052203813,237.23662081900594,230.04098155673648,235.27179847869124,236.61477545066165,-2.57,-0.5676,169301.50944167498,7590274.769011167,10544917
300750.SZ,2021-06-23,237.28365114098153,246.65313639679064,235.93544857768052,244.79282588308845,235.27179847869124,18.22,4.0468,238168.24188035895,11049745.884568296,10564060
300750.SZ,2021-06-24,247.23840262582056,248.15288110867976,241.4275450661665,244.1918828800667,244.79282588308845,-1.15,-0.2455,176310.11338384848,8232922.652767298,10581037
300750.SZ,2021-06-25,247.17046993852244,249.2607064707721,239.85464207564863,248.85833593831404,244.1918828800667,8.93,1.911,190514.97467198406,8967831.696934994,10596790
300750.SZ,2021-06-28,248.85311034698344,262.8367927477337,244.71966760445972,258.0919558195269,248.85833593831404,17.67,3.7104,280234.8303469591,13824407.390344368,10613855
300750.SZ,2021-06-29,268.4124986975096,271.521725539231,263.4847660727311,265.7265447535688,258.0919558195269,14.61,2.9581,293558.7387038883,14992917.546164507,10628723
300750.SZ,2021-06-30,265.9878243201,283.2270501198291,260.23444826508285,279.46462436177967,265.7265447535688,26.29,5.17,276632.46291924233,14495210.527868196,10645415
300750.SZ,2021-07-01,280.50974262790453,282.18193185370427,270.69085651766176,276.6950609565489,279.46462436177967,-5.3,-0.991,216716.14336989034,11476071.203378465,10662754
300750.SZ,2021-07-02,273.8889184120037,279.6527456496822,266.3274877565906,271.5164999479004,276.6950609565489,-9.91,-1.8716,265457.3831425723,13860344.812182056,10679423
300750.SZ,2021-07-05,269.38626654162755,276.5420027091799,265.76132124622274,271.61981869334164,271.6616651036782,-0.08,-0.0154,274365.2109621514,14158904.663855975,10699563
300750.SZ,2021-07-06,272.0016671876628,282.97065749713454,262.53914765030737,269.50657497134523,271.61981869334164,-4.04,-0.778,345177.32545816735,17962707.014398806,10719964
300750.SZ,2021-07-07,272.0016671876628,283.7709700948213,265.26962592476815,283.7709700948213,269.50657497134523,27.27,5.2928,346900.78989442234,18456563.37898984,10737104
300750.SZ,2021-07-08,288.2119203917891,298.94029384182556,283.84420131291023,292.48548504741063,283.7709700948213,16.66,3.071,303567.4863824701,16992291.53948964,10753763
300750.SZ,2021-07-09,292.39656142544544,292.39656142544544,279.61248306762525,285.53898093154106,292.48548504741063,-13.28,-2.375,299394.4737250996,16290480.511881873,10437918
300750.SZ,2021-07-12,290.89009065332914,301.8172345524643,290.89009065332914,295.9535063040533,285.53898093154106,19.91,3.6473,295868.8570996016,16770860.453633666,10457669
300750.SZ,2021-07-13,292.92487235594456,303.1772428884026,288.7402313222882,294.49934354485777,295.9535063040533,-2.78,-0.4913,260706.9976195219,14680328.839179682,10477887
300750.SZ,2021-07-14,290.3094717099093,293.9082629988538,282.9863499010107,288.41069084088775,294.49934354485777,-11.64,-2.0675,240648.99997410362,13316324.232310757,10495896
300750.SZ,2021-07-15,285.0786704178389,297.5698239033031,283.01250390747106,297.1095133896009,288.41069084088775,16.63,3.0161,262547.6716314741,14583827.914786853,10516356
300750.SZ,2021-07-16,296.58643326039385,296.58643326039385,276.2543086381161,277.7555486089403,297.1095133896009,-37.0,-6.5141,341238.2157788845,18581262.51466315,10533758
300750.SZ,2021-07-19,282.46326977180365,283.3420443888715,269.9093466708346,273.83244763988745,277.7555486089403,-7.5,-1.4124,344363.0142729084,18113426.983669125,10551887
300750.SZ,2021-07-20,269.38626654162755,282.0814212774825,269.38626654162755,276.2072314264874,273.83244763988745,4.54,0.8672,248538.34573505976,13132208.784939444,10569526
300750.SZ,2021-07-21,277.24293008231734,290.87439824945295,275.1453787641971,290.7174742106908,276.2072314264874,27.74,5.2534,348032.9300139442,18885497.755335063,10588760
300750.SZ,2021-07-22,291.14639991664063,294.85503803271854,285.4395957069918,291.39747837866,290.7174742106908,1.3,0.2339,208067.52908964144,11523013.357699601,10606076
300750.SZ,2021-07-23,290.3094717099093,295.01196207148064,285.6017505470459,286.13006147754504,291.39747837866,-10.07,-1.8076,178421.47844820717,9859677.984362151,10623357
300750.SZ,2021-07-26,284.55559028863183,289.22669584245074,273.3093675106804,282.3481921433781,286.13006147754504,-7.23,-1.3217,243346.65549800798,13099946.561509961,10644481
300750.SZ,2021-07-27,284.0429717620089,292.5011774512869,258.9246639574867,258.9246639574867,282.3481921433781,-44.78,-8.296,341172.069125498,18007399.132670317,10662293
300750.SZ,2021-07-28,259.4477440866937,278.95863290611646,259.4477440866937,274.64322184015833,258.9246639574867,30.05,6.0707,415323.42344820715,21453056.941794623,10681776
300750.SZ,2021-07-29,285.6017505470459,291.74271126393666,276.7093883505262,291.25101594248196,274.64322184015833,31.75,6.047,355973.1666394422,19438158.82743167,10698999
300750.SZ,2021-07-30,295.54027300197976,304.53725122434093,282.46326977180365,287.9033031155569,291.25101594248196,-6.4,-1.1494,385811.11904581677,21665602.964463346,10720497
300750.SZ,2021-08-02,291.3556319683234,300.76584349275817,278.7389392518495,288.7402313222882,287.9033031155569,1.6,0.2907,349798.7780139442,19369560.230397608,10739165
300750.SZ,2021-08-03,290.3094717099093,290.8325518391164,273.5709075752839,277.7555486089403,288.7402313222882,-21.0,-3.8043,233966.21887649404,12493484.982705778,10759823
300750.SZ,2021-08-04,279.3247889965614,298.67352297593,274.617067833698,297.63259351880794,277.7555486089403,38.0,7.1563,332653.2595756972,18442990.737622708,10776877
300750.SZ,2021-08-05,296.06335313118683,296.06335313118683,285.87898301552565,291.3556319683234,297.63259351880794,-12.0,-2.109,248130.87470318726,13760647.231833467,10793831
300750.SZ,2021-08-06,295.4304261748463,296.58643326039385,281.94018964259664,284.49282067312697,291.3556319683234,-13.12,-2.3555,274742.70570717135,15137995.157651594,10805773
300750.SZ,2021-08-09,278.2786287381473,278.5401688027508,263.10407418985096,269.9093466708346,284.49282067312697,-27.88,-5.1261,355263.179814741,18227100.79706773,10459702
300750.SZ,2021-08-10,267.29917682609147,271.5779722830051,261.0169844743149,267.0324059601959,269.9093466708346,-5.5,-1.0659,344437.7255796813,17498048.675401196,10484513
300750.SZ,2021-08-11,266.77086589559235,273.5709075752839,264.0926956340523,270.5631968323434,267.0324059601959,6.75,1.3222,214812.86274501993,11069238.351258766,10504963
300750.SZ,2021-08-12,267.8222569552985,268.3348754819214,258.4015838282796,262.586224861936,270.5631968323434,-15.25,-2.9483,327219.159059761,16439665.073945615,10524498
300750.SZ,2021-08-13,251.07846201938105,277.18016046681254,251.07846201938105,262.6123788683964,262.586224861936,0.05,0.01,530048.1026115539,26927899.192715738,10541799
300750.SZ,2021-08-16,258.4015838282796,263.5748463061373,245.78489111180576,249.5092216317599,262.6123788683964,-25.05,-4.9895,421426.44633466133,20303701.56882072,10561296
300750.SZ,2021-08-17,253.69386266541625,258.8200479316453,249.6347608627696,251.07846201938105,249.5092216317599,3.0,0.6289,298436.8384183267,14502724.744103786,10579290
300750.SZ,2021-08-18,254.49940606439512,263.05699697822234,249.7236844847348,258.9246639574867,251.07846201938105,15.0,3.125,305067.61983466137,15030022.403867928,10600772
300750.SZ,2021-08-19,262.586224861936,266.62963426070644,253.1707825362092,263.10930499114306,258.9246639574867,8.0,1.6162,276315.5622430279,13793783.30799502,10619006
300750.SZ,2021-08-20,261.0169844743149,261.12160050015626,252.38616234239865,258.45912264249245,263.10930499114306,-8.89,-1.7674,239496.88203585657,11777695.601511752,10643035
300750.SZ,2021-08-23,264.15546524955715,273.6859852037095,262.5914556632281,272.9955194331562,258.45912264249245,27.79,5.6243,310171.044436255,15982107.853481475,10662735
300750.SZ,2021-08-24,270.11857872251744,282.51557778472437,269.4490361571324,273.5709075752839,272.9955194331562,1.1,0.2108,254525.2869800797,13403734.453894423,10681177
300750.SZ,2021-08-25,274.093987704491,278.3832447639887,267.3985620506408,277.3580077107429,273.5709075752839,7.24,1.3843,182196.69354382472,9489687.303788247,10695995
300750.SZ,2021-08-26,282.45280816921957,292.3704074189851,272.46720850265706,272.5247473168698,277.3580077107429,-9.24,-1.7426,321141.1419023904,17112312.294426695,10710965
300750.SZ,2021-08-27,272.0016671876628,274.093987704491,262.586224861936,265.4631655725747,272.5247473168698,-13.5,-2.5912,228610.42376294822,11659588.295287648,10732968
300750.SZ,2021-08-30,265.4370115661144,275.03553193706364,260.9437532562259,264.2810044805668,265.4631655725747,-2.26,-0.4453,300419.23067928286,15364360.596498406,10751338
300750.SZ,2021-08-31,267.785641346254,267.785641346254,254.13848077524224,258.8566635406898,264.2810044805668,-10.37,-2.0525,282214.63932071713,13934638.727434661,10771215
300750.SZ,2021-09-01,257.3554235698656,258.4015838282796,246.63228092112118,255.63448994477437,258.8566635406898,-6.16,-1.2448,276490.62146414345,13393825.377424901,10788660
300750.SZ,2021-09-02,257.3554235698656,259.50528290090654,254.10186516619774,258.14004376367615,255.63448994477437,4.79,0.9801,219180.31979880476,10777726.2989253,10810540
300750.SZ,2021-09-03,260.4939043451078,263.5696155048452,251.53877253308323,254.47848285922683,258.14004376367615,-7.0,-1.4184,215684.41181474103,10559187.251813546,10827761
300750.SZ,2021-09-06,257.8785036990726,270.9555069292487,252.64770240700216,269.96165468375534,254.47848285922683,29.6,6.0843,282785.679938247,14283746.836887848,10847900
300750.SZ,2021-09-07,269.38626654162755,275.4853808481817,266.77086589559235,268.8684172137126,269.96165468375534,-2.09,-0.405,180129.80180079682,9303458.304518726,10618005
300750.SZ,2021-09-08,271.47858705845573,273.874294050224,261.5400646035219,263.10930499114306,268.8684172137126,-11.01,-2.142,186193.17493027888,9483361.102857968,10631822
300750.SZ,2021-09-09,266.5093258309888,271.46812545587164,256.72772741481714,265.3062415338126,263.10930499114306,4.2,0.835,210602.70472709162,10594685.294968328,10647411
300750.SZ,2021-09-10,258.1086589559237,263.51730749192456,256.6649577993123,262.6385328748567,265.3062415338126,-5.1,-1.0055,215969.51153784862,10754131.820162151,10665326
300750.SZ,2021-09-13,262.6385328748567,267.86933416692716,259.4477440866937,263.0046889653016,262.6385328748567,0.7,0.1394,171464.47550199204,8600847.946222112,10682775
300750.SZ,2021-09-14,265.26439512347605,282.9863499010107,263.0674585808065,277.18016046681254,263.0046889653016,27.1,5.3898,447037.76141235064,23604580.022409562,10704125
300750.SZ,2021-09-15,277.23246847973326,278.27339793685525,267.7176409294571,274.8001458789205,277.18016046681254,-4.55,-0.8587,200761.86063346613,10457581.725179283,10718275
300750.SZ,2021-09-16,273.5709075752839,273.5709075752839,260.4939043451078,260.4939043451078,274.8001458789205,-27.35,-5.2061,215271.1864063745,10921557.99850458,10734556
300750.SZ,2021-09-17,259.9708242159008,266.24778576638533,257.4234239866625,263.10930499114306,260.4939043451078,5.0,1.004,156645.9236832669,7828775.234126893,10750502
300750.SZ,2021-09-22,258.7154319058039,262.063144732729,255.3154110659581,258.0406585391268,263.10930499114306,-9.69,-1.9264,122809.4825498008,6062144.273778885,10765836
300750.SZ,2021-09-23,264.08223403146815,264.08223403146815,257.25080754402416,257.87327289778057,258.0406585391268,-0.32,-0.0649,152393.87915737054,7561937.229380677,10783187
300750.SZ,2021-09-24,258.8566635406898,268.083797019902,256.570803376055,261.5296030009378,257.87327289778057,6.99,1.4179,196193.49745816735,9856261.07383506,10802126
300750.SZ,2021-09-27,264.15546524955715,271.89705116182137,261.4302177763885,268.601646347817,261.5296030009378,13.52,2.7041,277132.76017529884,14226139.970716733,10817845
300750.SZ,2021-09-28,267.81702615400644,270.9293529227884,260.59852037094925,261.76498905908096,268.601646347817,-13.07,-2.5453,176311.5149103586,8951002.145881075,10836060
300750.SZ,2021-09-29,259.4477440866937,267.71241012816506,258.4015838282796,262.85299572783157,261.76498905908096,2.08,0.4156,179618.06376095617,9060136.673867332,10857115
300750.SZ,2021-09-30,264.15546524955715,278.5401688027508,262.5914556632281,274.99891632801916,262.85299572783157,23.22,4.6208,319534.88704183267,16626443.564552987,10874222
300750.SZ,2021-10-08,279.3247889965614,287.73068667291864,273.5185995623632,279.3247889965614,274.99891632801916,8.27,1.5731,239292.6876992032,12828775.440528885,10891963
300750.SZ,2021-10-11,279.84786912576845,281.2078774617068,270.9868917370011,272.5247473168698,279.3247889965614,-13.0,-2.4345,149707.2353306773,7861923.597124901,10911252
300750.SZ,2021-10-12,272.82813379180993,273.37213712618524,260.95421485881,264.15546524955715,272.5247473168698,-16.0,-3.071,183350.16882669323,9328455.698359363,10930246
300750.SZ,2021-10-13,264.15546524955715,273.3093675106804,263.6323851203501,273.1838282796707,264.15546524955715,17.26,3.4178,146292.00332270918,7552031.152451593,10948065
300750.SZ,2021-10-14,274.617067833698,279.7850995102636,274.617067833698,278.4355527769094,273.1838282796707,10.04,1.9224,149911.14290438246,7954936.111428885,10963340
300750.SZ,2021-10-15,278.2786287381473,302.7953943940815,276.2386162342399,297.63259351880794,278.4355527769094,36.7,6.8946,438772.1444282868,24513861.295856174,10775406
300750.SZ,2021-10-18,303.9095550692925,311.3582161092008,298.155673648015,311.2431384807752,297.63259351880794,26.02,4.5729,356928.41225498007,20902163.486069523,10795798
300750.SZ,2021-10-19,315.9403980410545,321.6838178597478,306.00187558612066,308.9311243096801,311.2431384807752,-4.42,-0.7428,288463.54807768925,17186685.264891036,10816377
300750.SZ,2021-10-20,311.23267687819106,320.84688965301655,307.04803584453475,308.3557361675523,308.9311243096801,-1.1,-0.1863,238330.27300996016,14231978.112579681,10835463
300750.SZ,2021-10-21,308.61727623215586,313.32499739501924,303.3864749400854,311.75575700739813,308.3557361675523,6.5,1.1026,193895.66595418326,11486695.126630876,10853339
300750.SZ,2021-10-22,316.97609669688444,316.97609669688444,308.7898926747942,314.58038970511615,311.75575700739813,5.4,0.906,210705.82468326692,12641453.650751593,10869531
300750.SZ,2021-10-25,320.1250390747108,327.0087735750755,315.58993435448576,319.48165051578616,314.58038970511615,9.37,1.558,268641.25045816734,16511790.71568466,10883868
300750.SZ,2021-10-26,332.55342294467016,333.97620089611337,311.7191413983536,312.7966864645201,319.48165051578616,-12.78,-2.0924,283468.8448685259,17350322.21116494,10902380
300750.SZ,2021-10-27,312.7966864645201,321.7152026675002,310.27544024174216,321.7152026675002,312.7966864645201,17.05,2.8512,259015.26828286852,15660613.798153985,10920184
300750.SZ,2021-10-28,326.9250807544024,332.1558820464728,315.3807023028029,317.61425445451704,321.7152026675002,-7.84,-1.2747,330405.74541035853,20360583.947520718,10936912
300750.SZ,2021-10-29,321.84597269980196,337.6429926018547,313.29361258726686,334.3632801917266,317.61425445451704,32.02,5.2734,387487.51612350595,24256321.335001197,10954777
300750.SZ,2021-11-01,335.2943628217151,355.17140773158275,330.1315619464416,340.00208398457846,334.3632801917266,10.78,1.6864,424020.2936713147,27725245.699898608,10972270
300750.SZ,2021-11-02,342.6174846306137,348.2458268208815,338.95592372616443,344.1867250182348,340.00208398457846,8.0,1.2308,251219.4263605578,16498567.259824304,10991054
300750.SZ,2021-11-03,340.52516411378554,343.1510263624049,328.4943211420235,334.77128269250807,344.1867250182348,-18.0,-2.7356,243951.7253187251,15609763.032631077,11007857
300750.SZ,2021-11-04,338.95592372616443,342.6174846306137,332.7051161821402,338.3543815775763,334.77128269250807,6.85,1.0703,175900.5644880478,11378454.786693227,11024634
300750.SZ,2021-11-05,334.248202563301,339.88700635615294,331.62757111597375,331.6798791288944,338.3543815775763,-12.76,-1.9726,163552.0931175299,10447956.97608466,11044972
300750.SZ,2021-11-08,333.2020423048869,347.8378243201,330.06356152964463,345.65134938001455,331.6798791288944,26.71,4.2123,234563.77550796812,15345260.570628287,11061266
300750.SZ,2021-11-09,349.28152547671147,349.4175263103053,341.63932478899653,346.94858810044803,345.65134938001455,2.48,0.3753,127601.53994223109,8436903.628302788,11079072
300750.SZ,2021-11-10,340.59316453058244,343.3864124205481,332.1558820464728,338.95592372616443,346.94858810044803,-15.28,-2.3037,243554.00422709162,15708221.727818128,11096624
300750.SZ,2021-11-11,340.52516411378554,347.9162863394811,340.0543919974992,343.0621027404397,338.95592372616443,7.85,1.2114,147231.9931494024,9690935.277324503,11117163
300750.SZ,2021-11-12,343.6636448890278,346.20581431697406,331.5909555069292,335.2943628217151,343.0621027404397,-14.85,-2.2642,218325.05886454185,13979314.188602392,10819297
300750.SZ,2021-11-15,335.28913202042304,335.28913202042304,318.0117953527144,324.30968010836716,335.2943628217151,-21.0,-3.2761,267790.692436255,16602482.107598007,10838072
300750.SZ,2021-11-16,324.30968010836716,326.9878503699072,317.5096384286756,321.6785870584558,324.30968010836716,-5.03,-0.8113,161227.93677490042,9945047.352278486,10854712
300750.SZ,2021-11-17,325.8789204959883,329.7654058559966,323.03336459310196,327.38539126810457,321.6785870584558,10.91,1.7741,144559.93599800795,9025968.560796216,10875260
300750.SZ,2021-11-18,327.38539126810457,333.0241950609565,320.95673648015,327.44816088360943,327.38539126810457,0.12,0.0192,143902.88561354583,8980459.288562749,10892725
300750.SZ,2021-11-19,330.06356152964463,334.248202563301,324.3358341148275,334.248202563301,327.44816088360943,13.0,2.0767,161672.93551792827,10215676.47216992,10911793
300750.SZ,2021-11-22,337.3814525372512,356.21756798999684,335.8749817651349,356.21756798999684,334.248202563301,42.0,6.5728,292670.0928824701,19529056.839696214,10931132
300750.SZ,2021-11-23,355.85664270084396,355.85664270084396,348.3713660518912,351.50984682713346,356.21756798999684,-9.0,-1.3216,189859.5156932271,12754027.808537452,10950939
300750.SZ,2021-11-24,350.55261019068456,353.4975513181202,340.1799312285089,344.60518912160046,351.50984682713346,-13.2,-1.9643,163461.64808366532,10808841.306151194,10970380
300750.SZ,2021-11-25,341.5713243721996,344.44826508283836,337.5383765760133,342.09440450140664,344.60518912160046,-4.8,-0.7286,111302.79425498008,7260987.982391235,10988696
300750.SZ,2021-11-26,340.52516411378554,349.8359904136709,340.52516411378554,344.1867250182348,342.09440450140664,4.0,0.6116,111841.79389243029,7389394.901808766,11007409
300750.SZ,2021-11-29,342.09440450140664,358.0483484422215,341.5713243721996,355.5898718349484,344.1867250182348,21.8,3.3131,219187.4697549801,14831599.93816016,11027342
300750.SZ,2021-11-30,358.18434927581535,358.65512139210165,352.2055433989788,355.6944878607898,355.5898718349484,0.2,0.0294,137419.30917729082,9319166.859558765,11048249
300750.SZ,2021-12-01,355.6944878607898,358.304657705533,347.38274460768986,351.50984682713346,355.6944878607898,-8.0,-1.1765,133527.74479482073,8979252.18478506,11065498
300750.SZ,2021-12-02,351.4993852245493,360.50682504949464,349.94060643951235,359.8791288944462,351.50984682713346,16.0,2.381,175478.96560159363,11983480.40385777,11080788
300750.SZ,2021-12-03,360.3812858184849,361.9714494112743,350.9867666979264,359.3560487652391,359.8791288944462,-1.0,-0.1453,154434.54164940238,10518079.678041633,11098913
300750.SZ,2021-12-06,353.65447535688236,355.79910388663126,343.14056475982073,343.81010732520576,359.3560487652391,-29.72,-4.3261,215286.61425298805,14356032.224706573,11118623
300750.SZ,2021-12-07,346.279045535063,346.8021256642701,320.22965510055224,329.0174012712306,343.81010732520576,-28.28,-4.3026,423245.8043007968,26599033.905363347,11137362
300750.SZ,2021-12-08,332.04603521933933,337.2716057101177,327.5789309159112,334.248202563301,329.0174012712306,10.0,1.5898,227242.4689123506,14492448.983852392,11156567
300750.SZ,2021-12-09,334.248202563301,334.77128269250807,325.8266124830676,331.52818589142436,334.248202563301,-5.2,-0.8138,256695.0692689243,16142676.21062271,11173973
300750.SZ,2021-12-10,325.47091799520683,341.75963321871416,324.92691466083147,334.74512868604774,331.52818589142436,6.15,0.9703,408817.25009163347,26264113.62218307,11192964
300750.SZ,2021-12-13,334.71897467958735,345.57811816192554,329.5823278107742,344.3750338647494,334.74512868604774,18.41,2.8768,307462.9889760956,19900951.255366135,10875600
300750.SZ,2021-12-14,343.8414921329582,343.8414921329582,336.8531416067521,340.5303949150776,344.3750338647494,-7.35,-1.1164,167872.55928286855,10904639.301911354,10896358
300750.SZ,2021-12-15,339.70392831093045,345.755965405856,338.406689590497,339.47900385537145,340.5303949150776,-2.01,-0.3088,134740.65647808765,8806576.271561354,10916518
300750.SZ,2021-12-16,343.8205689277899,343.8205689277899,338.47469000729393,342.6488694383661,339.47900385537145,6.06,0.9337,117577.0528565737,7681922.203948805,10935233
300750.SZ,2021-12-17,340.5303949150776,342.0891737001146,334.61435865374597,340.6245493383349,342.6488694383661,-3.87,-0.5908,260936.71385856572,16944588.993346617,10956533
300750.SZ,2021-12-20,339.47900385537145,339.47900385537145,317.8653329165364,319.18872564343025,340.6245493383349,-40.98,-6.2931,296538.7353466135,18445611.97082092,10977016
300750.SZ,2021-12-21,316.9865582994686,321.5321246222778,310.7514431593206,315.97701365009897,319.18872564343025,-6.14,-1.0062,240226.67462151396,14440723.451779483,10995170
300750.SZ,2021-12-22,318.45118266124825,322.74043972074605,315.4173179118474,319.20441804730643,315.97701365009897,6.17,1.0214,159857.72605577688,9756503.671314145,11015077
300750.SZ,2021-12-23,323.776138376576,329.95894550380325,320.16688548504743,325.3924559758258,319.20441804730643,11.83,1.9386,152401.48793426296,9472267.613206973,11032198
300750.SZ,2021-12-24,326.40200062519534,327.0558507867041,294.49411274356567,301.71261852662286,325.3924559758258,-45.27,-7.2773,470445.78117131477,27378786.767737053,11047204
300750.SZ,2021-12-27,300.3526101906846,307.5658851724497,299.98645410023965,302.6541627591956,301.71261852662286,1.8,0.3121,194684.18759163347,11309586.7930751,11066221
300750.SZ,2021-12-28,302.3403146816713,307.1944982807127,298.10859643638634,306.00187558612066,302.6541627591956,6.4,1.1061,184667.19457768925,10685380.533328686,11085500
300750.SZ,2021-12-29,306.00187558612066,306.51972491403563,298.04059601958943,301.0587683651141,306.00187558612066,-9.45,-1.6154,190486.3603804781,10956874.417478487,11102108
300750.SZ,2021-12-30,301.8172345524643,311.90745024486813,301.0692299676982,308.61727623215586,301.0587683651141,14.45,2.5106,237457.8062988048,13999936.72116992,11116777
300750.SZ,2021-12-31,312.9588413045743,316.9813274981765,304.4326351984995,307.57111597374177,308.61727623215586,-2.0,-0.339,179152.60926095617,10591893.307816733,11135746
300750.SZ,2022-01-04,316.9865582994686,317.5096384286756,293.4479524851516,297.5698239033031,307.57111597374177,-19.12,-3.2517,333731.75590637454,19071319.80356952,11155818
300750.SZ,2022-01-05,296.2725851828696,296.523663644889,282.46326977180365,286.3863707408565,297.5698239033031,-21.38,-3.7583,318457.5377629482,17526919.326677687,11175361
300750.SZ,2022-01-06,281.68388037928514,286.124830676253,278.1687819110138,283.232197561738,286.3863707408565,-6.03,-1.1014,265401.05855378485,14300009.742941834,11195778
300750.SZ,2022-01-07,287.6940710638741,290.8325518391164,276.18630822131917,282.41096175888293,283.232197561738,-1.57,-0.29,251767.698,13642205.590599801,11215386
300750.SZ,2022-01-10,279.8374075231843,287.1709909346671,274.21952693550065,281.6263415650724,282.41096175888293,-1.5,-0.2778,284142.0495657371,15225544.403824303,11234688
300750.SZ,2022-01-11,283.0438887152235,287.6417630509534,280.5854121079504,280.73710534542045,281.6263415650724,-1.7,-0.3158,161969.00870318725,8760986.011736056,10979114
300750.SZ,2022-01-12,288.2171511930812,298.1347504428467,288.16484318016046,295.56119620714804,280.73710534542045,28.34,5.2804,366371.4587868526,20557030.266664542,10998899
300750.SZ,2022-01-13,298.678753777222,304.4326351984995,290.1734708763155,295.54027300197976,295.56119620714804,-0.04,-0.0071,265728.7330159363,15149927.931717131,11020448
300750.SZ,2022-01-14,291.3870167760758,303.80493904345104,290.8325518391164,302.0264666041471,295.54027300197976,12.4,2.1947,222008.39511155378,12738248.310255777,11040275
300750.SZ,2022-01-17,308.02096488485984,318.29425862248615,302.75877878503695,317.43117640929455,302.0264666041471,29.45,5.1005,274390.92403984064,16424657.736519324,11061962
300750.SZ,2022-01-18,317.43117640929455,317.912410128165,306.5249557153277,306.9434198186933,317.43117640929455,-20.05,-3.3039,204589.5342310757,12130262.024326494,11088893
300750.SZ,2022-01-19,308.3557361675523,311.23267687819106,292.140252162134,298.1504428467229,306.9434198186933,-16.81,-2.8647,276964.0479741036,15817184.731414542,11111825
300750.SZ,2022-01-20,296.06335313118683,302.3403146816713,294.67719078878815,297.70059393560484,298.1504428467229,-0.86,-0.1509,154189.77991434262,8795795.20440717,11128703
300750.SZ,2022-01-21,294.49411274356567,303.1772428884026,288.7402313222882,297.8889027821194,297.70059393560484,0.36,0.0633,189596.1526015936,10745615.48633247,11141553
300750.SZ,2022-01-24,295.01719287277274,309.79943732416376,292.4070230280296,303.9043242680004,297.8889027821194,11.5,2.0194,221039.34663944223,12783366.839296017,11152881
300750.SZ,2022-01-25,299.8347608627696,305.1283317703449,295.54027300197976,295.854121079504,303.9043242680004,-15.39,-2.6489,137631.47552390437,7875842.493281473,11172826
300750.SZ,2022-01-26,299.09721788058766,308.9311243096801,296.3248931957903,307.30957590913823,295.854121079504,21.9,3.872,221833.62265338644,12844727.256577889,11193882
300750.SZ,2022-01-27,306.00187558612066,311.227446076899,298.155673648015,300.76584349275817,307.30957590913823,-12.51,-2.1294,247537.37098804783,14426293.069934461,11212965
300750.SZ,2022-01-28,311.0234448265083,315.9403980410545,298.3858289048661,309.9772845680942,300.76584349275817,17.61,3.0627,465162.6517888446,27521514.644082073,11228489
300750.SZ,2022-02-07,316.9865582994686,319.0684172137126,300.34214858810043,303.0935500677295,309.9772845680942,-13.16,-2.2207,277755.896061753,16418893.740084264,11246314
300750.SZ,2022-02-08,303.0935500677295,303.0935500677295,272.95367302281966,282.9131186829217,303.0935500677295,-38.58,-6.6582,394782.669938247,21348023.11058546,11264481
300750.SZ,2022-02-09,281.94018964259664,288.16484318016046,275.6632280921121,286.22944670209444,282.9131186829217,6.34,1.1722,219750.50012749003,11876438.8764251,11279925
300750.SZ,2022-02-10,288.63561529644676,288.7402313222882,261.48252578930914,271.00781494216943,286.22944670209444,-29.1,-5.318,558873.9729860558,28599347.992205378,11296846
300750.SZ,2022-02-11,264.67854537876417,268.64349275815357,255.78618318224443,256.3040325101594,271.00781494216943,-28.11,-5.4256,458435.44155179284,22931446.35829243,11309444
300750.SZ,2022-02-14,254.2169427946233,268.2825674690007,253.72524747316868,265.72470563717826,256.3040325101594,18.01,3.6756,375249.65878087655,18953170.10422291,11324355
300750.SZ,2022-02-15,271.47858705845573,277.4050849223716,267.2939460247994,275.6632280921121,265.72470563717826,19.0,3.7402,289646.4070039841,15132437.471863747,11157465
300750.SZ,2022-02-16,276.18630822131917,283.73435448577675,274.0887569031989,277.65093258309884,275.6632280921121,3.8,0.7211,242922.5139800797,12969063.275800398,11174244
300750.SZ,2022-02-17,277.2220068771491,284.2940502240283,274.9204543086381,279.84786912576845,277.65093258309884,4.2,0.7913,205460.28036454183,11008861.04912749,11191417
300750.SZ,2022-02-18,277.23246847973326,279.84786912576845,273.56044597269977,275.92476815671563,279.84786912576845,-7.5,-1.4019,217648.85271513942,11457307.544993427,11210647
300750.SZ,2022-02-21,275.40168802750856,275.40168802750856,264.40131291028445,266.77086589559235,275.92476815671563,-17.5,-3.3175,298819.0551932271,15315473.619968127,11231440
300750.SZ,2022-02-22,265.01854746274876,265.72470563717826,257.54896321767217,263.6323851203501,266.77086589559235,-6.0,-1.1765,260626.4363486056,12978403.708990637,11249580
300750.SZ,2022-02-23,264.67854537876417,271.50474106491606,262.8373033239554,271.47858705845573,263.6323851203501,15.0,2.9762,295045.2356772908,15146153.727938844,11271881
300750.SZ,2022-02-24,265.72470563717826,272.82813379180993,262.063144732729,265.56778159841616,271.47858705845573,-11.3,-2.1773,308939.72257171315,15777687.262773706,11292951
300750.SZ,2022-02-25,272.5247473168698,279.84786912576845,272.46720850265706,276.60477232468475,265.56778159841616,21.1,4.156,324371.67945418326,17165452.892679084,11314571
300750.SZ,2022-02-28,274.093987704491,280.632489319579,274.093987704491,278.9900177138689,276.60477232468475,4.56,0.8623,190519.58664741035,10102409.103191832,11333711
300750.SZ,2022-03-01,282.0448056684381,286.6897572157966,277.23246847973326,280.4651036782327,278.9900177138689,2.82,0.5287,186377.41056573708,10025617.786226893,11354325
300750.SZ,2022-03-02,277.7555486089403,278.1687819110138,266.1850161508805,268.77949359174744,280.4651036782327,-22.34,-4.1665,256422.12829482072,13240419.202119322,11372458
300750.SZ,2022-03-03,270.5370428258831,271.3739710326143,265.185933104095,268.3348754819214,268.77949359174744,-0.85,-0.1654,166301.9968505976,8519548.622035457,11388136
300750.SZ,2022-03-04,264.15546524955715,266.24778576638533,255.26310305303738,257.2455767427321,268.3348754819214,-21.2,-4.1326,311297.43017928285,15450428.834395817,11404759
300750.SZ,2022-03-07,248.46306137334582,253.69386266541625,237.48360946128997,237.94391997499216,257.2455767427321,-36.9,-7.5032,470277.16455776896,21843631.09208725,11423137
300750.SZ,2022-03-08,242.6987183494842,243.99595706991767,231.72972804001247,238.2368448473481,237.94391997499216,0.56,0.1231,435001.4219521913,19797091.873281874,11442233
300750.SZ,2022-03-09,238.524538918412,247.93998124413878,234.33989788475563,247.66274877565905,238.2368448473481,18.02,3.9565,448447.9086513944,20746308.706948806,11461469
300750.SZ,2022-03-10,256.3092633114515,264.443159320621,253.85601750547045,256.7329582161092,247.66274877565905,17.34,3.6623,458088.38191434264,22675296.167301394,11481805
300750.SZ,2022-03-11,251.51261852662287,258.9246639574867,247.9922892570595,258.1661977701365,256.7329582161092,2.74,0.5583,326951.2842310757,15820362.156644821,11500625
300750.SZ,2022-03-14,252.64770240700216,254.86033135354796,242.18609982286128,242.18609982286128,258.1661977701365,-30.55,-6.1898,311443.94692828687,14749796.029713348,11520013
300750.SZ,2022-03-15,241.13993956444722,251.75323538605812,235.69990622069398,242.2907158487027,242.18609982286128,0.2,0.0432,406604.77835856576,19010723.533074502,11207022
300750.SZ,2022-03-16,249.09075752839428,263.35515265187036,245.05780973220797,263.1616130040638,242.2907158487027,39.9,8.614,539566.5295637451,26413608.469403785,11225142
300750.SZ,2022-03-17,270.6939668646452,279.84786912576845,269.43857455454827,274.35552776909446,263.1616130040638,21.4,4.2536,528218.86088247,27807528.456586853,11243285
300750.SZ,2022-03-18,271.47858705845573,274.3398353652183,263.6323851203501,267.0324059601959,274.35552776909446,-14.0,-2.6692,313370.8601175299,16062303.24928745,11265665
300750.SZ,2022-03-21,272.0016671876628,279.4294050224028,270.7462748775659,272.0016671876628,267.0324059601959,9.5,1.8609,260649.8553227092,13697374.27774482,11283194
300750.SZ,2022-03-22,272.0016671876628,272.0016671876628,265.20162550797124,268.34010628321346,272.0016671876628,-7.0,-1.3462,195539.00882270918,9998273.6028,11302991
300750.SZ,2022-03-23,272.0016671876628,273.56044597269977,266.71855788267163,269.5379597790976,268.34010628321346,2.29,0.4464,160796.89382868528,8290755.346746215,11324680
300750.SZ,2022-03-24,266.744711889132,270.7881212879024,260.6926747942065,268.86318641242053,269.5379597790976,-1.29,-0.2503,162127.74155378487,8226959.998506573,11344467
300750.SZ,2022-03-25,267.77517974366987,271.04966135250595,262.586224861936,262.6228404709805,268.86318641242053,-11.93,-2.321,177480.2459820717,9031355.626453387,11363114
300750.SZ,2022-03-28,266.1850161508805,266.1850161508805,250.0741481713035,254.74002292383034,262.6228404709805,-15.07,-3.0016,285740.3897689243,13912616.74579781,11380923
300750.SZ,2022-03-29,254.74002292383034,261.5400646035219,252.12462227779514,254.68771491090962,254.74002292383034,-0.1,-0.0205,214803.55250796812,10531417.44526016,11398122
300750.SZ,2022-03-30,257.3554235698656,271.47858705845573,257.3554235698656,271.47858705845573,254.68771491090962,32.1,6.5927,310028.5806035857,15822631.870085856,11416733
300750.SZ,2022-03-31,269.4647285610086,270.9555069292487,263.1877670105241,267.97395019276854,271.47858705845573,-6.7,-1.2909,183985.61640239044,9366583.315690637,11434265
300750.SZ,2022-04-01,265.72470563717826,274.35552776909446,264.22346566635406,271.426279045535,267.97395019276854,6.6,1.2883,181965.25672709165,9412464.597849801,11457129
300750.SZ,2022-04-06,270.18134833802225,270.9555069292487,263.10930499114306,265.81362925914345,271.426279045535,-10.73,-2.0678,163317.42543824704,8289663.730054781,11478860
300750.SZ,2022-04-07,261.8277586745858,264.15546524955715,254.7661769302907,259.0397415859123,265.81362925914345,-12.95,-2.5484,228608.9899482072,11298429.144993825,11499194
300750.SZ,2022-04-08,257.7215796603105,264.08746483276025,255.78618318224443,258.9246639574867,259.0397415859123,-0.22,-0.0444,178885.21237051793,8862414.24430996,11517939
300750.SZ,2022-04-11,248.6042930082317,250.03230176096696,236.48452641450453,240.09377930603313,258.9246639574867,-36.0,-7.2727,396463.25375498005,18241346.979600597,11538704
300750.SZ,2022-04-12,241.01963113472956,247.30182348650618,240.87839949984368,246.8938209857247,240.09377930603313,13.0,2.8322,238934.7310697211,11136745.197778685,11557179
300750.SZ,2022-04-13,243.69780139626965,252.02000625195373,241.66301969365426,243.75534021048242,246.8938209857247,-6.0,-1.2712,182058.56939043826,8564643.257986851,11575609
300750.SZ,2022-04-14,248.46306137334582,248.98614150255287,237.4783786599979,240.51224340939876,243.75534021048242,-6.2,-1.3305,262911.3444023905,12158983.671663348,11255685
300750.SZ,2022-04-15,235.98236949046574,239.04238824632696,226.37338751693235,235.8359070542878,240.51224340939876,-8.94,-1.9443,382142.2930039841,16926973.502936054,11274448
300750.SZ,2022-04-18,231.2014171095134,236.42175679899967,227.6967802438262,235.90913827237677,235.8359070542878,0.14,0.0311,228600.10029681274,10168234.008550398,11294682
300750.SZ,2022-04-19,235.62667500260494,240.39716578097318,229.34448265082835,230.2912576846931,235.90913827237677,-10.74,-2.3814,274950.85737250996,12291796.14745996,11321377
300750.SZ,2022-04-20,229.6374075231843,231.72449723872043,212.25545482963423,212.89361258726683,230.2912576846931,-33.26,-7.5546,596459.5720219124,24706614.08719781,11340015
300750.SZ,2022-04-21,215.44624361779722,218.3859539439408,208.65666354068978,213.9973116598937,212.89361258726683,2.11,0.5184,403696.6197131474,16460120.278421117,11355973
300750.SZ,2022-04-22,213.41669271647388,221.35704907783682,211.84745232885274,217.25610086485358,213.9973116598937,6.23,1.5228,384963.027185259,16035421.70626016,11374165
300750.SZ,2022-04-25,208.08127539856204,212.4228404709805,204.0012503907471,204.0535584036678,217.25610086485358,-25.24,-6.0769,407518.9786374502,16133612.61838267,11393372
300750.SZ,2022-04-26,201.9664686881317,205.04741064916118,197.20120871105553,197.20120871105553,204.0535584036678,-13.1,-3.3581,353875.22802788846,13580835.895580677,11413468
300750.SZ,2022-04-27,191.97040741898508,213.81423361467122,191.83440658539126,212.9197665937272,197.20120871105553,30.05,7.9708,604351.1162988048,23450842.265018724,11432908
300750.SZ,2022-04-28,209.2215900802334,210.53975200583514,199.81660935709075,202.6935500677295,212.9197665937272,-19.55,-4.8028,495482.9203565737,19380615.50601813,11450763
300750.SZ,2022-04-29,206.09357090757527,214.45239137230385,196.16551005522558,214.1228508909034,202.6935500677295,21.85,5.6387,643260.0881055777,25245756.620536853,11472204
300750.SZ,2022-05-05,190.92424716057099,201.53231218088985,184.64728561008647,196.67812858184848,214.1228508909034,-33.35,-8.1471,1152351.305934263,42547068.83960199,11491413
300750.SZ,2022-05-06,189.35500677294988,202.29077836824007,189.26085234969258,196.6728977805564,196.67812858184848,-0.01,-0.0027,460351.93568725104,17329128.903713547,11511283
300750.SZ,2022-05-09,195.6319683234344,197.18028550588724,190.2494737938939,192.75502761279566,196.6728977805564,-7.49,-1.9921,318651.59980876494,11762588.7707247,11525133
300750.SZ,2022-05-10,187.94269042409084,201.38584974471186,186.81283734500363,198.3362925914348,192.75502761279566,10.67,2.8955,467190.1996553785,17480269.52746434,11541535
300750.SZ,2022-05-11,198.75475669480045,219.0554965093258,198.50890903407313,214.3320829425862,198.3362925914348,30.58,8.065,607057.5467689243,24522545.231158566,11562328
300750.SZ,2022-05-12,211.5336042513285,214.04438887152233,208.1231218088986,211.06806293633426,214.3320829425862,-6.24,-1.5229,256572.64060756972,10372832.078758566,11577613
300750.SZ,2022-05-13,212.89361258726683,218.88288006668748,209.49882254871312,216.97363759508178,211.06806293633426,11.29,2.7979,283983.9284760956,11671403.972570917,11601426
300750.SZ,2022-05-16,218.1191830780452,223.77367927477334,212.8988433885589,212.8988433885589,216.97363759508178,-7.79,-1.878,275059.3684721115,11464250.05494024,11620652
300750.SZ,2022-05-17,214.45239137230385,222.08936125872665,213.54746274877564,221.03273939772845,212.8988433885589,15.55,3.8205,265539.6797629482,11154118.633496413,11347738
300750.SZ,2022-05-18,222.01613004063768,222.83213504220066,216.78532874856725,219.17057413775137,221.03273939772845,-3.56,-0.8425,204787.24772509962,8593680.510889243,11373899
300750.SZ,2022-05-19,216.7905595498593,220.6875065124518,213.76192560175053,219.17057413775137,219.17057413775137,0.0,0.0,241510.91380876495,10035559.383526495,11400128
300750.SZ,2022-05-20,223.87829530061475,225.97061581744293,218.3859539439408,223.302907158487,219.17057413775137,7.9,1.8854,302568.4425059761,12906766.472346215,11421369
300750.SZ,2022-05-23,223.302907158487,223.302907158487,214.46285297488797,217.96748984057515,223.302907158487,-10.2,-2.3893,263664.61331474106,10994246.207971912,11443375
300750.SZ,2022-05-24,216.37732624778576,216.38255704907783,210.1892883192664,210.29913514639992,217.96748984057515,-14.66,-3.5181,287005.35848605575,11680588.232747808,11456528
300750.SZ,2022-05-25,211.58591226424923,212.40191726581222,206.35511097217878,208.69850995102635,210.29913514639992,-3.06,-0.7611,266400.52301593625,10642881.088676296,11471800
300750.SZ,2022-05-26,208.4422006877149,210.1892883192664,203.4154006460352,204.00648119203916,208.69850995102635,-8.97,-2.2482,268788.83778884466,10583241.820697809,11492410
300750.SZ,2022-05-27,207.13973116598936,214.0130040637699,205.11541106595809,206.3028029592581,204.00648119203916,4.39,1.1256,359030.86260358564,14418072.553115139,11509529
300750.SZ,2022-05-30,210.42990517870166,212.99822861310824,208.6043555277691,210.17359591539022,206.3028029592581,7.4,1.8763,239533.93180876496,9648073.094748408,11533635
300750.SZ,2022-05-31,209.17974366989682,215.50378243200998,205.83203084297176,213.41669271647388,210.17359591539022,6.2,1.5431,340282.8936932271,13774411.870553188,11552001
300750.SZ,2022-06-01,214.51516098780868,225.4475356882359,212.37053245805978,222.32474731686983,213.41669271647388,17.03,4.174,366644.7629940239,15444846.7928749,11573559
300750.SZ,2022-06-02,221.14781702615397,232.1324997395019,220.2219651974575,228.48140043763675,222.32474731686983,11.77,2.7692,333558.34079282865,14607488.155941037,11587640
300750.SZ,2022-06-06,228.58601646347816,245.32981139939562,228.58601646347816,243.75010940919037,228.48140043763675,29.19,6.6827,363955.825063745,16718615.10636454,11606085
300750.SZ,2022-06-07,243.3316453058247,244.27318953839742,235.80452224653536,240.09377930603313,243.75010940919037,-6.99,-1.5,243930.29456772908,11184699.099292828,11622742
300750.SZ,2022-06-08,238.524538918412,240.61685943524017,222.82690424090862,240.61685943524017,240.09377930603313,1.0,0.2179,775051.961187251,34163113.69940558,11640645
300750.SZ,2022-06-09,232.77588829842657,234.33989788475563,225.18599562363238,225.63061373345838,240.61685943524017,-28.65,-6.2283,387239.6764661355,16952568.27561514,11657164
300750.SZ,2022-06-10,223.86260289673857,238.41992289257058,223.86260289673857,237.4783786599979,225.63061373345838,22.65,5.251,473471.1685099601,21124771.1641255,11671573
300750.SZ,2022-06-13,232.25280816921952,237.57253308325517,229.24509742627902,231.74018964259662,237.4783786599979,-10.97,-2.4163,355998.6503067729,15839277.37526534,11689626
300750.SZ,2022-06-14,229.22417422111076,231.5152651870376,224.2444513910597,231.1072626862561,231.74018964259662,-1.21,-0.2731,334194.8398326693,14577116.061661553,11531301
300750.SZ,2022-06-15,236.4322184015838,250.03230176096696,233.35127644055433,243.57749296655206,231.1072626862561,23.84,5.3959,723826.9031055777,33433514.416828092,11552389
300750.SZ,2022-06-16,243.75534021048242,247.99752005835157,237.74514952589348,240.77378347400227,243.57749296655206,-5.36,-1.1511,459207.38829083665,21226910.333665337,11572418
300750.SZ,2022-06-17,236.58914244034594,256.6649577993123,236.02421590080232,254.24832760237572,240.77378347400227,25.76,5.5964,540908.8860418327,25990661.65753506,11596067
300750.SZ,2022-06-20,258.31266020631443,269.9668854850474,258.31266020631443,264.95054704595185,254.24832760237572,20.46,4.2094,480123.09391434264,24382211.29205199,11615114
300750.SZ,2022-06-21,263.6323851203501,268.27733666770865,259.50528290090654,265.6462436177972,264.95054704595185,1.33,0.2626,278477.56369721115,14029014.711616732,11634073
300750.SZ,2022-06-22,268.86318641242053,273.17859747837866,265.1493174950505,265.20162550797124,265.6462436177972,-0.85,-0.1674,280323.64797011955,14419590.035725698,11651128
300750.SZ,2022-06-23,269.38626654162755,280.87833698030636,267.7542565385016,280.87833698030636,265.20162550797124,29.97,5.9112,338645.2860836653,17733395.631108765,11670539
300750.SZ,2022-06-24,286.64791080546,294.7556528081692,277.1226216525997,294.7556528081692,280.87833698030636,26.53,4.9407,368991.9368426295,20252327.24297749,11689368
300750.SZ,2022-06-27,295.01196207148064,295.52458059810357,285.0734396165468,287.1709909346671,294.7556528081692,-14.5,-2.5732,317809.49173505977,17588936.314494025,11707156
300750.SZ,2022-06-28,285.0786704178389,287.3592997811816,274.6693758466187,284.55559028863183,287.1709909346671,-5.0,-0.9107,356413.2139422311,19110424.854321513,11724500
300750.SZ,2022-06-29,278.7964780660623,283.7709700948213,275.134917161613,278.5610920079191,284.55559028863183,-11.46,-2.1066,278790.6706015936,14875807.421313945,11744935
300750.SZ,2022-06-30,278.55063040533497,282.3586537459622,275.49061164947375,279.3247889965614,278.5610920079191,1.46,0.2742,249983.09570318725,13333398.549420718,11765446
300750.SZ,2022-07-01,278.7912472647702,280.37094925497547,270.7985828904866,273.3825987287694,279.3247889965614,-11.36,-2.1273,235007.58896414345,12329426.712837849,11784095
300750.SZ,2022-07-04,266.7760966968844,274.96753152026673,266.77086589559235,273.0478274460769,273.3825987287694,-0.64,-0.1225,233104.03739641435,12126650.9007251,11805558
300750.SZ,2022-07-05,274.35552776909446,280.45987287694066,268.1727206418672,274.0259872876941,273.0478274460769,1.87,0.3582,295545.61790438247,15482319.187457569,11822132
300750.SZ,2022-07-06,275.72076690632485,279.05278732937376,269.16657288736064,273.0478274460769,274.0259872876941,-1.87,-0.357,250083.13773705182,13115677.31009044,11838836
300750.SZ,2022-07-07,278.2001667187663,290.07408565176615,277.7555486089403,287.6940710638741,273.0478274460769,28.0,5.364,470318.6878326693,25689815.564913347,11857066
300750.SZ,2022-07-08,290.3094717099093,295.52458059810357,279.9681775554861,282.9863499010107,287.6940710638741,-9.0,-1.6364,316911.46488645417,17356408.446948405,11873562
300750.SZ,2022-07-11,279.4503282275711,280.109409190372,270.0662707095967,271.21704699385225,282.9863499010107,-22.5,-4.159,263956.537996016,13747015.075684065,11892974
300750.SZ,2022-07-12,271.47858705845573,274.7739918724601,261.3412941544232,263.4702302802959,271.21704699385225,-14.81,-2.8563,289252.9491215139,14719529.110524504,11586012
300750.SZ,2022-07-13,265.88162967594036,284.15281858914244,262.46591643221836,281.94018964259664,263.4702302802959,35.31,7.0103,469612.02745816734,24725987.889478087,11604477
300750.SZ,2022-07-14,280.109409190372,293.97103261435865,277.36323851203497,290.8377826404084,281.94018964259664,17.01,3.1558,381502.62045418326,20992950.38916215,11628769
300750.SZ,2022-07-15,287.43253099927057,294.72949880170887,278.80170886735436,278.80170886735436,290.8377826404084,-23.01,-4.1384,303257.91622111556,16612493.30035339,11650865
300750.SZ,2022-07-18,283.50943003021774,288.7663853287485,277.4155465249557,288.5623840783578,278.80170886735436,18.66,3.5009,274739.073376494,14911243.223526692,11672449
300750.SZ,2022-07-19,287.98699593623,287.98699593623,274.093987704491,274.4130665833073,288.5623840783578,-27.05,-4.9034,311782.2698545816,16608171.394638047,11694144
300750.SZ,2022-07-20,277.2220068771491,279.9211003438574,273.49767635719496,275.1401479629051,274.4130665833073,1.39,0.265,149803.16709561754,7917245.4749486055,11712278
300750.SZ,2022-07-21,273.5709075752839,281.4432635198499,271.0705845576743,272.5247473168698,275.1401479629051,-5.0,-0.9506,168369.768,8863958.508668128,11730864
300750.SZ,2022-07-22,281.2706470772116,284.5503594873398,275.1610711680733,278.2786287381473,272.5247473168698,11.0,2.1113,273031.7250179283,14654559.722275099,11750023
300750.SZ,2022-07-25,278.2786287381473,279.29863499010105,271.47858705845573,272.9170574137751,278.2786287381473,-10.25,-1.9267,165344.80124701196,8649217.5546,11770699
300750.SZ,2022-07-26,272.9327498176513,276.18630822131917,269.5170365739293,273.0478274460769,272.9170574137751,0.25,0.0479,152352.73823306774,7957544.493823506,11790543
300750.SZ,2022-07-27,272.78628738147336,273.1001354589976,267.3985620506408,269.490882567469,273.0478274460769,-6.8,-1.3027,178472.23549003983,9203948.1471,11811484
300750.SZ,2022-07-28,271.21704699385225,275.50630405335,268.3505678857976,269.7001146191518,269.490882567469,0.4,0.0776,177172.01404780877,9202665.007170718,11836377
300750.SZ,2022-07-29,274.06783369803065,274.093987704491,263.1668438053558,266.0385537147025,269.7001146191518,-7.0,-1.3576,227737.23058565738,11683771.913233865,11857209
300750.SZ,2022-08-01,265.65670522038135,280.26633322913403,263.94623319787434,279.8060227154319,266.0385537147025,26.32,5.175,311600.94008366537,16355886.722306773,11880107
300750.SZ,2022-08-02,273.19428988225485,278.50878399499845,271.71397311659894,274.0259872876941,279.8060227154319,-11.05,-2.0657,232144.24180876493,12193388.123285858,11898115
300750.SZ,2022-08-03,274.093987704491,279.2620193810566,260.91236844847344,263.6323851203501,274.0259872876941,-19.87,-3.7929,325486.82408964145,16691382.282549204,11917422
300750.SZ,2022-08-04,265.20162550797124,266.29486297801395,258.9769719704074,262.01083671980825,263.6323851203501,-3.1,-0.6151,217272.12267131475,10875629.16148984,11938042
300750.SZ,2022-08-05,261.5400646035219,268.8108783994998,258.9246639574867,264.4954673335417,262.01083671980825,4.75,0.9483,232910.2812310757,11757935.351747213,11958566
300750.SZ,2022-08-08,259.4477440866937,264.77269980202146,255.78618318224443,262.3246847973325,264.4954673335417,-4.15,-0.8207,171382.78629681273,8557048.046893626,11975421
300750.SZ,2022-08-09,262.063144732729,271.26935500677297,260.2323642805043,267.58687089715534,262.3246847973325,10.06,2.006,216178.54260956176,11056353.420970518,11633306
300750.SZ,2022-08-10,266.82317390851307,268.2354902573721,261.5400646035219,263.62192351776594,267.58687089715534,-7.58,-1.4817,153878.58476294822,7747211.870088048,11655767
300750.SZ,2022-08-11,263.7056163384391,268.3505678857976,258.4015838282796,266.77086589559235,263.62192351776594,6.02,1.1945,187365.3662749004,9438576.245449005,11679502
300750.SZ,2022-08-12,266.87548192143373,267.81702615400644,260.4520579347713,262.586224861936,266.77086589559235,-8.0,-1.5686,141160.1127191235,7094342.131912949,11699506
300750.SZ,2022-08-15,264.09792643534433,273.5709075752839,263.0465353756382,269.96165468375534,262.586224861936,14.1,2.8088,263010.2011494024,13567863.84288526,11718483
300750.SZ,2022-08-16,271.9493591747421,281.41710951338956,271.04966135250595,273.98937167864955,269.96165468375534,7.7,1.492,307741.8946195219,16280246.328434464,11737210
300750.SZ,2022-08-17,275.9143065541315,287.6783786599979,274.08352610190684,286.124830676253,273.98937167864955,23.2,4.4292,350819.2335239044,18904459.047202587,11757164
300750.SZ,2022-08-18,286.124830676253,292.92487235594456,283.74481608836095,284.97405439199747,286.124830676253,-2.2,-0.4022,272999.1678645418,15041524.024105579,11776766
300750.SZ,2022-08-19,287.1709909346671,287.53191622381996,277.24293008231734,278.2786287381473,284.97405439199747,-12.8,-2.3495,205888.30274103588,11026582.213596215,11797051
300750.SZ,2022-08-22,279.3247889965614,290.65470459518593,275.76784411795353,288.49438366156085,278.2786287381473,19.53,3.6711,273483.1663685259,14933146.36486255,11819680
300750.SZ,2022-08-23,287.68360946128996,295.36242575804937,285.31405647598206,291.29809315411063,288.49438366156085,5.36,0.9718,251513.60691035856,13965175.89393765,11842939
300750.SZ,2022-08-24,299.7406064395123,300.7710742940502,273.0478274460769,274.093987704491,291.29809315411063,-32.89,-5.906,574833.4207529881,31151481.742771912,11863236
300750.SZ,2022-08-25,274.617067833698,275.4173804313848,264.20254246118577,268.86318641242053,274.093987704491,-10.0,-1.9084,344450.53432470124,17619542.221899204,11883314
300750.SZ,2022-08-26,268.34010628321346,271.46812545587164,263.10930499114306,265.08654787954566,268.86318641242053,-7.22,-1.4047,233558.55666932272,11884848.779142432,11902068
300750.SZ,2022-08-29,263.10407418985096,265.08654787954566,259.61512972804,262.586224861936,265.08654787954566,-4.78,-0.9432,215282.37016135457,10773414.42608964,11923907
300750.SZ,2022-08-30,262.586224861936,262.586224861936,254.1123267687819,257.09388350526206,262.586224861936,-10.5,-2.0916,298540.8568984064,14668508.223838447,11949438
300750.SZ,2022-08-31,251.96246743774094,256.20464728561006,248.21198291132643,252.64770240700216,257.09388350526206,-8.5,-1.7294,333603.91698406375,16031969.065069722,11972406
300750.SZ,2022-09-01,251.07846201938105,253.69386266541625,244.10057309575907,244.56088360946129,252.64770240700216,-15.46,-3.2008,295873.5791294821,14015574.893111952,11993838
300750.SZ,2022-09-02,248.40029175784096,248.98614150255287,241.54794206522868,243.89134104407626,244.56088360946129,-1.28,-0.2738,221015.41149203188,10339330.993510757,12013671
300750.SZ,2022-09-05,241.6682504949463,246.8938209857247,240.09901010732517,244.98980931541107,243.89134104407626,2.1,0.4504,174160.8692689243,8100608.924723307,11710257
300750.SZ,2022-09-06,244.8015004688965,244.98980931541107,232.1848077524226,238.10607481504636,244.98980931541107,-13.16,-2.8098,526201.7320697211,23720551.14158008,11731951
300750.SZ,2022-09-07,236.16544753568823,249.24245076586433,235.38605814316972,247.89813483380223,238.10607481504636,18.72,4.1125,414424.3069003984,19299653.48196992,11751060
300750.SZ,2022-09-08,244.984578514119,246.37074085651764,234.60143794935917,235.1245180785662,247.89813483380223,-24.42,-5.1528,412033.0671454183,18809519.89500179,11769813
300750.SZ,2022-09-09,236.74606647910804,237.70330311555693,233.55527769094508,236.54729603000936,235.1245180785662,2.72,0.6051,234127.6472988048,10559600.050900996,11788951
300750.SZ,2022-09-13,240.09377930603313,240.72147546108155,233.73835573616753,239.00054183599042,236.54729603000936,4.69,1.0371,195054.05444223108,8857062.827110756,11804124
300750.SZ,2022-09-14,235.38605814316972,236.95529853079086,224.0247577367927,227.17370011461915,239.00054183599042,-22.61,-4.9485,495025.22757370514,21696323.343813945,11819500
300750.SZ,2022-09-15,227.17370011461915,227.53985620506407,215.09054912993642,216.73825153693863,227.17370011461915,-19.95,-4.5936,485271.61676892434,20362500.839300796,11836940
300750.SZ,2022-09-16,216.71209753047827,218.80441804730643,213.93977284568092,214.46285297488797,216.73825153693863,-4.35,-1.0498,286059.57604780875,11838458.534808764,11855400
300750.SZ,2022-09-19,214.26931332708136,220.5305824736897,213.9606960508492,216.38255704907783,214.46285297488797,3.67,0.8951,266964.0504442231,11092435.353634661,11874977
300750.SZ,2022-09-20,218.64749400854433,224.92445555902884,217.0782536209232,220.2219651974575,216.38255704907783,7.34,1.7744,316758.9261155378,13428454.293700997,11895974
300750.SZ,2022-09-21,218.12441387933728,221.50351151401478,216.2256330103157,219.85057830572052,220.2219651974575,-0.71,-0.1686,168422.78091035856,7064219.098900996,11913342
300750.SZ,2022-09-22,217.23517765968532,219.69365426695842,212.37053245805978,217.07302281963112,219.85057830572052,-5.31,-1.2634,184333.0201553785,7632984.466553188,11930627
300750.SZ,2022-09-23,217.58041054496195,222.20443888715224,214.48900698134833,218.30226112326767,217.07302281963112,2.35,0.5663,229763.80345816736,9576820.248542031,11945756
300750.SZ,2022-09-26,216.0530165676774,227.53985620506407,216.0530165676774,224.2235281858914,218.30226112326767,11.32,2.7124,360081.56204581674,15449198.437819721,11962846
300750.SZ,2022-09-27,226.95923726164423,227.71247264770238,221.2681254558716,224.66291549442533,224.2235281858914,0.84,0.196,221035.50401593625,9460819.416906575,11984842
300750.SZ,2022-09-28,223.6889132020423,224.6475799729082,216.24483953318747,218.3402860268834,224.6580572053767,-12.06,-2.8122,204203.56295773247,8522569.675592639,12004533
300750.SZ,2022-09-29,222.23257788892363,222.90312076690634,217.44448265082838,219.4980202146504,218.3402860268834,2.21,0.5302,169792.5101263053,7107691.906620984,12025086
300750.SZ,2022-09-30,219.6447014692091,220.1266541627592,209.80658018130666,210.01088621444202,219.4980202146504,-18.11,-4.3222,225517.77934758825,9178167.487387368,12041267
300750.SZ,2022-10-10,210.59237261644265,211.90202667500262,204.95038293216632,205.80427737834742,210.01088621444202,-8.03,-2.003,218862.24314470412,8656568.615124017,12057290
300750.SZ,2022-10-11,211.6400958632906,218.08359383140566,211.05860946129,218.08359383140566,205.80427737834742,23.44,5.9665,352080.34288612625,14475079.866392042,11918528
300750.SZ,2022-10-12,217.92643534437846,229.59807231426487,216.61154266958425,229.36233458372408,218.08359383140566,21.53,5.1718,353428.1988244654,15070452.419092987,11935296
300750.SZ,2022-10-13,227.3559445660102,229.59807231426487,224.74187506512453,226.30822131916224,229.36233458372408,-5.83,-1.3316,199354.38163500745,8630955.301607559,11956892
300750.SZ,2022-10-14,229.45139105970617,231.72495050536625,224.51661456705222,228.88038189017402,226.30822131916224,4.91,1.1366,258948.9932729985,11263714.8326178,11975437
300750.SZ,2022-10-17,226.83208294258623,226.83208294258623,220.4147780556424,224.91998801708868,228.88038189017402,-7.56,-1.7303,201145.82799801094,8574968.377411239,11994122
300750.SZ,2022-10-18,226.84779879128894,229.91238928831928,224.44327393977284,225.01952172553925,224.91998801708868,0.19,0.0443,173746.64592739928,7516280.656835206,12012089
300750.SZ,2022-10-19,225.27097530478275,231.5468375534021,225.0928623528186,225.9624726477024,225.01952172553925,1.8,0.4191,235425.60570462456,10272940.473909099,12031182
300750.SZ,2022-10-20,220.1685630926331,221.94445399604044,211.6400958632906,217.40257372095448,225.9624726477024,-16.34,-3.7882,326807.35206563893,13489083.122397015,12047092
300750.SZ,2022-10-21,213.73554235698657,218.42934250286547,213.31645305824736,216.35485047410648,217.40257372095448,-2.0,-0.4819,157672.973752362,6514131.840190352,12065461
300750.SZ,2022-10-24,213.01261331666146,216.8787120975305,209.0260263624049,211.65057309575909,216.35485047410648,-8.98,-2.1743,277415.3774619592,11235473.019630432,12085195
300750.SZ,2022-10-25,211.11623423986663,213.77221267062623,205.34327914973431,210.43521412941544,211.65057309575909,-2.32,-0.5742,267991.5720537046,10688208.291349377,12105942
300750.SZ,2022-10-26,212.1639574867146,214.028904866104,208.5388350526206,210.0999426904241,210.43521412941544,-0.64,-0.1593,268627.92330581794,10816089.813882247,12121950
300750.SZ,2022-10-27,208.4969261227467,210.6290429300823,204.3060331353548,204.463191622382,210.0999426904241,-10.76,-2.6829,291713.218084535,11503055.27175992,12146482
300750.SZ,2022-10-28,201.84388350526208,202.99637907679482,191.20949254975514,191.47142336146712,204.463191622382,-24.8,-6.3541,459495.865390353,17105508.08137265,12166175
300750.SZ,2022-10-31,188.5901844326352,199.18266645826822,186.79857768052517,195.33752214233616,191.47142336146712,7.38,2.0192,316010.93227250123,11775427.634269318,12185811
300750.SZ,2022-11-01,197.23390121913098,203.71930811711994,192.84394081483796,202.31535896634364,195.33752214233616,13.32,3.5722,380186.0092332172,14503968.243252112,12204651
300750.SZ,2022-11-02,201.68672501823488,207.65350890903406,199.07265551734918,205.09182557049078,202.31535896634364,5.3,1.3723,272342.32022476377,10603605.106045747,12223066
300750.SZ,2022-11-03,204.3060331353548,206.40147962905075,199.60699437324163,201.22572678962177,205.09182557049078,-7.38,-1.8851,280941.57582695177,10828503.445095574,12239087
300750.SZ,2022-11-04,202.10581431697406,213.897939460248,201.16286339481087,211.8496405126602,201.22572678962177,20.28,5.2796,400318.3295415216,16008301.860685628,12261056
300750.SZ,2022-11-07,213.73554235698657,217.16159737417945,212.1639574867146,215.04519641554654,211.8496405126602,6.1,1.5084,282099.53428940824,11574343.06863252,11991658
300750.SZ,2022-11-08,215.04519641554654,221.48869438366157,211.37816505157863,214.67849327914973,215.04519641554654,-0.7,-0.1705,230612.00629736448,9511259.611714967,12011548
300750.SZ,2022-11-09,212.6878191101386,213.5155204751485,206.92534125247474,208.00449619672816,214.67849327914973,-12.74,-3.1088,208854.60035206363,8343579.433117651,12036977
300750.SZ,2022-11-10,205.87761800562677,206.40147962905075,201.16286339481087,201.84388350526208,208.00449619672816,-11.76,-2.9618,246709.7688035803,9536413.653184684,12058856
300750.SZ,2022-11-11,210.06851099301866,212.52542200687716,206.51672918620403,210.84382619568618,201.84388350526208,17.18,4.4589,371891.50968274486,14916850.900290998,12078127
300750.SZ,2022-11-14,211.69248202563304,213.73554235698657,201.97484891111807,202.82874335729917,210.84382619568618,-15.3,-3.8014,352797.3833853804,13824612.928629337,12096287
300750.SZ,2022-11-15,203.34212774825468,208.22451807856623,198.01969365426697,207.54349796811505,202.82874335729917,9.0,2.3245,329743.31822774734,12812004.315437095,12116230
300750.SZ,2022-11-16,205.882856621861,206.49577472126708,200.7856830259456,201.19953370845056,207.54349796811505,-12.11,-3.0567,259680.46506414717,10043399.653159423,12133274
300750.SZ,2022-11-17,199.9160727310618,200.10990153172867,193.83403928310932,196.51097217880587,201.19953370845056,-8.95,-2.3303,271391.5920596718,10145762.83954729,12151874
300750.SZ,2022-11-18,198.01969365426697,202.73444826508285,194.35266229029907,199.4812675836199,196.51097217880587,5.67,1.5115,313199.7700606663,11968303.089317154,12173376
300750.SZ,2022-11-21,196.51097217880587,202.13200739814528,196.08140564759822,200.32468479733248,199.4812675836199,1.61,0.4228,153451.00004574837,5842146.3210008945,12190729
300750.SZ,2022-11-22,199.06741690111494,200.57089976034177,195.40038553714703,196.448108783995,200.32468479733248,-7.4,-1.9351,187764.10716459472,7065765.010246245,12208494
300750.SZ,2022-11-23,196.448108783995,200.58137699281025,195.66231634885904,198.8159633218714,196.448108783995,4.52,1.2053,168545.0242048732,6382565.569789557,12229107
300750.SZ,2022-11-24,200.7018651661978,200.7542513285402,196.45334740022923,197.29676461394186,198.8159633218714,-2.9,-0.7641,163144.80041770262,6164009.646086523,12246951
300750.SZ,2022-11-25,195.43181723455248,196.448108783995,194.35266229029907,194.98129623840782,197.29676461394186,-4.42,-1.1736,117186.38521133762,4365408.9185859775,12268075
300750.SZ,2022-11-28,191.20949254975514,195.0389210169845,188.60066166510367,193.9911977701365,194.98129623840782,-1.89,-0.5078,212156.2355982098,7735804.859139532,12287686
300750.SZ,2022-11-29,194.88176252995729,199.8008231739085,192.5191466083151,197.96730749192454,193.9911977701365,7.59,2.0496,223670.17311586274,8387721.271278765,12307381
300750.SZ,2022-11-30,198.54355527769096,201.68672501823488,194.96558038970514,201.68672501823488,197.96730749192454,7.1,1.8788,268047.0447180507,10177937.660618996,12324546
300750.SZ,2022-12-01,208.0516437428363,210.67095185995623,206.88343232260084,207.05630665833073,201.68672501823488,10.25,2.6623,399676.11796320236,15922352.99940865,12341815
300750.SZ,2022-12-02,207.9730644993227,209.17270761696366,205.248984057518,205.29089298739189,207.05630665833073,-3.37,-0.8526,158296.8789696668,6262692.541890402,12038862
300750.SZ,2022-12-05,205.29089298739189,207.9049624882776,203.25830988850683,205.5161534854642,205.29089298739189,0.43,0.1097,230947.89652511186,9047126.134231327,12068223
300750.SZ,2022-12-06,203.8450349067417,211.6610503282276,203.7821715119308,209.55512660206315,205.5161534854642,7.71,1.9653,260778.10225360518,10358494.267117055,12087550
300750.SZ,2022-12-07,209.54464936959468,220.9019693654267,209.0207877461707,219.13655569448787,209.55512660206315,18.29,4.5723,465978.7605827946,19346952.6050721,12107324
300750.SZ,2022-12-08,219.1417943107221,222.64118995519433,216.88395071376473,220.2680968010837,219.13655569448787,2.16,0.5164,199169.94361611138,8377518.4796234695,12129025
300750.SZ,2022-12-09,220.8495832030843,223.00789309159111,220.2838126497864,222.43164530582476,220.2680968010837,4.13,0.9822,178557.45833913473,7559852.987732073,12152432
300750.SZ,2022-12-12,220.5981296238408,221.87111336876106,216.95205272480985,217.06206366572889,222.43164530582476,-10.25,-2.414,167791.50460666334,7008041.87946534,12173035
300750.SZ,2022-12-13,217.40257372095448,217.87404918203606,210.61856569761386,212.37874075231846,217.06206366572889,-8.94,-2.1576,215146.64361810044,8765943.05187986,12193792
300750.SZ,2022-12-14,214.78326560383454,215.80479576951132,209.1674690007294,210.74953110346985,212.37874075231846,-3.11,-0.7671,175567.01214122327,7057868.585283938,12208978
300750.SZ,2022-12-15,210.64999739501928,222.20638480775244,210.06851099301866,222.01255600708555,210.74953110346985,21.5,5.3443,330216.49661859765,13696293.112872202,12241934
300750.SZ,2022-12-16,219.24132801917267,221.48869438366157,216.8158487027196,218.97939720746066,222.01255600708555,-5.79,-1.3662,170698.68454102435,7126299.215429537,12273679
300750.SZ,2022-12-19,219.4980202146504,225.31288423465668,219.00559028863188,220.231426487444,218.97939720746066,2.39,0.5718,192910.8670711089,8179449.374423867,12294347
300750.SZ,2022-12-20,220.0218818380744,220.3361988121288,214.25940398041055,214.531812024591,220.231426487444,-10.88,-2.588,155017.94055693684,6419243.935107509,12307806
300750.SZ,2022-12-21,214.78326560383454,216.0772038136918,211.90726529123685,213.11738564134626,214.531812024591,-2.7,-0.6593,103138.91604972648,4201980.640636499,12328231
300750.SZ,2022-12-22,215.30188861102428,215.30188861102428,209.54464936959468,210.59237261644265,213.11738564134626,-4.82,-1.1848,141076.5681153655,5682708.64649806,12337475
300750.SZ,2022-12-23,207.9206783369803,211.02717776388454,206.45386579139316,208.74837970199022,210.59237261644265,-3.52,-0.8756,140986.84976628542,5611394.182277871,12359767
300750.SZ,2022-12-26,208.74837970199022,213.34264613941858,204.8822809211212,211.5981869334167,208.74837970199022,5.44,1.3652,219759.27392342116,8794187.021925408,12378414
300750.SZ,2022-12-27,210.71286078983016,212.68258049390437,207.79495154735858,211.4148353652183,211.5981869334167,-0.35,-0.0867,155379.00918945798,6239523.326095076,12402928
300750.SZ,2022-12-28,208.52835782015214,208.6540846097739,199.21409815567364,206.40147962905075,211.4148353652183,-9.57,-2.3713,353706.4211516658,13756574.64636877,12409837
300750.SZ,2022-12-29,204.82989475877878,208.3921537980619,204.5155777847244,206.38052516411378,206.40147962905075,-0.04,-0.0102,188932.94636300346,7462009.586520536,12077160
300750.SZ,2022-12-30,208.7588569344587,210.59237261644265,205.87761800562677,206.09763988746485,206.38052516411378,-0.54,-0.1371,141358.8754908006,5618107.0160545,12085265
300750.SZ,2023-01-03,205.3537563822028,205.65235750755446,199.9684588934042,204.11744295092217,206.09763988746485,-3.78,-0.9608,200091.69466335155,7744005.46366544,12113194
300750.SZ,2023-01-04,202.47251745337084,202.73444826508285,200.14133322913412,201.1681020110451,204.11744295092217,-5.63,-1.4449,374187.78401591245,14369809.305361908,12136677
300750.SZ,2023-01-05,203.25830988850683,214.87232207981663,201.69196363446912,213.4788501615088,201.1681020110451,23.5,6.1196,497140.06209845847,19798575.414266728,12142131
300750.SZ,2023-01-06,212.6878191101386,222.63071272272586,211.67152756069606,218.2721840158383,213.4788501615088,9.15,2.2453,351094.5291198409,14587029.842068223,12167878
300750.SZ,2023-01-09,221.5306033135355,221.5306033135355,216.8787120975305,218.24075231843287,218.2721840158383,-0.06,-0.0144,245108.65896369962,10256991.151365887,12184332
300750.SZ,2023-01-10,218.7960456392623,227.8798061894342,216.5120089611337,226.30822131916224,218.24075231843287,15.4,3.6966,348577.77671606163,14855017.321438089,12203956
300750.SZ,2023-01-11,225.52242888402625,228.4036678128582,222.11732833177035,224.13943419818693,226.30822131916224,-4.14,-0.9583,233683.96256986572,10026171.962493684,12232794
300750.SZ,2023-01-12,226.30822131916224,229.86000312597687,225.0928623528186,227.09401375429823,224.13943419818693,5.64,1.3182,212590.45331874688,9234232.813967379,12256520
300750.SZ,2023-01-13,232.5945608002501,237.05786183182244,225.26049807231428,230.23718349484216,227.09401375429823,6.0,1.3841,396240.0579055196,17448569.25051377,12279043
300750.SZ,2023-01-16,229.71332187141815,235.475799729082,227.93743096801086,233.97231686985518,230.23718349484216,7.13,1.6223,320869.0663411238,14223544.848158129,12285084
300750.SZ,2023-01-17,234.12947535688238,236.71735177659687,232.39025476711473,233.43797801396272,233.97231686985518,-1.02,-0.2284,188901.04862655394,8430051.869681949,12310744
300750.SZ,2023-01-18,234.95717672189227,236.1987287694071,232.12832395540275,234.95193810565803,233.43797801396272,2.89,0.6485,140195.8966185977,6285926.551513873,12344803
300750.SZ,2023-01-19,233.291296759404,236.52352297592998,231.64637126185266,234.04565749713453,234.95193810565803,-1.73,-0.3857,139540.4754450522,6211800.547119443,12364844
300750.SZ,2023-01-20,234.04565749713453,236.89022611232676,232.73076482234032,236.78545378764198,234.04565749713453,5.23,1.1706,205505.60527100944,9242028.34205609,12382127
300750.SZ,2023-01-30,251.1235464207565,256.9855579868709,244.88959310201108,246.55547306449932,236.78545378764198,18.65,4.1261,404196.5674370959,19284453.97654878,12394285
300750.SZ,2023-01-31,246.15209961446286,250.14392518495364,242.2545691361884,243.7004272168386,246.55547306449932,-5.45,-1.158,266368.7007419194,12533823.546921331,12411909
300750.SZ,2023-02-01,246.73358601646348,251.11830780452226,246.46641658851726,249.77722204855687,243.7004272168386,11.6,2.4936,219564.98597513672,10431370.136035403,12445098
300750.SZ,2023-02-02,250.8616156090445,251.2964207564864,243.5327914973429,244.1719026779202,249.77722204855687,-10.7,-2.2441,256856.22688015908,12102257.246030033,12280779
300750.SZ,2023-02-03,243.0717932687298,244.22428884026257,236.4606595811191,238.98567260602272,244.1719026779202,-9.9,-2.124,229449.9246086524,10489744.807194032,12297023
300750.SZ,2023-02-06,236.78545378764198,237.58172345524642,231.07012347608628,236.0520475148484,238.98567260602272,-5.6,-1.2275,205262.56399005465,9185248.252295772,12320894
300750.SZ,2023-02-07,235.99442273627176,237.72840470980515,232.94030947170992,234.74239345628845,236.0520475148484,-2.5,-0.5548,137655.37839681748,6168182.675570362,12354976
300750.SZ,2023-02-08,235.5281858914244,237.54505314160676,233.11842242367408,234.27615661144108,234.74239345628845,-0.89,-0.1986,139919.6404594729,6287428.390863849,12369585
300750.SZ,2023-02-09,234.27615661144108,238.87566166510368,231.28490674169012,237.30407679483173,234.27615661144108,5.78,1.2925,153312.24202884134,6923641.764963699,12389680
300750.SZ,2023-02-10,237.30931541106597,238.71326456184227,233.1236610399083,233.61609096592684,237.30407679483173,-7.04,-1.5541,160305.50100447537,7203195.214675882,12401454
300750.SZ,2023-02-13,236.25111493174953,241.79880952380952,234.17138428675628,240.97634677503387,233.61609096592684,14.05,3.1506,256146.70745101935,11726808.611876478,12420224
300750.SZ,2023-02-14,245.69110138584975,245.84825987287695,233.53227310617902,236.2877852453892,240.97634677503387,-8.95,-1.9457,244572.0287021382,11103234.178489108,12452164
300750.SZ,2023-02-15,237.36170157340837,239.4047619047619,234.69000729394602,235.00432426800043,236.2877852453892,-2.45,-0.5432,148386.2656171059,6697305.960433813,12475702
300750.SZ,2023-02-16,236.78021517140775,238.09510784620196,229.45139105970617,232.17547150151088,235.00432426800043,-5.4,-1.2037,192628.5215176529,8617814.38100527,12483869
300750.SZ,2023-02-17,231.5468375534021,231.5468375534021,220.0218818380744,220.12141554652496,232.17547150151088,-23.01,-5.1918,409832.4832362009,17507770.061593033,12506940
300750.SZ,2023-02-20,217.92643534437846,221.0067416901115,212.8606934458685,220.2680968010837,220.12141554652496,0.28,0.0666,321265.6023550472,13348663.567478666,12530498
300750.SZ,2023-02-21,218.70175054704598,221.32629728040013,215.8309888506825,217.40781233718872,220.2680968010837,-5.46,-1.2985,251680.8907250124,10480937.685630433,12538586
300750.SZ,2023-02-22,214.25940398041055,216.9310982598729,213.03880639783267,214.50561894341985,217.40781233718872,-5.54,-1.3349,236014.9979910492,9676815.627124414,12568393
300750.SZ,2023-02-23,214.78326560383454,217.4706757319996,213.42122538293216,216.47533864749403,214.50561894341985,3.76,0.9183,182056.95117851812,7487427.035336449,12577040
300750.SZ,2023-02-24,215.30712722725852,215.72621652599773,211.65057309575909,212.3735021360842,216.47533864749403,-7.83,-1.8948,190687.53184684235,7751083.279321729,12605994
300750.SZ,2023-02-27,210.97479160154217,212.41541106595812,209.59703553193708,210.12089715536106,212.3735021360842,-4.3,-1.0607,176012.7596240676,7072480.9154446535,12612116
300750.SZ,2023-02-28,211.63485724705637,213.89270084401377,210.33044180473064,211.5877097009482,210.12089715536106,2.8,0.6981,177968.60054500247,7196550.774914768,12358823
300750.SZ,2023-03-01,211.16862040220903,216.9730071897468,211.13195008856934,215.71573929352923,211.5877097009482,7.88,1.951,240559.80504226752,9861949.543531774,12365941
300750.SZ,2023-03-02,214.52133479212253,215.30712722725852,207.55397520058352,209.96373866833386,215.71573929352923,-10.98,-2.6665,308197.2276280457,12376258.615059173,12401468
300750.SZ,2023-03-03,210.74953110346985,212.5358992393456,209.54464936959468,210.76000833593832,209.96373866833386,1.52,0.3792,156588.87067130778,6300652.258943212,12410982
300750.SZ,2023-03-06,210.68142909242474,214.19130196936544,205.35899499843703,213.95556423882465,210.76000833593832,6.1,1.5162,317386.52454301337,12741085.862283042,12437922
300750.SZ,2023-03-07,211.6400958632906,214.25416536417632,210.50331614046056,210.69714494112745,213.95556423882465,-6.22,-1.5229,189331.48672302335,7662746.571819592,12449480
300750.SZ,2023-03-08,209.54988798582892,211.07956392622697,206.98296603105138,208.35548348442222,210.69714494112745,-4.47,-1.1114,155181.68608851315,6168813.132136051,12467035
300750.SZ,2023-03-09,207.55397520058352,210.21519224757736,203.38403667812858,207.97830311555694,208.35548348442222,-0.72,-0.181,155321.24584385875,6163401.766093485,12501904
300750.SZ,2023-03-10,210.4299755131812,214.74659529019488,207.39681671355632,212.57780816921957,207.97830311555694,8.78,2.2115,365413.21494181996,14741388.841438089,12526912
300750.SZ,2023-03-13,211.13195008856934,213.03356778159844,204.3060331353548,205.3537563822028,212.57780816921957,-13.79,-3.3983,359507.0941999005,14172784.811898556,12537787
300750.SZ,2023-03-14,204.7670313639679,204.82989475877878,198.01969365426697,202.85493643847036,205.3537563822028,-4.77,-1.2168,352853.92503431125,13543667.798428642,12553352
300750.SZ,2023-03-15,205.87761800562677,207.3129988538085,200.96379597790977,203.25830988850683,202.85493643847036,0.77,0.1988,247551.8423212332,9632972.841218697,12581032
300750.SZ,2023-03-16,201.16286339481087,204.25888558924666,200.9009325830989,201.74434979681152,203.25830988850683,-2.89,-0.7448,193050.12140228742,7440479.687219492,12590443
300750.SZ,2023-03-17,203.7821715119308,204.30079451912056,196.710039595707,196.96149317495053,201.74434979681152,-9.13,-2.3708,384543.2858458478,14586973.308054896,12616058
300750.SZ,2023-03-20,196.20713243721997,201.47718036886528,192.7810774200271,199.04122381994372,196.96149317495053,3.97,1.0559,302312.1620646444,11457225.846723817,12644995
300750.SZ,2023-03-21,200.2199124726477,206.49577472126708,198.38639679066375,206.28623007189745,199.04122381994372,13.83,3.64,330094.28877374437,12829229.249649724,12660709
300750.SZ,2023-03-22,208.88458372408044,214.0812910284464,207.98354173179118,209.12556007085547,206.28623007189745,5.42,1.3764,337631.9281491795,13602391.514052112,12671949
300750.SZ,2023-03-23,208.4969261227467,210.55046368656875,206.62674012712307,208.69599353964782,209.12556007085547,-0.82,-0.2054,191441.1468901044,7599687.665568572,12682212
300750.SZ,2023-03-24,208.7064707721163,210.72857663853287,204.3060331353548,206.18145774721268,208.69599353964782,-4.8,-1.2049,224587.01828741917,8868226.787897363,12699359
300750.SZ,2023-03-27,204.88751953735544,208.8112430968011,201.38288527664898,207.71113368761073,206.18145774721268,2.92,0.7419,307633.1664584783,12048496.054637691,12440211
300750.SZ,2023-03-28,206.40147962905075,207.54349796811505,204.4108054600396,205.66807335625717,207.71113368761073,-3.9,-0.9836,144896.29819393335,5682183.906781103,12444878
300750.SZ,2023-03-29,207.03535219339378,211.7867771178493,205.89333385432948,209.63894446181098,205.66807335625717,7.58,1.9307,262561.9130124316,10514531.690636896,12475078
300750.SZ,2023-03-30,210.06327237678443,210.59237261644265,208.15641606752112,209.60227414817132,209.63894446181098,-0.07,-0.0175,165729.2997195425,6615551.340349079,12498409
300750.SZ,2023-03-31,211.90202667500262,217.392096488486,211.90202667500262,212.7140121913098,209.60227414817132,5.94,1.4846,374289.1466613625,15335619.294826454,12508437
300750.SZ,2023-04-03,212.74544388871524,213.10690840887779,207.44920287589872,208.86886787537773,212.7140121913098,-7.34,-1.8077,319993.2434530084,12786528.505789557,12539434
300750.SZ,2023-04-04,209.53941075336044,209.53941075336044,200.01560643951237,203.25830988850683,208.86886787537773,-10.71,-2.6862,383492.5121770263,14856404.078870809,12550041
300750.SZ,2023-04-06,201.16286339481087,204.070295404814,199.14599614462853,203.2687871209753,203.25830988850683,0.02,0.0052,201992.0629199403,7759346.722961113,12573571
300750.SZ,2023-04-07,202.28916588517245,206.40147962905075,201.35145357924353,204.57320256330104,203.2687871209753,2.49,0.6417,191999.44317851812,7488806.298423669,12600675
300750.SZ,2023-04-10,206.34385485047412,210.64999739501928,203.25830988850683,210.59761123267688,204.57320256330104,11.5,2.9449,329055.2357573346,13065426.022742713,12616620
300750.SZ,2023-04-11,209.54988798582892,214.71516359278942,208.4969261227467,209.51845628842347,210.59761123267688,-2.06,-0.5124,274238.33618697163,11043790.915979313,12638318
300750.SZ,2023-04-12,209.54464936959468,209.54464936959468,205.3537563822028,205.35899499843703,209.51845628842347,-7.94,-1.9852,166775.58747091,6573243.518953158,12674082
300750.SZ,2023-04-13,204.3060331353548,205.01848494321143,201.68672501823488,203.39451391059706,205.35899499843703,-3.75,-0.9566,191776.69351566382,7437216.957285529,12681021
300750.SZ,2023-04-14,203.20592372616443,210.7862014171095,202.99637907679482,208.12498437011567,203.39451391059706,9.03,2.3258,303966.7974898061,12097144.539009247,12700767
300750.SZ,2023-04-17,207.62207721162864,214.78326560383454,207.34443055121395,213.6726789621757,208.12498437011567,10.59,2.6656,337172.20751069114,13694207.894274091,12734892
300750.SZ,2023-04-18,213.67791757840993,218.97415859122643,213.36360060435555,214.25940398041055,213.6726789621757,1.12,0.2746,268401.3558408752,11058352.406378517,12750161
300750.SZ,2023-04-19,217.14064290924247,217.31875586120663,212.6878191101386,214.97709440450143,214.25940398041055,1.37,0.335,221859.25596220783,9105961.730545001,12776898
300750.SZ,2023-04-20,214.94042409086174,214.94042409086174,207.44920287589872,207.44920287589872,214.97709440450143,-14.37,-3.5017,302442.2727598209,12094583.29393993,12797909
300750.SZ,2023-04-21,211.90202667500262,217.36066479108055,209.0207877461707,212.15871887048036,207.44920287589872,8.99,2.2702,482493.40798806556,19640593.87429617,12814430
300750.SZ,2023-04-24,212.21634364905702,212.6878191101386,205.8147546108159,207.91020110451183,212.15871887048036,-8.11,-2.0025,331717.06464047736,13214885.35990174,12464694
300750.SZ,2023-04-25,208.4969261227467,208.4969261227467,199.06741690111494,202.15820047931643,207.91020110451183,-10.98,-2.7666,322583.8321491795,12470766.457944106,12471091
300750.SZ,2023-04-26,202.16911534854646,216.35891945399604,199.3311545274565,213.08434927581538,202.1596238407836,11.51,5.404,418347.9589559775,9272615.532649796,12502573
300750.SZ,2023-04-27,212.60977388767324,220.65857247056374,211.00570907575286,219.25382932166303,213.08434927581538,6.5,2.8953,357889.16628169944,8180100.032573498,12508231
300750.SZ,2023-04-28,222.1012816505158,225.2619537355424,215.35281963113474,219.1114567052204,219.25382932166303,-0.15,-0.0649,285568.9599297398,6605617.933058843,12534952
300750.SZ,2023-05-04,219.25382932166303,220.67755548608943,213.1318068146296,214.05248306762533,219.1114567052204,-5.33,-2.3089,204488.90192117682,4653069.149128883,12548757
300750.SZ,2023-05-05,213.5589246639575,218.30467854537878,212.34401167031365,215.457226216526,214.05248306762533,1.48,0.6563,176377.44622131958,3996766.696910857,12593384
300750.SZ,2023-05-08,218.30467854537878,221.9019599874961,214.56502448681883,219.07349067416902,215.457226216526,3.81,1.6784,239720.97551322865,5518266.934895706,12602467
300750.SZ,2023-05-09,218.6653558403668,218.6653558403668,212.65723142648747,214.34671980827346,219.07349067416902,-4.98,-2.1576,207066.911718081,4685973.197442749,12633069
300750.SZ,2023-05-10,214.31824528498493,222.3385693445869,209.96164322184018,220.69653850161512,214.34671980827346,6.69,2.9624,305081.24445054337,6992827.188092875,12645316
300750.SZ,2023-05-11,220.72501302490366,230.6246556215484,219.4436594769199,228.17584661873505,220.69653850161512,7.88,3.389,366089.05421780655,8737048.353333954,12683779
300750.SZ,2023-05-12,229.68499635302703,232.12431384807755,225.87890174012713,225.87890174012713,228.17584661873505,-2.42,-1.0067,235052.0018256669,5651144.2059798,12694495
300750.SZ,2023-05-15,228.75482859226844,231.59278941335836,223.14534750442849,226.17313848077526,225.87890174012713,0.31,0.1303,281372.2715852454,6751668.69386914,12716599
300750.SZ,2023-05-16,226.27754506616654,228.71686256121706,224.7304293008232,226.84703553193708,226.17313848077526,0.71,0.298,147225.85019321548,3515715.8223728174,12741728
300750.SZ,2023-05-17,226.84703553193708,229.3907596123789,224.0565322496614,227.79618630822134,226.84703553193708,1.0,0.4184,192239.55198594797,4584078.837330002,12760219
300750.SZ,2023-05-18,229.03008231739088,229.09652287173077,219.29179535271442,220.582640408461,227.79618630822134,-7.6,-3.1667,254162.78006367324,5956087.705191898,12782007
300750.SZ,2023-05-19,219.96569240387623,222.272128790247,218.30467854537878,218.30467854537878,220.582640408461,-2.4,-1.0327,205153.58030080138,4744342.011317488,12787277
300750.SZ,2023-05-22,217.35552776909452,220.67755548608943,215.457226216526,218.58942377826406,218.30467854537878,0.3,0.1304,154655.23883851137,3553866.956949939,12807123
300750.SZ,2023-05-23,219.1399312285089,219.92772637282488,213.70129728040015,213.95756798999687,218.58942377826406,-4.88,-2.119,206639.4137797782,4705733.725979031,12641088
300750.SZ,2023-05-24,213.36909450870067,216.89044388871523,212.34401167031365,213.79621235802858,213.95756798999687,-0.17,-0.0754,155778.5693215501,3526548.158242836,12657054
300750.SZ,2023-05-25,213.41655204751487,216.10264874439932,211.17655621548403,212.69519745753882,213.79621235802858,-1.16,-0.515,144900.81390273356,3262138.9544886374,12693326
300750.SZ,2023-05-26,212.7996040429301,213.08434927581538,206.4402938418256,208.81317078253622,212.69519745753882,-4.09,-1.8252,191873.57219782632,4215363.99586925,12709005
300750.SZ,2023-05-29,210.9013024903616,210.92028550588728,204.6369073668855,206.02266750026052,208.81317078253622,-2.94,-1.3364,174231.1275848062,3792593.9628815455,12715983
300750.SZ,2023-05-30,205.96571845368345,213.54943315619468,205.02605918516204,213.54943315619468,206.02266750026052,7.93,3.6534,278850.1433208914,6206355.571936875,12748121
300750.SZ,2023-05-31,213.60638220277173,215.35281963113474,208.96503490674172,209.9236771907888,213.54943315619468,-3.82,-1.6979,198806.60134811723,4418757.967431661,12775595
300750.SZ,2023-06-01,211.34212774825465,216.43013441700532,210.26946962592478,211.5889340418881,209.9467229342503,1.73,0.7822,167932.21432821074,3774993.833519539,12786162
300750.SZ,2023-06-02,213.48744399291448,218.31915181827657,212.6331145149526,216.84780660623113,211.5889340418881,5.54,2.4854,244207.12662019758,5566157.632351153,12813167
300750.SZ,2023-06-05,214.43669896842766,214.43669896842766,205.40928415129727,208.64624361779727,216.84780660623113,-8.64,-3.7822,353910.3282744237,7750351.752460045,12848463
300750.SZ,2023-06-06,206.94707721162865,211.01938105658022,205.96934458685007,208.1526310305304,208.64624361779727,-0.52,-0.2366,181642.72450274424,3984730.03942393,12857879
300750.SZ,2023-06-07,205.39979160154215,205.51370219860374,194.0751797436699,196.7805564238825,208.1526310305304,-11.98,-5.4633,527718.477039517,10996076.622465972,12872009
300750.SZ,2023-06-08,201.9539960404293,202.47608627696158,196.49577993122853,197.45452745649683,196.7805564238825,0.71,0.3425,251333.3152360044,5275528.007944018,12904528
300750.SZ,2023-06-09,197.96712514327396,202.31471293112432,197.96712514327396,201.28002500781494,197.45452745649683,4.03,1.9374,255587.05117014272,5401061.495862349,12914389
300750.SZ,2023-06-12,201.19459206001875,203.1405647598208,198.29936438470358,201.19459206001875,201.28002500781494,-0.09,-0.0424,191009.08046542262,4040700.2838477497,12932396
300750.SZ,2023-06-13,200.30229238303636,203.07411691153487,199.98903824111704,202.28623528185892,201.19459206001875,1.15,0.5426,139516.77201207462,2963778.282519978,12953570
300750.SZ,2023-06-14,206.13071793268733,206.58636032093364,202.1913097843076,202.5710117745129,202.28623528185892,0.3,0.1408,172376.5207672887,3696194.09590472,12986808
300750.SZ,2023-06-15,204.08032718557885,219.16398874648328,203.9854016880275,219.16398874648328,202.5710117745129,17.48,8.1912,531950.6697628979,11905927.3309472,13004930
300750.SZ,2023-06-16,220.22715431905806,222.28703761592163,216.7149109096593,219.3728248410962,219.16398874648328,0.22,0.0953,312243.0618177827,7215627.536002195,13029182
300750.SZ,2023-06-19,221.16691674481612,221.16691674481612,214.53162446597898,216.31622381994376,219.3728248410962,-3.22,-1.3933,197071.19248847422,4499451.540605269,12733253
300750.SZ,2023-06-20,216.30673127018864,219.57216838595397,214.31329582161095,216.43013441700532,216.31622381994376,0.12,0.0527,189206.2877025247,4313503.738852031,12756855
300750.SZ,2023-06-21,217.199030947171,218.8032718557883,213.48744399291448,213.4969365426696,216.43013441700532,-3.09,-1.3553,180335.50986388585,4105715.2541054883,12762217
300750.SZ,2023-06-26,208.75066166510368,215.4334166927165,208.53233302073568,213.74374283630303,213.4969365426696,0.26,0.1156,167611.5417925357,3754948.9641316137,12800146
300750.SZ,2023-06-27,212.61412941544233,214.81640095863293,209.95621548400544,212.1300093779306,213.74374283630303,-1.7,-0.755,141380.85494621296,3156706.979997695,12808744
300750.SZ,2023-06-28,210.94344065853915,215.00625195373556,210.73460456392624,213.1077420027092,212.1300093779306,1.03,0.4609,142834.5844873765,3207567.0094369925,12834091
300750.SZ,2023-06-29,212.16797957695113,215.39544649369597,211.20923205168285,211.20923205168285,213.1077420027092,-2.0,-0.8909,104610.80801427003,2347404.8622135017,12858902
300750.SZ,2023-06-30,212.6236219651975,218.31915181827657,209.1683338543295,217.18004584766075,211.20923205168285,6.29,2.827,227036.17632711306,5163552.898261252,12883650
300750.SZ,2023-07-03,220.1796915702824,222.07820152130876,216.9522246535376,218.2147337709701,217.18004584766075,1.09,0.4764,163858.52485620198,3784827.7888221736,12904136
300750.SZ,2023-07-04,216.90476190476193,218.37610711680736,216.12637282484113,217.6167031363968,218.2147337709701,-0.63,-0.2741,106985.72314050494,2447152.68491921,12926393
300750.SZ,2023-07-05,217.62619568615193,218.7178389079921,214.05699697822237,215.96499947900386,217.6167031363968,-1.74,-0.759,90980.97163336993,2073982.931651921,12938913
300750.SZ,2023-07-06,215.48087944149216,216.88577680525165,212.6046368656872,213.4399812441388,215.96499947900386,-2.66,-1.1692,108333.04291547749,2447846.1624536775,12954556
300750.SZ,2023-07-07,213.39251849536316,213.4399812441388,210.35490257372098,210.97191830780454,213.4399812441388,-2.6,-1.1563,103327.10655214051,2303340.627546323,12984103
300750.SZ,2023-07-10,211.68385953943942,218.3286443680317,211.68385953943942,217.18953839741587,210.97191830780454,6.55,2.9471,169541.7081306257,3870967.990463776,13009846
300750.SZ,2023-07-11,217.9964051266021,218.31915181827657,215.08219235177663,217.4648223403147,217.18953839741587,0.29,0.1267,96483.95042700329,2206133.4868093305,13025902
300750.SZ,2023-07-12,216.90476190476193,217.7590913827238,215.00625195373556,215.47138689173704,217.4648223403147,-2.1,-0.9167,91579.82021953897,2081663.099981888,13051316
300750.SZ,2023-07-13,216.6294779618631,223.0749192455976,216.6294779618631,218.3286443680317,215.47138689173704,3.01,1.326,234475.1681492865,5443015.816911306,13067037
300750.SZ,2023-07-14,218.47103261435868,219.21145149525896,215.05371470251123,216.69592581014902,218.3286443680317,-1.72,-0.7478,136992.60299341384,3129831.165113282,13079774
300750.SZ,2023-07-17,215.4903719912473,216.43013441700532,212.25341252474732,214.19938522454936,216.69592581014902,-2.63,-1.1521,110112.90190340286,2480274.4412555434,13097308
300750.SZ,2023-07-18,216.24028342190272,216.31622381994376,213.1077420027092,214.05699697822237,214.19938522454936,-0.15,-0.0665,90342.17592974752,2037489.9514794732,12838738
300750.SZ,2023-07-19,212.6331145149526,213.53490674169012,207.48815254767118,208.3614671251433,214.05699697822237,-6.0,-2.6608,185410.47931284303,4088231.5838291985,12873080
300750.SZ,2023-07-20,207.8868396373867,215.18661039908307,207.8868396373867,209.83281233718873,208.3614671251433,1.55,0.7062,152136.65845883646,3399185.1622959385,12883684
300750.SZ,2023-07-21,209.64296134208607,211.66487443992915,208.60827341877672,210.34541002396585,209.83281233718873,0.54,0.2443,88422.24920087816,1957353.9322198683,12919899
300750.SZ,2023-07-24,206.13071793268733,209.67143899135147,203.27346045639263,207.86785453787644,210.34541002396585,-2.61,-1.1779,144527.43840065863,3150214.4988846323,12944018
300750.SZ,2023-07-25,213.48744399291448,216.08840262582058,209.80433468792333,214.86386370740857,207.86785453787644,7.37,3.3656,203172.44046652032,4568501.146549726,12945904
300750.SZ,2023-07-26,213.69628008752738,215.48087944149216,212.3103678232781,215.15813274981767,214.86386370740857,0.31,0.137,162830.70827881448,3670986.958078485,12995461
300750.SZ,2023-07-27,219.27789934354487,221.06249869750965,215.36696884443057,215.4618943419819,215.15813274981767,0.32,0.1412,219743.22535126237,5042692.165413392,13005895
300750.SZ,2023-07-28,215.4618943419819,219.27789934354487,213.62983223924147,218.37610711680736,215.4618943419819,3.07,1.3525,198082.65940175633,4534083.471801866,13017543
300750.SZ,2023-07-31,222.12566427008443,227.3465666354069,221.27133479212256,225.68537042825884,218.37610711680736,7.7,3.3471,315012.87611196487,7483449.187253019,13037912
300750.SZ,2023-08-01,225.35313118682924,226.96686464520164,222.600291757841,223.5495467333542,225.68537042825884,-2.25,-0.9464,164499.19571459934,3892936.937204062,13056029
300750.SZ,2023-08-02,224.97342919662395,227.33707408565178,223.5495467333542,224.49880170886738,223.5495467333542,1.0,0.4246,149034.61519758508,3529603.669644896,13078199
300750.SZ,2023-08-03,224.02417422111077,227.7927164738981,223.5780243826196,227.00483484422216,224.49880170886738,2.64,1.1163,170455.00331723382,4066160.5033076843,13113409
300750.SZ,2023-08-04,232.5674690007294,237.2757736792748,228.87486714598316,233.05158903824113,227.00483484422216,6.37,2.6637,332573.1843852909,8151482.394724149,13128091
300750.SZ,2023-08-07,232.09284151297283,234.40902365322498,230.96322809211213,233.98185891424407,233.05158903824113,0.98,0.3992,157257.5270614709,3861457.543605049,13143249
300750.SZ,2023-08-08,233.4977388767323,236.6777430447015,232.4535584036678,234.5988746483276,233.98185891424407,0.65,0.2637,158721.06429418223,3932610.44218584,13175877
300750.SZ,2023-08-09,233.042096488486,235.11147233510474,230.80185474627487,234.46597895175577,234.5988746483276,-0.14,-0.0566,123092.96555104281,3026744.5619094404,13198180
300750.SZ,2023-08-10,235.32030842971764,238.57625299572786,231.7321246222778,233.9913514639992,234.46597895175577,-0.5,-0.2024,147915.62185290892,3654840.3753421516,13213425
300750.SZ,2023-08-11,236.31702615400647,236.31702615400647,229.24507658643327,229.24507658643327,233.9913514639992,-5.0,-2.0284,181237.54358726676,4437202.383609221,12851645
300750.SZ,2023-08-14,227.06179014275295,227.80220902365323,218.52798791288947,221.08148379701993,229.24507658643327,-8.6,-3.5611,270667.1933545554,6320960.860654117,12874158
300750.SZ,2023-08-15,221.06249869750965,222.69521725539232,217.7590913827238,219.56267583619885,221.08148379701993,-1.6,-0.687,153910.94465532384,3559534.240179583,12891302
300750.SZ,2023-08-16,219.77151193081173,222.48638116077942,218.43306241533816,220.79670730436595,219.56267583619885,1.3,0.562,147579.36867727773,3438131.5907621295,12898238
300750.SZ,2023-08-17,223.0654266958425,224.49880170886738,217.26547879545691,223.3122329894759,220.79670730436595,2.65,1.1393,215355.97418331506,5022665.369146433,12934288
300750.SZ,2023-08-18,223.3502031884964,226.9858497447119,222.52435135979994,223.90077107429408,223.3122329894759,0.62,0.2635,176664.84171899012,4190559.616344896,12962082
300750.SZ,2023-08-21,222.1161717203293,223.90077107429408,220.4170053141607,221.13843909555072,223.90077107429408,-2.91,-1.2337,113567.3689165752,2659044.4918504944,12970189
300750.SZ,2023-08-22,222.88506825049498,223.24578514118997,215.96499947900386,219.04058559966657,221.13843909555072,-2.21,-0.9487,160009.07439846324,3695128.906860593,12990697
300750.SZ,2023-08-23,218.9931228508909,220.13222882150674,215.48087944149216,215.95550692924874,219.04058559966657,-3.25,-1.4085,125097.16889901207,2866486.9483870473,13013336
300750.SZ,2023-08-24,217.26547879545691,219.79049703032197,215.00625195373556,217.33192664374283,215.95550692924874,1.45,0.6374,149145.5548320527,3428961.4318221738,13029485
300750.SZ,2023-08-25,216.3636865687194,218.3001667187663,214.35126602063147,216.75288110867982,217.33192664374283,-0.61,-0.2664,117830.60703951701,2685784.391724369,13049734
300750.SZ,2023-08-28,229.24507658643327,231.5802438261957,217.8540168802751,218.8032718557883,216.75288110867982,2.16,0.946,235042.38139956092,5509671.810961581,13067127
300750.SZ,2023-08-29,219.4677503386475,230.66895904970306,219.2019589455038,226.39731165989375,218.8032718557883,8.0,3.4707,307346.24260702525,7338786.907315258,13099036
300750.SZ,2023-08-30,227.25164113785561,229.71970407418988,225.44805668438056,225.44805668438056,226.39731165989375,-1.0,-0.4193,153716.72918660814,3679177.869056641,13105460
300750.SZ,2023-08-31,225.06835469417527,226.39731165989375,224.14757736792748,224.54626445764305,225.44805668438056,-0.95,-0.4,101885.44963666302,2417239.0150070256,13127316
300750.SZ,2023-09-01,224.5937272064187,227.35605918516205,222.69521725539232,224.40387621131606,224.54626445764305,-0.15,-0.0634,95876.57936772778,2273128.4393147095,13139943
300750.SZ,2023-09-04,226.12202771699492,226.64411795352714,221.5561112847765,225.59044493070755,224.40387621131606,1.25,0.5288,148035.95833040614,3505715.121694182,13182141
300750.SZ,2023-09-05,224.97342919662395,227.3465666354069,224.17605501719288,224.8025633010316,225.59044493070755,-0.83,-0.3493,122007.94621844127,2899323.5916536776,13200154
300750.SZ,2023-09-06,224.07163696988644,225.1348025424612,220.9865582994686,222.52435135979994,224.8025633010316,-2.4,-1.0134,131416.56690559824,3077715.321345115,13047007
300750.SZ,2023-09-07,221.17640929457124,221.88835052620612,215.01574450349068,215.01574450349068,222.52435135979994,-7.91,-3.3743,202960.11605927552,4640589.891686938,13064129
300750.SZ,2023-09-08,213.5823694904658,215.67073043659477,209.31072210065648,211.62690424090863,215.01574450349068,-3.57,-1.5761,173814.65913391876,3866841.796658068,13081126
300750.SZ,2023-09-11,211.5889340418881,212.20594977597167,208.53233302073568,210.28845472543506,211.62690424090863,-1.41,-0.6325,179729.3397464325,3976591.1755788145,13116350
300750.SZ,2023-09-12,210.73460456392624,211.12379910388665,206.50092737313744,206.8711368135876,210.28845472543506,-3.6,-1.6251,192058.08207793633,4208328.136326455,13135082
300750.SZ,2023-09-13,205.98832968636034,208.02922788371367,204.11829738459937,205.60862769615505,206.8711368135876,-1.33,-0.6103,159448.12922173436,3453971.6299379803,13158570
300750.SZ,2023-09-14,202.83680316765657,205.3238512035011,202.219787433573,204.02337188704806,205.60862769615505,-1.67,-0.771,192720.6543227223,4128548.7114579584,13168725
300750.SZ,2023-09-15,201.24205480879442,203.1405647598208,196.11607794102324,197.21721371261853,204.02337188704806,-7.17,-3.336,354804.4821339188,7409127.781708783,13192952
300750.SZ,2023-09-18,195.54652495571534,203.79555069292488,195.54652495571534,202.2482650828384,197.21721371261853,5.3,2.551,280151.12573545554,5946837.51849517,13209894
300750.SZ,2023-09-19,202.2482650828384,202.64695217255394,199.91309784307597,201.54581640095864,202.2482650828384,-0.74,-0.3473,158275.65182766193,3354049.4589230516,13230213
300750.SZ,2023-09-20,202.1913097843076,202.50456392622698,198.09052829009067,199.24861936021676,201.54581640095864,-2.42,-1.1398,137871.12354006586,2897184.3329166854,13261497
300750.SZ,2023-09-21,199.3530374075232,200.2453370845056,196.18252578930915,196.23948108783995,199.24861936021676,-3.17,-1.5102,170817.42438309552,3548226.7218869375,13281223
300750.SZ,2023-09-22,195.07189746795876,200.71996457226217,195.07189746795876,200.22635198499535,196.23948108783995,4.2,2.0316,237123.48716245883,4947943.139787925,13295804
300750.SZ,2023-09-25,202.21029488381788,202.7798478691258,198.11900593935607,198.66008127539857,200.22635198499535,-1.65,-0.7823,143326.66513172336,3017547.417596048,13310641
300750.SZ,2023-09-26,196.18252578930915,196.82801917265814,193.1733875169324,194.12264249244558,198.66008127539857,-4.78,-2.284,213365.03386827663,4372818.496690999,13343010
300750.SZ,2023-09-27,195.83130144836932,197.91016984474317,192.17666979264354,193.3252683130145,194.12264249244558,-0.84,-0.4108,230169.54942151482,4709650.292412844,13361634
300750.SZ,2023-09-28,193.64801500468897,196.02115244347192,192.30007293946028,192.72723767844118,193.3252683130145,-0.63,-0.3093,166546.65403732163,3395574.365314709,13388535
300750.SZ,2023-10-09,190.80025007814945,191.06604147129312,183.206210274044,185.57934771282694,192.72723767844118,-7.53,-3.7088,355466.4117694841,6971546.449279693,13400745
300750.SZ,2023-10-10,187.8385745545483,187.9524851516099,184.83892883192667,184.83892883192667,185.57934771282694,-0.78,-0.399,209274.2257080132,4104200.4440311743,13121190
300750.SZ,2023-10-11,187.82908200479318,188.52203813691779,184.25039074710847,184.88639158070234,184.83892883192667,0.05,0.0257,213306.70391328214,4176278.3712108675,13144206
300750.SZ,2023-10-12,185.11421277482546,187.76263415650726,184.15546524955718,185.99701990205273,184.88639158070234,1.17,0.6007,254999.05319868276,4997792.21956169,13155164
300750.SZ,2023-10-13,184.0130770032302,184.94334687923313,179.97874335729915,180.92799833281234,185.99701990205273,-5.34,-2.7253,299416.26573655324,5720132.844249287,13182858
300750.SZ,2023-10-16,180.68119203917894,180.86155048452642,174.57748254662917,175.38434927581537,180.92799833281234,-5.84,-3.064,260031.8105960483,4849245.989478705,13204445
300750.SZ,2023-10-17,176.09629050745025,179.69396686464523,175.20399083046786,176.02984265916433,175.38434927581537,0.68,0.368,227107.57969264546,4242587.599630736,13232602
300750.SZ,2023-10-18,175.70709596748983,178.69724914035638,174.28321350422007,176.84620193810568,176.02984265916433,0.86,0.4638,185955.56995060373,3459605.7494716793,13240039
300750.SZ,2023-10-19,175.05211003438575,176.2576638532875,173.0301969365427,173.4288840262582,176.84620193810568,-3.6,-1.9324,183872.19925356752,3381036.4789132825,13256962
300750.SZ,2023-10-20,169.91664061685944,178.165666354069,169.91664061685944,171.8151505678858,173.4288840262582,-1.7,-0.9305,316320.62801427004,5771211.485131614,13293358
300750.SZ,2023-10-23,171.1506720850266,171.1506720850266,166.87902469521728,168.2649369594665,171.8151505678858,-3.74,-2.0663,213044.1401064764,3789871.3104507136,13315012
300750.SZ,2023-10-24,168.96738564134625,170.10649161196207,166.40439720746068,167.46756278003542,168.2649369594665,-0.84,-0.4739,256827.29750054886,4540512.79390966,13323988
300750.SZ,2023-10-25,169.15723663644889,170.39126810461605,166.7651140981557,167.04989059080964,167.46756278003542,-0.44,-0.2494,226853.49622063668,4023079.5471316134,13357466
300750.SZ,2023-10-26,165.17036573929354,169.25216213400023,160.24373241638014,169.03383348963217,167.04989059080964,2.09,1.1876,436348.16849506035,7559131.247240285,13375095
300750.SZ,2023-10-27,168.8249973950193,176.44751484839014,167.0878607898302,175.34637907679485,169.03383348963217,6.65,3.7345,503503.1075203074,9196619.373293744,13385004
300750.SZ,2023-10-30,177.5106804209649,180.24453475044285,175.42231947483592,178.47892049598835,175.34637907679485,3.3,1.7865,339840.1149549945,6374465.433514051,13416153
300750.SZ,2023-10-31,177.2069188288007,177.7195165155778,175.23246847973326,176.18172345524644,178.47892049598835,-2.42,-1.2871,191229.28473655324,3549473.491227662,13436598
300750.SZ,2023-11-01,176.36208190059395,180.64322184015842,175.13754298218194,178.02327810774202,176.18172345524644,1.94,1.0453,207818.3997859495,3892652.945013392,13449144
300750.SZ,2023-11-02,178.93456288423468,180.24453475044285,176.15324580598104,176.15324580598104,178.02327810774202,-1.97,-1.0504,144983.9859154775,2715482.800189133,13469249
300750.SZ,2023-11-03,176.5614254454517,179.10542877982704,175.23246847973326,177.9283526101907,176.15324580598104,1.87,1.0077,151333.94473106478,2826744.8485580683,13220671
300750.SZ,2023-11-06,179.0010107325206,187.09815567364802,178.887100135459,187.07917057413778,177.9283526101907,9.64,5.143,368377.63195389684,7161478.656801208,13243261
300750.SZ,2023-11-07,186.0444826508284,186.15839324789,180.47235594456603,181.5355215171408,187.07917057413778,-5.84,-2.9633,274744.86489681667,5276607.629359166,13257329
300750.SZ,2023-11-08,180.52931124309683,183.1492549755132,180.35844534750444,182.1050745024487,181.5355215171408,0.6,0.3137,154354.3766212953,2959212.938000549,13285155
300750.SZ,2023-11-09,180.95647598207773,182.80752318432846,180.86155048452642,181.73486506199853,182.1050745024487,-0.39,-0.2033,115849.7693841932,2216716.6802180023,13303682
300750.SZ,2023-11-10,179.40919037199126,180.32996769823905,178.50739814525375,179.43766802125666,181.73486506199853,-2.42,-1.264,122305.97994731065,2306894.222825796,13331818
300750.SZ,2023-11-13,182.2569552985308,182.44680629363344,177.52966552047516,178.31754715015109,179.43766802125666,-1.18,-0.6242,131888.64238748627,2488539.9991956092,13349931
300750.SZ,2023-11-14,178.31754715015109,179.21933937688863,173.71366051891218,174.35915390226114,178.31754715015109,-4.17,-2.2199,247439.14549725575,4578958.118865971,13361546
300750.SZ,2023-11-15,177.40626237365845,179.01999583203087,174.26422840470983,175.11855788267167,174.35915390226114,0.8,0.4355,250798.69596816687,4659708.201801866,13378087
300750.SZ,2023-11-16,176.06781285818485,176.07730540794,170.96082108992394,171.9575388142128,175.11855788267167,-3.33,-1.8051,183999.03556531284,3350029.8413298577,13400127
300750.SZ,2023-11-17,170.72350734604564,172.0524643117641,170.38177555486092,171.55885172449723,171.9575388142128,-0.42,-0.2319,116765.62447310648,2107294.1049569706,13426531
300750.SZ,2023-11-20,171.56834427425238,172.57455454829636,169.92613316661456,171.1506720850266,171.55885172449723,-0.43,-0.2379,130720.61058507135,2354517.6908782655,13451045
300750.SZ,2023-11-21,172.764405543399,174.66291549442536,170.87538814212775,171.44494112743567,171.1506720850266,0.31,0.1719,208228.7847826564,3793639.225386389,13470402
300750.SZ,2023-11-22,170.43873085339172,172.09992706053978,168.0181306658331,168.0181306658331,171.44494112743567,-3.61,-1.9988,196876.17639187706,3510793.464314819,13492260
300750.SZ,2023-11-23,167.07836824007504,168.6826091486923,166.01520266750026,168.6826091486923,168.0181306658331,0.7,0.3955,165606.22177936335,2919411.113438529,13509013
300750.SZ,2023-11-24,168.0466083150985,169.15723663644889,165.64499322705012,166.11962071480673,168.6826091486923,-2.7,-1.5194,175097.82333260155,3074770.9901884743,13517477
300750.SZ,2023-11-27,165.44564968219237,165.64499322705012,161.94289882254873,162.03782432010004,166.11962071480673,-4.3,-2.4571,194068.05837431396,3330024.1447679475,13552138
300750.SZ,2023-11-28,161.4018234865062,163.24337813900178,160.30068771491094,163.1959153902261,162.03782432010004,1.22,0.7147,212911.49924259057,3627623.5983260153,13555865
300750.SZ,2023-11-29,162.322600812754,162.683317703449,157.92755027612796,158.3831926643743,163.1959153902261,-5.07,-2.949,265350.4869582876,4461758.63309045,13233785
300750.SZ,2023-11-30,156.83590705428782,160.10134417005315,156.1429509221632,158.52558091070128,158.3831926643743,0.15,0.0899,242581.40956860592,4039496.7083812295,13248420
300750.SZ,2023-12-01,158.80086485360007,159.1900593935605,156.0859956236324,157.1016984474315,158.52558091070128,-1.5,-0.8982,178689.70337321624,2966644.1447700327,13258884
300750.SZ,2023-12-04,155.20318849640515,156.09548817338754,153.05787225174535,153.44706679170577,157.1016984474315,-3.85,-2.3263,252096.66124807906,4100615.0353814494,13281281
300750.SZ,2023-12-05,152.02318432843597,154.13053037407525,150.5993018651662,150.75118266124832,153.44706679170577,-2.84,-1.7569,261339.04630406148,4191614.2307802415,13311256
300750.SZ,2023-12-06,150.5993018651662,158.39268521412944,150.19112222569555,154.61465041158695,150.75118266124832,4.07,2.5628,387348.78350384196,6346387.193538968,13336389
300750.SZ,2023-12-07,153.77930603313536,157.91805772637284,153.3996040429301,156.1429509221632,154.61465041158695,1.61,0.9885,283468.9066070253,4646635.43703359,13367589
300750.SZ,2023-12-08,156.6270709596749,157.88958007710747,154.84247160571013,155.28862144420134,156.1429509221632,-0.9,-0.5471,258118.71027332603,4245838.527020747,13379651
300750.SZ,2023-12-11,153.78879858289048,157.282056892779,152.0326768781911,156.95931020110453,155.28862144420134,1.76,1.0759,226383.52765422614,3684221.658263447,13388042
300750.SZ,2023-12-12,155.67781598416173,156.83590705428782,154.70957590913827,155.32659164322186,156.95931020110453,-1.72,-1.0402,155215.16747420415,2544656.5688993414,13423318
300750.SZ,2023-12-13,154.30139626966763,155.28862144420134,150.656257163697,151.26378034802542,155.32659164322186,-4.28,-2.6157,266097.0935268935,4261326.786107355,13441654
300750.SZ,2023-12-14,152.7161404605606,153.29518599562365,148.5014483692821,148.68180681462957,151.26378034802542,-2.72,-1.7069,239676.38397365532,3788511.294403074,13480622
300750.SZ,2023-12-15,149.2228821506721,150.6277795144316,146.75481921433783,147.1345212045431,148.68180681462957,-1.63,-1.0407,212847.29099341383,3326926.5544725577,13485439
300750.SZ,2023-12-18,145.3404293008232,145.89099718662084,138.85701781806816,139.51200375117224,147.1345212045431,-8.03,-5.1806,452069.4766630077,6740875.733140835,13501746
300750.SZ,2023-12-19,138.88549546733356,142.36926122746692,138.84752526831303,141.438991351464,139.51200375117224,2.03,1.3812,265315.2382623491,3933681.68650505,13521043
300750.SZ,2023-12-20,141.62884234656664,143.527352297593,140.79349796811505,140.91690111493176,141.438991351464,-0.55,-0.3691,223853.11163117454,3344309.2423969265,13558042
300750.SZ,2023-12-21,140.08155673648017,147.44777534646246,140.08155673648017,146.55547566948005,140.91690111493176,5.94,4.0013,443837.5577354556,6777298.153767399,13563165
300750.SZ,2023-12-22,145.71063874127333,150.37148067104303,144.47660727310617,148.3590601229551,146.55547566948005,1.9,1.2306,295306.6112173436,4592993.320517453,13587610
300750.SZ,2023-12-25,147.6091486922997,149.86837553402106,146.94467020944046,149.54562884234656,148.3590601229551,1.25,0.7998,137008.58394731066,2144964.0270773876,13438433
300750.SZ,2023-12-26,149.00455350630406,149.50765864332604,146.8877149109097,148.207179326873,149.54562884234656,-1.41,-0.895,134497.60421953897,2101098.054210099,13456720
300750.SZ,2023-12-27,149.53613629259144,149.98228613108265,146.0618630822132,146.49852037094928,148.207179326873,-1.8,-1.1529,182842.97104281012,2829918.2604207466,13469058
300750.SZ,2023-12-28,146.3941023236428,154.88044180473065,145.77708658955925,154.71906845889342,146.49852037094928,8.66,5.6114,398735.639805708,6404399.146513172,13509243
300750.SZ,2023-12-29,155.65883088465145,156.6270709596749,153.77930603313536,154.97536730228197,154.71906845889342,0.27,0.1657,238964.05691986828,3905275.1574948407,13522798
300750.SZ,2024-01-02,153.98814212774826,154.28241117015736,148.67231426487444,148.87165780973223,154.97536730228197,-6.43,-3.9385,225474.38309110867,3571306.379687157,13536963
300750.SZ,2024-01-03,148.1787016776076,149.29882254871316,146.5649682192352,147.89392518495364,148.87165780973223,-1.03,-0.6568,208137.76603402855,3234132.823312624,13570189
300750.SZ,2024-01-04,147.6091486922997,147.81798478691258,142.16991768260917,143.527352297593,147.89392518495364,-4.6,-2.9525,286980.449960483,4334805.127332053,13597041
300750.SZ,2024-01-05,143.32800875273526,146.87822236115454,141.90412628946547,143.24257580493907,143.527352297593,-0.3,-0.1984,221598.1853413831,3366045.7510613613,13607629
300750.SZ,2024-01-08,142.57809732207983,145.60622069396686,141.51493174950508,142.3882463269772,143.24257580493907,-0.9,-0.5964,204217.04916026344,3082973.950616246,13633506
300750.SZ,2024-01-09,142.35027612795668,143.68872564343025,138.35391268104618,141.15421485881004,142.3882463269772,-1.3,-0.8667,246420.88378155875,3659193.31433809,13664800
300750.SZ,2024-01-10,139.48352610190685,145.3404293008232,139.11331666145674,143.01475461081588,141.15421485881004,1.96,1.3181,244528.18893523602,3687446.165986828,13673686
300750.SZ,2024-01-11,143.01475461081588,149.76395748671462,140.97385641346256,146.9636553089507,143.01475461081588,4.16,2.7612,345553.12161800225,5306335.677910867,13701268
300750.SZ,2024-01-12,146.1852662290299,149.34628529748883,144.47660727310617,146.78329686360323,146.9636553089507,-0.19,-0.1227,268233.81132382,4154560.421311416,13715331
300750.SZ,2024-01-15,145.71063874127333,145.90048973637596,141.77123059289363,144.0019797853496,146.78329686360323,-2.93,-1.8948,181955.2538100988,2758118.814794292,13744921
300750.SZ,2024-01-16,143.96400958632907,149.27034489944776,142.91982911326457,148.9855684067938,144.0019797853496,5.25,3.4608,299911.7279802415,4657995.947410868,13754147
300750.SZ,2024-01-17,148.90013545899762,148.90013545899762,144.04944253412526,144.51457747212672,148.9855684067938,-4.71,-3.001,229248.46918221735,3522113.8874647645,13783515
300750.SZ,2024-01-18,142.4831718245285,147.32437219964572,142.39773887673232,146.76431176409298,144.51457747212672,2.37,1.5568,324241.42926783755,4939069.922141164,13797829
300750.SZ,2024-01-19,145.9954152339273,149.87786808377618,145.615713243722,147.03959570699178,146.76431176409298,0.29,0.1876,280166.11643907794,4357137.270483095,13488442
300750.SZ,2024-01-22,145.71063874127333,151.83333333333334,143.00526206106076,147.76102948838178,147.03959570699178,0.76,0.4906,426532.5022722283,6661509.621881559,13518851
300750.SZ,2024-01-23,147.1345212045431,150.7416901114932,145.41636969886423,146.0998332812337,147.76102948838178,-1.75,-1.1242,340328.9509495061,5302114.190425027,13542953
300750.SZ,2024-01-24,146.6598937167865,147.12502865478797,141.9231113889757,145.69165364176305,146.0998332812337,-0.43,-0.2794,262005.29511635564,3977995.1703266744,13549419
300750.SZ,2024-01-25,144.28675627800357,147.2294467020944,142.11296238407837,147.1345212045431,145.69165364176305,1.52,0.9904,310555.222363337,4744239.097156531,13583082
300750.SZ,2024-01-26,144.76138376576014,146.64090861727624,142.3882463269772,142.3882463269772,147.1345212045431,-5.0,-3.2258,286343.1923051592,4338745.915736115,13604034
300750.SZ,2024-01-29,141.8566635406898,143.12866520787748,139.55946649994792,139.55946649994792,142.3882463269772,-2.98,-1.9867,229311.4132821076,3408894.4766927552,13630675
300750.SZ,2024-01-30,138.11659893716788,139.95815358966345,133.27539856205067,133.60763780348026,139.55946649994792,-6.27,-4.2647,344769.59135565313,4930355.673374095,13635691
300750.SZ,2024-01-31,137.64197144941127,145.19804105449623,136.69271647389812,143.89756173804315,133.60763780348026,10.84,7.7016,627040.2529923161,9421087.08797157,13658628
300750.SZ,2024-02-01,143.88806918828803,144.78036886527042,141.04030426174847,141.4579764509743,143.89756173804315,-2.57,-1.6954,294639.9515565313,4422393.299261361,13691035
300750.SZ,2024-02-02,140.48973637595083,141.438991351464,136.0946858393248,138.59122642492446,141.4579764509743,-3.02,-2.0266,323475.123039517,4734519.896058837,13708430
300750.SZ,2024-02-05,135.3732520579348,146.6598937167865,135.0789830155257,144.22980097947277,138.59122642492446,5.94,4.0685,496522.15912294184,7411731.257132931,13721047
300750.SZ,2024-02-06,143.5178597478379,151.17834740022923,143.166635406898,150.295540273002,144.22980097947277,6.39,4.2056,460844.8428342481,7193322.237061251,13739100
300750.SZ,2024-02-07,149.98228613108265,151.68145253725123,148.08377618005628,151.50109409190372,150.295540273002,1.27,0.8021,385639.69580680574,6110791.689939846,13767351
300750.SZ,2024-02-08,151.4061685943524,156.6270709596749,150.81763050953424,154.57668021256643,151.50109409190372,3.24,2.0301,325530.619244786,5284507.227668826,13806494
300750.SZ,2024-02-19,156.5891007606544,156.5891007606544,151.01697405439202,151.9662290299052,154.57668021256643,-2.75,-1.6888,285407.7850406147,4587973.384754227,13829535
300750.SZ,2024-02-20,153.6653954360738,153.6653954360738,148.1502240283422,150.295540273002,151.9662290299052,-1.76,-1.0994,233812.74338858397,3693808.6957136113,13833519
300750.SZ,2024-02-21,149.39374804626448,155.01333750130252,148.40652287173077,153.0199020527248,150.295540273002,2.87,1.8127,271609.45862897916,4356654.145282986,13865739
300750.SZ,2024-02-22,153.14330519954154,153.14330519954154,150.81763050953424,152.2130353235386,153.0199020527248,-0.85,-0.5273,220762.04539956094,3528320.602364325,13599851
300750.SZ,2024-02-23,153.75082838386996,153.77930603313536,150.98849640512663,152.3554235698656,152.2130353235386,0.15,0.0935,221411.94454774974,3548860.2250188803,13608710
300750.SZ,2024-02-26,151.14986975096386,151.8713035323539,146.84974471188914,148.08377618005628,152.3554235698656,-4.5,-2.8037,379944.54525246983,5940376.294526674,13624013
300750.SZ,2024-02-27,147.21046160258416,149.83989788475566,146.69786391580703,149.8209127852454,148.08377618005628,1.83,1.1731,305924.9174259056,4773299.290372887,13647090
300750.SZ,2024-02-28,150.15315202667503,155.01333750130252,149.04252370532458,149.04252370532458,149.8209127852454,-0.82,-0.5195,422349.2321262349,6766848.835875083,13676141
300750.SZ,2024-02-29,148.1787016776076,155.4594873397937,147.76102948838178,155.21268104616027,149.04252370532458,6.5,4.1399,412613.10196267837,6652895.700215697,13701073
300750.SZ,2024-03-01,155.23166614567054,157.15865374596228,154.15900802334065,156.199906220694,155.21268104616027,1.04,0.636,296035.69878375414,4857462.272986498,13720562
300750.SZ,2024-03-04,156.6270709596749,159.34194018964263,154.51023236428054,155.5828904866104,156.199906220694,-0.65,-0.395,282417.0290548848,4661377.084284303,13740772
300750.SZ,2024-03-05,153.87423153068667,156.81692195477754,151.88079608210901,156.2948317182453,155.5828904866104,0.75,0.4576,290223.3826597146,4717498.943399341,13769212
300750.SZ,2024-03-06,154.32987391893303,158.43065541314996,153.4945295404814,155.33608419297698,156.2948317182453,-1.01,-0.6134,197186.31435016467,3231856.860525247,13787432
300750.SZ,2024-03-07,154.72856100864854,155.83918932999896,151.38718349484213,152.02318432843597,155.33608419297698,-3.49,-2.1327,233288.43747200878,3759565.542514709,13795321
300750.SZ,2024-03-08,151.05494425341254,152.64020006251957,148.70079191413984,149.98228613108265,152.02318432843597,-2.15,-1.3425,212977.79333809004,3365291.8861689353,13824539
300750.SZ,2024-03-11,156.6270709596749,172.43216630196937,155.77274148171304,171.67276232155882,149.98228613108265,22.85,14.462,804157.4599989023,13956400.687642261,13846522
300750.SZ,2024-03-12,174.03640721058665,176.9696050849224,170.86589559237262,176.40954464936962,171.67276232155882,4.99,2.7592,654880.9498353458,12039034.021203622,13868379
300750.SZ,2024-03-13,177.5106804209649,178.165666354069,173.99843701156612,175.7830363655309,176.40954464936962,-0.66,-0.3551,366559.02679034026,6788589.18649989,13879593
300750.SZ,2024-03-14,175.50775242263208,178.42196519745755,173.67569031989166,174.48255704907785,175.7830363655309,-1.37,-0.7398,321680.12586388586,5944582.979877827,13911563
300750.SZ,2024-03-15,174.31169115348547,174.56798999687405,167.8757424195061,171.8151505678858,174.48255704907785,-2.81,-1.5288,373805.19370801316,6712066.177536224,13932027
300750.SZ,2024-03-18,180.39641554652496,183.927644055434,179.3617276232156,181.2697301239971,171.8151505678858,9.96,5.5028,508874.58318441274,9722560.353197584,13934641
300750.SZ,2024-03-19,180.8235802855059,182.54173179118476,177.13097843075963,177.7479941648432,181.2697301239971,-3.71,-1.9428,283986.67055104283,5371653.634202305,13616825
300750.SZ,2024-03-20,176.09629050745025,181.5355215171408,176.09629050745025,179.8648327602376,177.7479941648432,2.23,1.1909,221558.84922941824,4200246.91452843,13633626
300750.SZ,2024-03-21,179.893310409503,182.14304470146922,179.48513077003233,179.48513077003233,179.8648327602376,-0.4,-0.2111,197594.11837541166,3762549.690160044,13663678
300750.SZ,2024-03-22,179.49462331978745,180.27301239970825,175.60267792018342,177.04554548296343,179.48513077003233,-2.57,-1.3592,201245.89802305162,3753536.7302907794,13682324
300750.SZ,2024-03-25,176.15324580598104,178.6497863915807,175.11855788267167,175.42231947483592,177.04554548296343,-1.71,-0.9168,172907.86378155873,3209184.3651945116,13693363
300750.SZ,2024-03-26,176.27664895279776,183.32961342086068,176.26715640304263,182.06710430342818,175.42231947483592,7.0,3.7879,318642.6068891329,6053185.544688474,13723939
300750.SZ,2024-03-27,182.0101490048974,182.0196415546525,178.45993539647807,178.45993539647807,182.06710430342818,-3.8,-1.9812,217493.76650713503,4119072.7221484086,13741595
300750.SZ,2024-03-28,178.526383244764,181.97217880587684,177.13097843075963,179.20035427737835,178.45993539647807,0.78,0.4149,211078.43010428103,3994868.9686350166,13769967
300750.SZ,2024-03-29,180.64322184015842,185.10472022507034,179.76990726268627,180.51032614358655,179.20035427737835,1.38,0.731,173449.7729769484,3322631.758969594,13784047
300750.SZ,2024-04-01,184.15546524955718,189.68962175679903,183.58591226424926,187.80060435552778,180.51032614358655,7.68,4.0387,289839.79762788146,5729428.736530736,13810231
300750.SZ,2024-04-02,188.0474106491612,191.34132541419194,186.52860268834013,189.5662186099823,187.80060435552778,1.86,0.9402,253231.3300439078,5049252.846327004,13824628
300750.SZ,2024-04-03,188.84478482859228,188.8542773783474,184.72501823486508,187.62024591018027,189.5662186099823,-2.05,-1.0265,247447.1201723381,4883349.042752141,13838476
300750.SZ,2024-04-08,187.62024591018027,189.75606960508495,184.72501823486508,184.72501823486508,187.62024591018027,-3.05,-1.5431,199709.84075960482,3929370.594010867,13854890
300750.SZ,2024-04-09,184.15546524955718,186.52860268834013,183.88018130665836,186.05397520058352,184.72501823486508,1.4,0.7194,153488.80307025247,2997323.7332380903,13894447
300750.SZ,2024-04-10,184.25988329686362,185.10472022507034,181.8108054600396,182.95940398041057,186.05397520058352,-3.26,-1.6633,189216.75907244787,3644560.94541899,13909693
300750.SZ,2024-04-11,181.12734187767012,184.44024174221113,177.5106804209649,182.8265082838387,182.95940398041057,-0.14,-0.0726,203269.3480439078,3878472.405171899,13940670
300750.SZ,2024-04-12,181.30770032301763,182.23797019902054,178.4694279462332,178.8301448369282,182.8265082838387,-4.21,-2.1859,175144.14386937433,3322344.0280574095,13956778
300750.SZ,2024-04-15,184.0130770032302,187.13612587266854,182.12405960195898,187.13612587266854,178.8301448369282,8.75,4.6446,321812.90367727773,6298530.590021625,13979302
300750.SZ,2024-04-16,188.90174012712308,189.18651661977705,185.02877982702927,187.1456184224237,187.13612587266854,0.01,0.0051,290997.89532382,5741593.082568277,13842107
300750.SZ,2024-04-17,185.43695946649996,186.9367823278108,183.22519537355427,186.0444826508284,187.1456184224237,-1.16,-0.5884,227748.75621075742,4436146.3322575195,13851708
300750.SZ,2024-04-18,184.12698760029178,187.43039491507764,181.67790976346774,185.63630301135774,186.0444826508284,-0.43,-0.2194,205841.17549066962,4012380.64087146,13877219
300750.SZ,2024-04-19,183.2631655725748,184.59212253829324,179.893310409503,181.117849327915,185.63630301135774,-4.76,-2.434,194799.8427925357,3722380.737682986,13890141
300750.SZ,2024-04-22,183.01635927894137,185.0003021777639,180.89952068354694,180.92799833281234,181.117849327915,-0.2,-0.1048,159058.87658726674,3058215.2118092207,13917575
300750.SZ,2024-04-23,181.43110346983434,182.7315827862874,178.34602479941648,180.29199749921852,180.92799833281234,-0.67,-0.3515,117079.14403073546,2226363.83744786,13928558
300750.SZ,2024-04-24,182.2569552985308,182.63665728873607,176.941127435657,179.97874335729915,180.29199749921852,-0.33,-0.1737,159643.9248770582,3018551.083654775,13967922
300750.SZ,2024-04-25,179.0010107325206,184.48770449098677,178.3555173491716,183.3960612691466,179.97874335729915,3.6,1.8987,172960.0942162459,3319177.8745185514,13981315
300750.SZ,2024-04-26,182.26644784828594,188.7878295300615,182.26644784828594,188.40812753985622,183.3960612691466,5.28,2.7329,236902.32424478594,4649461.342685072,13993195
300750.SZ,2024-04-29,190.39207043867876,202.6659372720642,189.85099510263626,198.9923205168282,188.40812753985622,11.15,5.6177,462078.5366575192,9607153.193028871,14027950
300750.SZ,2024-04-30,200.09983119724913,200.09983119724913,196.44326351984995,197.02675836198813,198.99119099718664,-2.02,-0.9872,220392.9404564449,4501136.643429123,14035951
300750.SZ,2024-05-06,205.19568615192247,205.876430134417,200.36240387621132,201.28627070959675,197.02675836198813,4.38,2.1619,278664.66377692064,5794046.08549984,14054499
300750.SZ,2024-05-07,200.50827758674586,202.161512972804,199.50661144107534,201.1890215692404,201.28627070959675,-0.1,-0.0483,135527.18257152042,2799393.5350215365,14079052
300750.SZ,2024-05-08,201.305720537668,202.08371366051892,197.52272897780557,197.63942794623318,201.1890215692404,-3.65,-1.7643,127846.85761170043,2616516.317445838,14086734
300750.SZ,2024-05-09,200.5958018130666,204.7191653641763,200.52772741481712,203.6396999062207,197.63942794623318,6.17,3.036,225417.1905239473,4705440.010298939,14122313
300750.SZ,2024-05-10,203.6396999062207,203.6396999062207,197.41575492341357,197.90200062519537,203.6396999062207,-5.9,-2.8176,234461.01339762137,4807838.797203472,14140246
300750.SZ,2024-05-13,190.90006251953736,196.21959049703034,190.13179431072209,193.86616130040636,197.90200062519537,-4.15,-2.0393,228245.95588878175,4550902.261739634,14161375
300750.SZ,2024-05-14,195.08177555486088,195.66527039699906,192.66999687402313,193.53551422319475,193.86616130040636,-0.34,-0.1706,109972.3037222758,2192129.3660675026,14175362
300750.SZ,2024-05-15,193.53551422319475,197.73667708658957,192.0670522038137,192.4463238512035,193.53551422319475,-1.12,-0.5628,134439.3991771135,2681532.0140045,13897052
300750.SZ,2024-05-16,193.3312910284464,196.09316661456705,191.5613566739606,194.1773585495467,192.4463238512035,1.78,0.8995,158132.03020250725,3151718.871517519,13931397
300750.SZ,2024-05-17,194.20653329165364,197.41575492341357,193.1173429196624,197.41575492341357,194.1773585495467,3.33,1.6678,190193.97942462232,3832750.019528769,13954382
300750.SZ,2024-05-20,201.50021881838074,202.161512972804,197.4254798374492,197.85337605501718,197.41575492341357,0.45,0.2217,204805.62529411766,4199138.561056574,13971548
300750.SZ,2024-05-21,198.06732416380117,198.9522913410441,195.04287589871836,196.01536730228196,197.85337605501718,-1.89,-0.929,126441.81691417552,2550504.0979395695,13994212
300750.SZ,2024-05-22,196.92950922163175,201.305720537668,196.0542669584245,199.2537636761488,196.01536730228196,3.33,1.6521,259504.20648987463,5298884.967123433,14020273
300750.SZ,2024-05-23,198.5827446076899,199.99285714285716,197.54217880587683,198.7188934041888,199.2537636761488,-0.55,-0.2684,181542.17029893928,3704903.2575477343,14038070
300750.SZ,2024-05-24,197.22125664270087,199.2245889340419,195.26654892153798,195.45132228821507,198.7188934041888,-3.36,-1.6443,159494.39700096432,3225019.2500491804,14056918
300750.SZ,2024-05-27,196.24876523913724,196.24876523913724,193.0395436073773,194.50800562675835,195.45132228821507,-0.97,-0.4826,168246.0630504661,3353702.429706525,14077691
300750.SZ,2024-05-28,193.9731353547984,195.06232572678962,192.16430134417004,192.35879962488278,194.50800562675835,-2.21,-1.1049,130489.52364513019,2588717.141123112,14107821
300750.SZ,2024-05-29,192.56302281963113,196.92950922163175,192.35879962488278,193.32156611441076,192.35879962488278,0.99,0.5005,137160.6468820315,2739151.8580408227,14128437
300750.SZ,2024-05-30,193.5744138793373,195.3540731478587,192.22265082838388,193.86616130040636,193.32156611441076,0.56,0.2817,131456.21599485696,2620533.051152363,14139353
300750.SZ,2024-05-31,193.86616130040636,196.68638637074085,192.31989996874023,192.31989996874023,193.86616130040636,-1.59,-0.7976,141992.27828029572,2838758.739546448,14160310
300750.SZ,2024-06-03,192.31989996874023,197.99924976555172,190.41381681775556,196.92950922163175,192.31989996874023,4.74,2.3968,192475.40833172612,3863930.134734812,14176154
300750.SZ,2024-06-04,196.43353860581433,201.5391184745233,195.47077211628633,200.3040543919975,196.92950922163175,3.47,1.7136,182160.36599485698,3742764.1258958536,14208345
300750.SZ,2024-06-05,200.04148171303532,202.1323382306971,198.3979712410128,198.5049452954048,200.3040543919975,-1.85,-0.8982,121105.33786563807,2489345.9141427195,14222509
300750.SZ,2024-06-06,198.3687964989059,201.1890215692404,196.63776180056266,199.15651453579244,198.5049452954048,0.67,0.3282,127636.80948248152,2616416.6065387335,14249514
300750.SZ,2024-06-07,193.3896405126602,196.88088465145356,182.42966239449828,187.88533916849013,199.15651453579244,-11.59,-5.6595,531488.0914175507,10292003.614965927,13953960
300750.SZ,2024-06-11,183.800875273523,186.71834948421383,179.53163801187873,183.57720225070335,187.88533916849013,-4.43,-2.293,432624.52342333656,8099057.582553521,13978378
300750.SZ,2024-06-12,180.88340106283215,184.5399687402313,180.37770553297904,180.49440450140668,183.57720225070335,-3.17,-1.6793,208849.06463516556,3895612.0003915145,13998064
300750.SZ,2024-06-13,181.85589246639574,184.78309159112223,180.02760862769617,180.08595811190997,180.49440450140668,-0.42,-0.2263,227432.72504982323,4251950.866452588,14026890
300750.SZ,2024-06-14,180.9806502031885,181.44744607689904,173.66751484839014,179.8039356048765,180.08595811190997,-0.29,-0.1566,382367.89408871747,6955533.037323691,14041690
300750.SZ,2024-06-17,177.52830572053767,185.2596123788684,177.2949077836824,183.02288215067207,179.8039356048765,3.31,1.7903,276910.6019993571,5186897.638905497,14057099
300750.SZ,2024-06-18,182.9742575804939,185.23043763676148,181.87534229446703,185.0942888402626,183.02288215067207,2.13,1.1318,160956.78524911604,3042979.950420122,14079427
300750.SZ,2024-06-19,185.35686151922476,185.45411065958112,182.51718662081902,183.8106001875586,185.0942888402626,-1.32,-0.6935,110581.69728383157,2088139.3836065575,14107218
300750.SZ,2024-06-20,184.76364176305097,184.8803407314786,181.9531416067521,182.81865895592372,183.8106001875586,-1.02,-0.5397,118894.31575056253,2234094.019791385,14129520
300750.SZ,2024-06-21,183.12985620506407,183.76197561738044,177.35325726789623,180.0665082838387,182.81865895592372,-2.83,-1.5054,189901.08223400838,3513335.1384699456,14144782
300750.SZ,2024-06-24,177.9659268521413,182.81865895592372,177.9659268521413,181.83644263832446,180.0665082838387,1.82,0.9829,185456.5493731919,3458562.8352857605,14177820
300750.SZ,2024-06-25,181.81692195477754,183.9559445660102,180.45572574762946,181.1557695113056,181.79747629467542,-0.66,-0.353,148253.25470367592,2773852.7443525884,14182574
300750.SZ,2024-06-26,179.96974054391998,181.437730540794,178.10315723663646,180.34889027821194,181.13635511097218,-0.81,-0.4347,107813.47974919614,1996022.2823926043,14204908
300750.SZ,2024-06-27,180.34889027821194,180.7085964363864,177.91844326351986,179.85307908721478,180.34889027821194,-0.51,-0.2749,130156.89010610932,2397170.352729582,14237883
300750.SZ,2024-06-28,178.6864645201626,180.31972491403565,174.8366364488903,175.0213504220069,179.85307908721478,-4.97,-2.6865,199762.69676527331,3640528.174040836,14239152
300750.SZ,2024-07-01,174.20472022507033,174.29221631759927,166.4078462019381,171.17152235073462,175.0213504220069,-3.96,-2.1996,277682.91014790995,4844397.4426620575,14281013
300750.SZ,2024-07-02,169.01328540168802,172.036761487965,167.32169427946235,171.1812441387934,171.17152235073462,0.01,0.0057,148281.2206237942,2601941.3030903535,14287642
300750.SZ,2024-07-03,172.0756486402001,177.42263207252267,171.40484526414505,174.50609565489216,171.1812441387934,3.42,1.9423,166690.74559163986,2989649.3900405145,14316621
300750.SZ,2024-07-04,175.37133479212252,177.89899968740232,174.21444201312912,174.60331353547986,174.50609565489216,0.1,0.0557,121733.22364630226,2198768.844864952,13992987
300750.SZ,2024-07-05,175.96436386370743,177.41291028446392,171.58955923726165,172.67839949984372,174.60331353547986,-1.98,-1.1024,139117.48454340835,2483796.1282463023,14007281
300750.SZ,2024-07-08,171.113191622382,173.40753360425134,170.14101281650517,171.0159737417943,172.67839949984372,-1.71,-0.9627,111156.47589389067,1962102.4532411573,14035890
300750.SZ,2024-07-09,170.42294467020946,172.36730228196313,168.27442950922165,170.87986870897157,171.0159737417943,-0.14,-0.0796,169144.96490353695,2959160.776401929,14039296
300750.SZ,2024-07-10,170.14101281650517,175.0796811503595,168.23554235698657,168.23554235698657,170.87986870897157,-2.72,-1.5475,182815.33080707394,3212605.2924832795,14087597
300750.SZ,2024-07-11,170.1312910284464,174.0005626758362,168.6633010315724,172.08537042825884,168.23554235698657,3.96,2.2884,214067.0818392283,3783890.697639871,14092647
300750.SZ,2024-07-12,172.90200062519537,176.7129415442326,172.0756486402001,174.79774929665524,172.08537042825884,2.79,1.5762,201099.42617363343,3624359.3593073953,14121556
300750.SZ,2024-07-15,173.33948108783997,174.94357611753674,172.18258830884653,173.16448890278213,174.79774929665524,-1.68,-0.9344,117979.28457877814,2100053.395176206,14148857
300750.SZ,2024-07-16,172.5617380431385,175.478274460769,172.36730228196313,174.3116598937168,173.16448890278213,1.18,0.6625,155822.53910932475,2787589.018211254,14160910
300750.SZ,2024-07-17,173.04782744607692,177.57818068146295,171.04513910597063,175.85742419506096,174.3116598937168,1.59,0.8868,191221.4181961415,3442212.096962701,14182154
300750.SZ,2024-07-18,174.9921850578306,183.8390121913098,174.68108783995,183.10987808690217,175.85742419506096,7.46,4.1241,329099.96398392285,6128112.843014148,14207764
300750.SZ,2024-07-19,181.1655204751485,184.80146920912787,181.01969365426697,184.16955298530792,183.10987808690217,1.09,0.5787,214442.3523118971,4042119.938477492,14238858
300750.SZ,2024-07-22,185.87086589559237,188.77768052516413,182.1863082213192,184.24732728977807,184.16955298530792,0.08,0.0422,176595.62105466236,3353179.51110836,14249098
300750.SZ,2024-07-23,183.75151609878088,184.4223194748359,181.01969365426697,181.01969365426697,184.24732728977807,-3.32,-1.7518,122437.39452090031,2297789.5552713824,14276340
300750.SZ,2024-07-24,180.82525789309162,183.82929040325104,180.2322288215067,181.13635511097218,181.01969365426697,0.12,0.0644,148821.7590482315,2786089.890693569,14302350
300750.SZ,2024-07-25,180.94191934979682,185.42366364488902,179.91140981556737,182.5071272272585,181.13635511097218,1.41,0.7568,211852.8801028939,3974070.498806431,14321922
300750.SZ,2024-07-26,184.71397311659896,187.92216317599252,182.81822444513912,184.082056892779,182.5071272272585,1.62,0.8629,240158.68129260448,4563904.590573955,14344638
300750.SZ,2024-07-29,181.79743669896845,181.79743669896845,174.9921850578306,179.39615504845267,184.082056892779,-4.82,-2.5456,219737.0058971061,4030980.2829588423,14367785
300750.SZ,2024-07-30,178.122600812754,180.17389809315412,178.122600812754,179.7461394185683,179.39615504845267,0.36,0.1951,130893.2361318328,2416406.84182701,14183927
300750.SZ,2024-07-31,176.93654266958427,181.68077524226322,176.93654266958427,181.12663332291342,179.7461394185683,1.42,0.768,204663.37961414788,3796503.4381418005,14205577
300750.SZ,2024-08-01,179.85307908721478,180.82525789309162,175.08940293841826,175.28383869959364,181.12663332291342,-6.01,-3.2258,236712.20624115755,4300279.015267524,14238057
300750.SZ,2024-08-02,174.02000625195376,174.9921850578306,171.82288215067211,172.163144732729,175.28383869959364,-3.21,-1.7804,159370.7341318328,2832674.7974270093,14260898
300750.SZ,2024-08-05,170.14101281650517,175.17689903094717,170.1312910284464,172.0756486402001,172.163144732729,-0.09,-0.0508,199013.37987459806,3550671.4928707397,14281849
300750.SZ,2024-08-06,173.44642075648642,174.3991559862457,168.87718036886528,170.08268208815255,172.0756486402001,-2.05,-1.1582,162199.61703215435,2850545.68691254,14301793
300750.SZ,2024-08-07,170.08268208815255,171.3270709596749,168.8382932166302,168.8382932166302,170.08268208815255,-1.28,-0.7316,131189.43678778133,2294208.326202251,14317062
300750.SZ,2024-08-08,168.1966552047515,168.77024070021884,165.38705845576743,167.60362613316664,168.8382932166302,-1.27,-0.7313,150784.97814790995,2592318.7429774916,14332010
300750.SZ,2024-08-09,168.77024070021884,170.00490778368243,165.27039699906223,165.27039699906223,167.60362613316664,-2.4,-1.3921,158540.68106430868,2722156.483974276,14348052
300750.SZ,2024-08-12,165.824538918412,166.35923726164427,162.15942482025636,164.2982181931854,165.27039699906223,-1.0,-0.5882,179139.69009324757,3018586.108090675,14371983
300750.SZ,2024-08-13,164.19127852453892,170.09240387621134,163.69546733354173,168.94523288527665,164.2982181931854,4.78,2.8284,199441.25383922827,3432089.627782637,14407315
300750.SZ,2024-08-14,168.17721162863396,169.59659268521412,166.94254454517036,167.41891216005004,168.94523288527665,-1.57,-0.9034,102514.9379903537,1769607.968822508,14419283
300750.SZ,2024-08-15,167.2147546108159,169.74241950609567,166.52450765864333,168.57580493904348,167.41891216005004,1.19,0.691,148956.15819292603,2583313.814103215,14447576
300750.SZ,2024-08-16,168.57580493904348,171.10346983432325,168.0702719599875,168.78968427633637,168.57580493904348,0.22,0.1269,114697.42945016077,1996883.163122508,14458848
300750.SZ,2024-08-19,168.52719599874962,172.9894967177243,168.33276023757426,170.7145983119725,168.78968427633637,1.98,1.1404,144375.1181897106,2544368.881575241,14499931
300750.SZ,2024-08-20,170.1312910284464,171.10346983432325,168.82857142857145,170.00490778368243,170.7145983119725,-0.73,-0.4157,86783.98406752411,1517892.034962701,14511337
300750.SZ,2024-08-21,169.15911222256958,170.5298843388559,167.2147546108159,169.16883401062833,170.00490778368243,-0.86,-0.4918,114664.14339228296,1995633.9577369774,14529477
300750.SZ,2024-08-22,170.11184745232885,174.96301969365427,169.45076586433262,173.8255704907784,169.16883401062833,4.79,2.7527,204706.5403987138,3637777.065927974,14545758
300750.SZ,2024-08-23,172.0756486402001,177.4420756486402,172.0756486402001,176.7421069084089,173.8255704907784,3.0,1.6779,189421.69782636655,3427530.7390543404,14268362
300750.SZ,2024-08-26,176.83932478899658,179.42532041262896,175.96436386370743,178.80312597686776,176.7421069084089,2.12,1.1661,152633.94871704179,2795502.738355627,14300498
300750.SZ,2024-08-27,177.4420756486402,179.3572678962176,176.45045326664584,178.3948108783995,178.80312597686776,-0.42,-0.2284,102625.07205144694,1879515.4872276527,14322902
300750.SZ,2024-08-28,177.71428571428575,178.5795248515161,176.23657392935294,177.73372929040326,178.3948108783995,-0.68,-0.3706,109434.75557877813,1995818.324027331,14334774
300750.SZ,2024-08-29,174.1852766489528,177.89899968740232,174.1852766489528,175.76992810253208,177.73372929040326,-2.02,-1.1049,161186.83009003216,2921267.0651038587,14348580
300750.SZ,2024-08-30,175.76992810253208,180.78637074085654,175.76992810253208,179.21144107533607,175.76992810253208,3.54,1.958,261568.86826045014,4823808.198297748,14382020
300750.SZ,2024-09-02,179.30865895592373,180.4266645826821,175.96436386370743,176.149077836824,179.21144107533607,-3.15,-1.7088,133567.77499678454,2439269.389195498,14406872
300750.SZ,2024-09-03,175.28383869959364,181.50578305720538,175.01162863394813,180.4849953110347,176.149077836824,4.46,2.4615,187176.3289839228,3458361.8287868164,14410663
300750.SZ,2024-09-04,180.16417630509534,183.74179431072213,179.70725226633323,181.94326351984998,180.4849953110347,1.5,0.808,170385.5700192926,3190135.802438907,14446614
300750.SZ,2024-09-05,181.94326351984998,184.2764926539544,180.63082213191626,181.6030009377931,181.94326351984998,-0.35,-0.187,126707.29834405144,2368867.3144061095,14464435
300750.SZ,2024-09-06,180.94191934979682,183.2557049077837,180.24195060956552,180.77664895279776,181.6030009377931,-0.85,-0.455,77408.45567202572,1444342.4568729904,14479837
300750.SZ,2024-09-09,179.96001875586123,183.41125351672397,178.36564551422322,179.9989059080963,180.77664895279776,-0.8,-0.4302,138609.84130225077,2565584.058120257,14519561
300750.SZ,2024-09-10,180.33916849015318,180.33916849015318,176.01297280400127,176.1199124726477,179.9989059080963,-3.99,-2.155,158658.1903118971,2889489.793460772,14547201
300750.SZ,2024-09-11,177.325414191935,182.55573616755237,176.1199124726477,181.36967802438264,176.1199124726477,5.4,2.9808,218036.87626045014,4051138.1642884244,14554892
300750.SZ,2024-09-12,182.7696155048453,186.81387933729292,181.51550484526416,184.082056892779,181.36967802438264,2.79,1.4955,213026.51194212216,4044405.7710697744,14588928
300750.SZ,2024-09-13,183.6251328540169,183.6251328540169,178.3948108783995,178.3948108783995,184.082056892779,-5.85,-3.0895,177820.0460192926,3293784.5431755628,14605553
300750.SZ,2024-09-18,178.4920287589872,182.2154735854955,178.19065332916537,181.21412941544236,178.3948108783995,2.9,1.5804,117035.00355305466,2176600.2130559483,14638997
300750.SZ,2024-09-19,181.79743669896845,182.98349484213819,178.4920287589872,181.70021881838076,181.21412941544236,0.5,0.2682,162206.87907073955,3024771.6564318324,14669293
300750.SZ,2024-09-20,181.70021881838076,182.6723976242576,178.56980306345736,180.43638637074088,181.70021881838076,-1.3,-0.6956,159463.49484565915,2956506.513642444,14337057
300750.SZ,2024-09-23,181.4668959049703,184.15983119724916,180.33916849015318,182.96405126602065,180.43638637074088,2.6,1.4009,162444.90112861735,3053294.466055305,14362968
300750.SZ,2024-09-24,186.61944357611756,192.6566739606127,183.63485464207565,192.02475773679276,182.96405126602065,9.32,4.9522,364662.7018167202,7088832.898166559,14394172
300750.SZ,2024-09-25,201.62016255079712,201.6298843388559,196.95370428258832,197.4495154735855,192.02475773679276,5.58,2.825,432123.3783954984,8852948.402055949,14407642
300750.SZ,2024-09-26,198.0328227571116,201.56183182244453,193.3955298530791,199.79246639574868,197.4495154735855,2.41,1.1866,365049.5750932476,7395894.843145659,14427393
300750.SZ,2024-09-27,206.10190684588935,225.2343857455455,205.78108783994998,220.4998749609253,199.79246639574868,21.3,10.3645,721897.3050610932,16013461.004181027,14448381
300750.SZ,2024-09-30,226.53710534542046,247.90559549859333,225.54548296342608,244.88211941231634,220.4998749609253,25.08,11.0577,939756.6008199356,22883368.266740836,14465892
300750.SZ,2024-10-08,287.76492653954364,293.1119099718662,260.2133791809941,290.6814629571741,244.88211941231634,47.11,18.7026,1415855.5830257235,40409393.2314926,14482487
300750.SZ,2024-10-09,272.1128477649265,272.2003438574555,247.90559549859333,247.90559549859333,290.6814629571741,-44.0,-14.7157,1118020.608379421,29847795.970853698,14501945
300750.SZ,2024-10-10,247.90559549859333,258.5898405751798,243.20025007814942,250.82213191622384,247.90559549859333,3.0,1.1765,625747.3690257234,16238754.142311575,14521343
300750.SZ,2024-10-11,248.39168490153176,248.39168490153176,231.31050328227573,235.0631134729603,250.82213191622384,-16.21,-6.2829,490035.67771704175,12002190.633518327,14544285
300750.SZ,2024-10-14,243.0349796811504,245.7668021256643,238.12547671147234,242.77249140356363,235.0631134729603,7.93,3.2797,480980.06989389064,12005780.94836463,14562400
300750.SZ,2024-10-15,242.85998749609254,243.8613316661457,234.4214754610816,234.5089715536105,242.77249140356363,-8.5,-3.4038,337029.91468167206,8288527.365840193,14585107
300750.SZ,2024-10-16,232.1757424195061,232.1757424195061,226.8384807752423,227.34401375429823,234.5089715536105,-7.37,-3.0553,345470.95448874595,8144702.628914469,14608833
300750.SZ,2024-10-17,227.48984057517976,232.2340731478587,224.4371991247265,225.05939356048768,227.34401375429823,-2.35,-1.0049,269134.3592540193,6311212.196676205,14629438
300750.SZ,2024-10-18,223.6011253516724,251.67764926539544,223.21225382932167,242.93776180056267,225.05939356048768,18.39,7.9438,699601.6225498392,17213718.32921865,14649377
300750.SZ,2024-10-21,251.79431072210068,255.22610190684588,244.7460143794936,246.31122225695532,242.93776180056267,3.47,1.3886,601286.6012572347,15401336.94490032,14668931
300750.SZ,2024-10-22,246.9334166927165,247.4778368240075,240.3809315411066,243.5793998124414,246.31122225695532,-2.81,-1.1091,286737.7156495177,7186359.830894211,14693616
300750.SZ,2024-10-23,240.91562988433887,247.8472647702407,239.9920600187559,242.36417630509538,243.5793998124414,-1.25,-0.4989,330742.88192282955,8307823.724582637,14394016
300750.SZ,2024-10-24,242.8211003438575,244.5029696780244,238.18380743982496,239.31153485464208,242.36417630509538,-3.14,-1.2595,220800.84311897104,5449340.547207073,14414896
300750.SZ,2024-10-25,245.31959987496094,257.62738355736167,239.44763988746487,251.67764926539544,239.31153485464208,12.72,5.1674,595554.548710611,15313579.032997428,14435220
300750.SZ,2024-10-28,249.00415754923415,251.41516098780872,245.96123788683965,249.11109721788063,251.67764926539544,-2.64,-1.0198,283918.29602893884,7254841.061504822,14457394
300750.SZ,2024-10-29,249.11109721788063,250.54020006251955,244.25020318849644,244.77517974366992,249.11109721788063,-4.46,-1.7406,277673.28228938906,7049192.113192604,14481169
300750.SZ,2024-10-30,243.04470146920914,245.2807127227259,237.69771803688656,241.1295092216318,244.77517974366992,-3.75,-1.4894,279108.8823987138,6927419.119084566,14500457
300750.SZ,2024-10-31,240.11844326351988,243.53079087214758,237.21162863394812,239.13654266958426,241.1295092216318,-2.05,-0.8265,262300.29749517684,6466165.076835048,14521922
300750.SZ,2024-11-01,239.67124101281652,242.8697092841513,238.3587996248828,239.35042200687715,239.13654266958426,0.22,0.0894,266574.71694855305,6601810.730909003,14543943
300750.SZ,2024-11-04,237.21162863394812,247.22507033447957,237.21162863394812,244.21131603626134,239.35042200687715,5.0,2.0309,249411.13562057877,6248527.91099582,14564730
300750.SZ,2024-11-05,243.60856517661773,255.50803376055018,242.1989059080963,254.1178180681463,244.21131603626134,10.19,4.0565,498695.2369967846,12906506.04513344,14579531
300750.SZ,2024-11-06,251.78458893404192,262.00218818380745,246.4473272897781,249.36386370740857,254.1178180681463,-4.89,-1.8708,465339.3977170418,12178900.36115434,14595544
300750.SZ,2024-11-07,250.82213191622384,255.48859018443267,246.81675523601126,255.48859018443267,249.36386370740857,6.3,2.4561,345317.4127749196,8947651.395418327,14612123
300750.SZ,2024-11-08,262.15773679274776,264.43263519849955,249.9471709909347,250.3360425132854,255.48859018443267,-5.3,-2.0167,414472.3867299035,10916435.650361735,14632935
300750.SZ,2024-11-11,245.3293216630197,261.50637699281026,244.02660206314474,260.0578305720538,250.3360425132854,10.0,3.8835,505605.62216398714,13212508.022549195,14655228
300750.SZ,2024-11-12,270.53791809940606,277.2653954360738,263.4410128165052,265.42425758049393,260.0578305720538,5.52,2.0636,765322.2591382636,21358423.35224759,14676131
300750.SZ,2024-11-13,261.516098780869,280.18193185370427,259.3481400437637,274.1544232572679,265.42425758049393,8.98,3.2891,573697.8389453376,15851247.65613569,14698389
300750.SZ,2024-11-14,275.12660206314473,277.06123788683965,267.01863082213197,267.34917161613004,274.1544232572679,-7.0,-2.4823,438779.468778135,12282590.766037298,14718127
300750.SZ,2024-11-15,262.00218818380745,267.34917161613004,258.17180368865274,258.17180368865274,267.34917161613004,-9.44,-3.4327,362056.000266881,9759660.01382058,14741065
300750.SZ,2024-11-18,258.17180368865274,263.41184745232886,253.73866833385435,255.6052516411379,258.17180368865274,-2.64,-0.9941,315271.3247266881,8368539.909345337,14579708
300750.SZ,2024-11-19,254.7302907158487,264.43263519849955,250.82213191622384,261.24388871522353,255.6052516411379,5.8,2.206,358091.40036334406,9474675.918996463,14602628
300750.SZ,2024-11-20,259.5231322288215,262.39105970615816,257.23851203501096,260.10643951234766,261.24388871522353,-1.17,-0.4354,233586.433511254,6234054.8799906755,14622615
300750.SZ,2024-11-21,258.2690215692404,263.8784932791498,256.32466395748673,260.7966864645202,260.10643951234766,0.71,0.2654,211389.37483279742,5668230.593681673,14642259
300750.SZ,2024-11-22,260.4758674585808,261.516098780869,251.67764926539544,251.89152860268837,260.7966864645202,-9.16,-3.4146,232005.68520578777,6107497.724808681,14660747
300750.SZ,2024-11-25,255.74135667396064,259.14398249452955,253.9136605189122,256.7524226320726,251.89152860268837,5.0,1.9298,269899.6402861737,7121781.426571383,14680509
300750.SZ,2024-11-26,254.29281025320415,256.6260393873086,248.54723351047204,249.57774304470152,256.7524226320726,-7.38,-2.7944,281433.876511254,7278995.214895177,14699694
300750.SZ,2024-11-27,247.61394185683028,253.64145045326663,244.4738043138481,252.6692716473898,249.57774304470152,3.18,1.2387,281847.99786173634,7234898.8884366555,14718449
300750.SZ,2024-11-28,251.98874648327603,252.30956548921537,246.4473272897781,247.61394185683028,252.6692716473898,-5.2,-2.0008,229953.5627073955,5892123.470881028,14740151
300750.SZ,2024-11-29,244.24048140043763,260.53419818693345,244.24048140043763,253.9719912472648,247.61394185683028,6.54,2.5677,322638.9200257234,8426509.75157942,14758289
300750.SZ,2024-12-02,251.444326351985,256.2177242888403,250.0541106595811,254.8955611128478,253.9719912472648,0.95,0.3637,212384.25354662378,5542069.834715756,14770030
300750.SZ,2024-12-03,253.73866833385435,255.67330415754927,251.79431072210068,254.55529853079088,254.8955611128478,-0.35,-0.1335,178061.7813858521,4644071.167472025,14788106
300750.SZ,2024-12-04,252.7664895279775,254.7108471397312,250.3360425132854,251.7651453579244,254.55529853079088,-2.87,-1.0961,166444.6386012862,4306785.247415112,14809565
300750.SZ,2024-12-05,250.81241012816508,251.74570178180682,247.91531728665208,248.87777430447017,251.7651453579244,-2.97,-1.1469,164800.75376205787,4226603.374976849,14829733
300750.SZ,2024-12-06,248.87777430447017,262.39105970615816,247.90559549859333,259.1342607064708,248.87777430447017,10.55,4.1211,339836.00342122186,8969181.205442443,14851490
300750.SZ,2024-12-09,259.5620193810566,262.15773679274776,257.0537980618944,260.59252891528604,259.1342607064708,1.5,0.5627,230987.2408681672,6176953.707177171,14870808
300750.SZ,2024-12-10,273.4544545170366,273.6683338543295,261.8369177868084,263.04241950609565,260.59252891528604,2.52,0.9401,338460.74200643087,9294012.567832796,14892455
300750.SZ,2024-12-11,266.33810565801815,271.7239762425758,259.1050953422945,259.66895904970306,263.04241950609565,-3.47,-1.2825,199560.213437299,5412599.863513826,14915961
300750.SZ,2024-12-12,258.5023444826508,267.71859956236324,257.82181931853705,266.09506095654893,259.66895904970306,6.61,2.4747,229685.25815434085,6228794.904182636,14690883
300750.SZ,2024-12-13,262.37161613004065,264.43263519849955,258.59956236323853,259.60090653329166,266.09506095654893,-6.68,-2.4405,291267.82880707394,7813850.774239549,14719163
300750.SZ,2024-12-16,258.8134417005315,262.00218818380745,256.7038136917787,259.7661769302907,259.60090653329166,0.17,0.0637,167227.55013504822,4457990.06396881,14738810
300750.SZ,2024-12-17,259.57174116911534,270.2657080337606,259.12453891841204,266.18255704907784,259.7661769302907,6.6,2.4701,290220.37745980703,7967877.559327652,14754613
300750.SZ,2024-12-18,266.67836824007503,267.0866833385433,262.7896530165677,263.85904970303227,266.18255704907784,-2.39,-0.8729,155170.31341157557,4228103.285272347,14777709
300750.SZ,2024-12-19,261.768865270397,264.7728977805565,259.2023132228822,262.28412003751174,263.85904970303227,-1.62,-0.5969,157851.8057299035,4256077.764694855,14799942
300750.SZ,2024-12-20,262.28412003751174,263.26602063144736,253.0775867458581,255.40109409190373,262.28412003751174,-7.08,-2.6243,285339.46463665593,7522657.361784244,14821161
300750.SZ,2024-12-23,255.40109409190373,261.39943732416384,255.40109409190373,256.1691153485464,255.40109409190373,0.79,0.3007,212300.27722508035,5639512.18423762,14842401
300750.SZ,2024-12-24,255.68302594560802,260.7869646764614,255.68302594560802,260.7675211003439,256.1691153485464,4.73,1.7951,201766.91655305465,5379587.170986495,14862217
300750.SZ,2024-12-25,261.42860268834016,263.37296030009384,258.8523288527665,260.51475461081594,260.7675211003439,-0.26,-0.0969,117404.43147909969,3146053.6492990353,14883208
300750.SZ,2024-12-26,259.7661769302907,259.7661769302907,253.73866833385435,253.98171303532357,260.51475461081594,-6.72,-2.5077,230860.43291961413,6067235.068635369,14903821
300750.SZ,2024-12-27,253.32063144732732,256.09134104407633,247.90559549859333,254.7108471397312,253.98171303532357,0.75,0.2871,250488.05685530545,6519464.751428617,14923750
300750.SZ,2024-12-30,253.62200687714912,260.0578305720538,253.2623007189747,259.16342607064706,254.7108471397312,4.58,1.7481,232790.01623151122,6185727.338065273,14943452
300750.SZ,2024-12-31,257.7148796498906,262.9743669896843,257.7148796498906,258.59956236323853,259.16342607064706,-0.58,-0.2176,256474.95963987135,6886136.264781028,14970574
300750.SZ,2025-01-02,258.84260706470775,258.8912160050016,249.849953110347,251.58043138480775,258.59956236323853,-7.22,-2.7143,240229.22387138262,6264960.513623472,17452251
300750.SZ,2025-01-03,251.58043138480775,255.68302594560802,250.0541106595811,250.4624257580494,251.58043138480775,-1.15,-0.4444,190538.59113183277,4949859.524719614,17457621
300750.SZ,2025-01-06,250.82213191622384,252.7664895279775,245.96123788683965,249.60690840887779,250.4624257580494,-0.88,-0.3416,177838.44798392282,4559964.77829164,17462991
300750.SZ,2025-01-07,236.2394498280713,244.98905908096282,234.37286652078777,242.51000312597688,249.60690840887779,-7.3,-2.8432,412512.58263987134,10219234.984288104,17468363
300750.SZ,2025-01-08,239.14626445764304,241.4017192872773,236.55054704595187,238.51434823382309,242.51000312597688,-4.11,-1.6476,279637.3654276527,6872839.383670418,17473736
300750.SZ,2025-01-09,234.6353547983745,243.28774617067836,234.45064082525792,240.448984057518,238.51434823382309,1.99,0.8111,174174.52322186495,4287894.5218726685,17479110
300750.SZ,2025-01-10,239.64207564864023,242.99609252891528,237.87271022194437,239.1559862457018,240.448984057518,-1.33,-0.5377,151509.5053601286,3747348.0258749193,17484483
300750.SZ,2025-01-13,236.72553923100972,243.04470146920914,235.26727102219445,240.04066895904973,239.1559862457018,0.91,0.3699,186099.77805144695,4595631.03411865,17489859
300750.SZ,2025-01-14,240.8184120037512,249.849953110347,238.3879649890591,249.07221006564552,240.04066895904973,9.29,3.7625,208261.42143408358,5254761.371178457,17495235
300750.SZ,2025-01-15,249.07221006564552,249.26664582682088,242.72388246326977,243.890497030322,249.07221006564552,-5.33,-2.0804,154937.18757234726,3907207.786302251,17500611
300750.SZ,2025-01-16,244.98905908096282,247.5167239762426,241.35311034698344,242.97664895279777,243.890497030322,-0.94,-0.3747,166516.46695176847,4172687.461892604,17505991
300750.SZ,2025-01-17,241.5864332603939,246.4473272897781,241.17811816192562,244.5029696780244,242.97664895279777,1.57,0.6282,114244.41607717042,2865954.408959807,17511371
300750.SZ,2025-01-20,249.36386370740857,260.16477024070025,249.179149734292,258.1329165364176,244.5029696780244,14.02,5.5746,352646.00290353695,9307590.509380385,17516749
300750.SZ,2025-01-21,261.03000937793064,261.2827758674586,255.89690528290095,256.8301969365427,258.1329165364176,-1.34,-0.5047,142908.95785852088,3786801.4831691314,17522128
300750.SZ,2025-01-22,254.7108471397312,257.530165676774,247.13757424195063,250.82213191622384,256.8301969365427,-6.18,-2.3393,257573.36869131832,6624651.079686173,17527507
300750.SZ,2025-01-23,252.62066270709602,255.1969365426696,249.8305095342295,250.3360425132854,250.82213191622384,-0.5,-0.1938,170274.10904180064,4414563.078372346,17532891
300750.SZ,2025-01-24,250.08791809940607,258.65504845264144,250.08791809940607,254.59127852453892,250.34190371991247,4.35,1.6974,229711.7036928,6015346.634796799,17538273
300750.SZ,2025-01-27,254.6010472022507,256.8869177868084,251.05501719287278,251.05501719287278,254.59127852453892,-3.62,-1.389,175076.2744416,4565663.849897919,17543655
300750.SZ,2025-02-05,253.98562050640825,255.93935604876526,245.24265395436075,246.28790246952175,251.05501719287278,-4.88,-1.8988,246175.99955199996,6287232.47936672,17549038
300750.SZ,2025-02-06,245.1938105658018,247.6262113160363,243.43544857768052,247.24523288527666,246.28790246952175,0.98,0.3887,254856.4067168,6410072.2377664,17554423
300750.SZ,2025-02-07,251.05501719287278,256.4864020006252,245.7994685839325,255.23601125351672,247.24523288527666,8.18,3.2319,352568.22894719994,9133869.44195712,17559808
300750.SZ,2025-02-10,255.23601125351672,255.4216161300407,249.27711784932794,252.47147546108158,255.23601125351672,-2.83,-1.0831,234696.144928,6068679.1763516795,17565193
300750.SZ,2025-02-11,254.4154423257268,254.4740543919975,245.25242263207252,245.97530478274464,252.47147546108158,-6.65,-2.573,253790.54086399998,6416587.316047999,17570580
300750.SZ,2025-02-12,244.2267114723351,250.0781494216943,241.36448890278214,249.39434198186936,245.97530478274464,3.5,1.39,280306.2482752,7066169.6993776,17575966
300750.SZ,2025-02-13,250.06838074398252,257.88332291341044,249.19896842763364,255.34346670834637,249.39434198186936,6.09,2.3854,384237.95018559997,10035140.93742048,17581352
300750.SZ,2025-02-14,255.48022819631134,266.68490153172866,255.48022819631134,263.47100656455143,255.34346670834637,8.32,3.183,396983.41110399994,10656386.38117984,17586739
300750.SZ,2025-02-17,268.5409502969678,268.5409502969678,259.8663644889028,263.16817755548607,263.47100656455143,-0.31,-0.1149,247556.12492799998,6667313.855735679,17592127
300750.SZ,2025-02-18,266.6458268208815,269.12707095967494,262.7774304470147,264.50648640200063,263.16817755548607,1.37,0.5085,244104.22478399996,6651539.01552224,17597516
300750.SZ,2025-02-19,262.35737730540797,269.6155048452642,262.3378399499844,267.22217880587687,264.50648640200063,2.78,1.0267,209296.8936352,5712278.837153279,17602904
300750.SZ,2025-02-20,266.48952797749297,266.48952797749297,260.8236949046577,263.94967177242887,267.22217880587687,-3.35,-1.2246,200528.6854368,5392132.87039392,17608291
300750.SZ,2025-02-21,262.3671459831197,270.47514848390125,261.5856517661769,269.17591434823385,263.94967177242887,5.35,1.98,316848.4713408,8643505.82762464,17613679
300750.SZ,2025-02-24,266.69467020944046,268.3455767427321,261.9568615192248,265.2195998749609,269.17591434823385,-4.05,-1.4698,284109.71084159997,7688696.924599039,17619068
300750.SZ,2025-02-25,261.2925914348234,267.66176930290715,258.39129415442324,263.2463269771804,265.2195998749609,-2.02,-0.744,237589.72999999998,6391600.53716128,17624453
300750.SZ,2025-02-26,265.170756486402,266.56767739918723,260.99953110346985,262.4062206939669,263.2463269771804,-0.86,-0.3191,216744.52392319997,5833593.776079999,17629837
300750.SZ,2025-02-27,264.0180525164114,265.4149734291966,261.47819631134735,263.7542982181932,262.4062206939669,1.38,0.5137,237341.334048,6398601.872656,17635222
300750.SZ,2025-02-28,263.3635511097218,265.03399499843704,257.5121131603626,258.1861519224758,263.7542982181932,-5.7,-2.1111,227927.04045439998,6075619.976529599,17640605
300750.SZ,2025-03-03,258.86995936230073,272.8391684901532,256.1738043138481,267.20264145045326,258.1861519224758,9.23,3.4922,396536.8102304,10854415.818435838,17645987
300750.SZ,2025-03-04,263.7542982181932,264.7311659893717,256.65246952172555,256.91622381994375,267.20264145045326,-10.53,-3.8497,274720.31314559997,7283955.00592256,17651369
300750.SZ,2025-03-05,256.91622381994375,257.78563613629257,252.52031884964052,254.952719599875,256.91622381994375,-2.01,-0.7643,213638.023648,5567792.475575679,17656752
300750.SZ,2025-03-06,256.18357299155986,259.38769928102533,254.96248827758677,258.19592060018755,254.952719599875,3.32,1.2721,256199.67961279998,6757391.80548096,17662133
300750.SZ,2025-03-07,256.8771491090966,257.48280712722726,252.69615504845265,254.72804001250393,258.19592060018755,-3.55,-1.3431,228148.66717439998,5950441.62628832,17667513
300750.SZ,2025-03-10,255.74398249452958,255.8025945608003,247.7434354485777,250.56658330728354,254.72804001250393,-4.26,-1.6337,293540.99752319994,7529398.9401724795,17672895
300750.SZ,2025-03-11,247.2159268521413,249.58971553610505,247.19638949671776,249.2966552047515,250.56658330728354,-1.3,-0.5068,175408.35623359997,4458668.523525439,17678275
300750.SZ,2025-03-12,250.08791809940607,250.68380743982496,245.6724757736793,248.61284776492656,249.2966552047515,-0.7,-0.2743,203862.69859199997,5178714.41075072,17683658
300750.SZ,2025-03-13,248.1244138793373,253.20412628946545,247.14754610815882,247.3624570178181,248.61284776492656,-1.28,-0.5029,172849.90352,4418745.900269119,17689041
300750.SZ,2025-03-14,247.14754610815882,258.72342919662395,246.80564238824635,255.93935604876526,247.3624570178181,8.78,3.4673,359403.14580799994,9364719.63443296,17694426
300750.SZ,2025-03-17,257.0139105970616,259.3290872147546,249.8241638011879,250.0781494216943,255.93935604876526,-6.0,-2.2901,343091.32708479994,8891383.89377056,17699809
300750.SZ,2025-03-18,252.03188496405127,254.74757736792748,249.58971553610505,251.05501719287278,250.0781494216943,1.0,0.3906,231113.4901376,5955293.636089279,17705192
300750.SZ,2025-03-19,251.25039074710847,260.7943888715224,250.8401062832135,259.25093779306036,251.05501719287278,8.39,3.2646,378291.935616,9967684.12909472,17710577
300750.SZ,2025-03-20,259.25093779306036,260.33526101906847,254.98202563301032,256.085886214442,259.25093779306036,-3.24,-1.2208,147662.2878304,3884034.3923135996,17715962
300750.SZ,2025-03-21,256.60362613316664,258.4108315098468,249.75578305720538,250.0781494216943,256.085886214442,-6.15,-2.346,198921.5590208,5145385.158869759,17721348
300750.SZ,2025-03-24,251.7388246326977,252.9892153798062,250.35167239762424,252.18818380743986,250.0781494216943,2.16,0.8438,171263.8853856,4413781.476072639,17726731
300750.SZ,2025-03-25,251.7485933104095,253.98562050640825,249.38457330415756,253.47764926539546,252.18818380743986,1.32,0.5113,130885.45223039998,3381703.6629375997,17732120
300750.SZ,2025-03-26,253.39949984370114,256.6231634885902,250.76195686151922,250.97686777117852,253.47764926539546,-2.56,-0.9866,132102.0754368,3415107.3527334398,17737511
300750.SZ,2025-03-27,250.2637542982182,256.72085026570807,248.36863082213193,252.89152860268834,250.97686777117852,1.96,0.7629,145149.6959808,3762767.6216255995,17742903
300750.SZ,2025-03-28,250.18560487652394,252.89152860268834,249.8827758674586,250.8596436386371,252.89152860268834,-2.08,-0.8035,115082.80170239999,2956990.02794944,16820319
300750.SZ,2025-03-31,250.136761487965,252.01234760862772,246.28790246952175,247.0889340418881,250.8596436386371,-3.86,-1.5031,199242.47246399996,5069123.388138879,17748295
300750.SZ,2025-04-01,247.0889340418881,248.61284776492656,242.82979055954988,243.29868708971554,247.0889340418881,-3.88,-1.534,198759.83805439997,4977585.40046208,17753687
300750.SZ,2025-04-02,244.412316348859,246.62003751172244,241.8333854329478,243.3768365114098,243.29868708971554,0.08,0.0321,140572.8841216,3514392.62026048,17759080
300750.SZ,2025-04-03,239.33260393873087,241.97014692091278,236.93927789934358,237.45701781806818,243.3768365114098,-6.06,-2.4324,238329.4821152,5828795.75413856,17764474
300750.SZ,2025-04-07,220.86003438574556,224.67958737105346,204.27281963113475,210.24148171303534,237.45701781806818,-27.86,-11.4612,740781.7530175999,16185803.342580479,17769866
300750.SZ,2025-04-08,214.8620662707096,219.795248515161,211.39418568302597,213.98288527664897,210.24148171303534,3.83,1.7796,487879.9608928,10719928.658682879,17775256
300750.SZ,2025-04-09,207.99468583932477,213.6898249452954,205.23015004688966,206.50007814942168,213.98288527664897,-7.66,-3.4969,548716.4238752,11731071.17678272,16858063
300750.SZ,2025-04-10,215.88777743044702,217.63637074085653,210.4759299781182,212.93763676148797,206.50007814942168,6.59,3.1175,381567.7013792,8362109.645756159,17780648
300750.SZ,2025-04-11,211.00343857455456,220.3325257893092,209.73351047202252,218.81838074398252,212.93763676148797,6.02,2.7617,310165.980432,6855488.043095999,17786042
300750.SZ,2025-04-14,221.89551422319477,222.72585182869648,217.5289152860269,218.81838074398252,218.81838074398252,0.0,0.0,211865.9721472,4752046.4713456,16874245
300750.SZ,2025-04-15,220.7721162863395,225.11917786808377,219.91247264770243,222.87238199437326,218.81838074398252,4.15,1.8527,273184.79314559995,6231602.5869664,17791434
300750.SZ,2025-04-16,221.748984057518,221.92482025633012,216.4250547045952,219.68779306033136,222.87238199437326,-3.26,-1.4289,221678.88673279996,4953346.41469696,17796827
300750.SZ,2025-04-17,217.84151297280403,222.0713504220069,217.07955611128477,220.7721162863395,219.68779306033136,1.11,0.4936,161103.26765119997,3635374.93586848,17802222
300750.SZ,2025-04-18,220.0003907471085,221.26055017192874,218.48624570178183,220.24460768990312,220.7721162863395,-0.54,-0.2389,117854.1696192,2650161.8656911994,17807617
300750.SZ,2025-04-21,220.24460768990312,229.56392622694594,218.99421694279465,226.00812753985622,220.24460768990312,5.9,2.6169,225293.44962879998,5209019.30858176,16901213
300750.SZ,2025-04-22,229.17317911847454,230.3290090653329,226.38324476398873,229.86069865582994,226.00461081587997,3.87,1.7062,169965.23349647058,3899748.867462274,17813010
300750.SZ,2025-04-23,234.15520475148483,237.8917239762426,232.16239449828072,232.51113629259143,229.86069865582994,2.66,1.1531,192672.43300392153,4523319.4768577255,17818401
300750.SZ,2025-04-24,233.6570021881838,237.8020475148484,231.41509065332917,236.0184823382307,232.51113629259143,3.52,1.5085,182209.40976,4312855.447316705,17823793
300750.SZ,2025-04-25,236.34729603000937,237.06470772116285,234.24488121287902,235.74945295404814,236.0184823382307,-0.27,-0.114,128080.32254431372,3027680.693783529,17829186
300750.SZ,2025-04-28,237.39352141294154,237.40348546420756,232.36167552360112,234.00574398249452,235.74945295404814,-1.75,-0.7396,143640.69009568627,3369290.3211454116,17834578
300750.SZ,2025-04-29,233.1587996248828,233.95592372616443,229.890590809628,231.19588152547672,234.00574398249452,-2.82,-1.2008,168028.39079215686,3907023.9805728626,17839944
300750.SZ,2025-04-30,232.21221475461084,233.53743357299155,230.66778680837763,230.66778680837763,231.19588152547672,-0.53,-0.2284,156892.3581647059,3648519.80378447,17845322
300750.SZ,2025-05-06,233.0691231634886,235.45053141606755,230.36886527039698,230.7973194748359,230.66778680837763,0.13,0.0562,197587.09057568628,4607853.921483921,16944282
300750.SZ,2025-05-07,235.59999218505783,240.01406689590496,235.23132228821507,237.7522272585183,230.7973194748359,6.98,3.0134,313938.4188705882,7471578.706532705,17850687
300750.SZ,2025-05-08,238.6290637699281,247.78602688340106,237.12449202875897,243.69080181306657,237.7522272585183,5.96,2.4978,313985.13681568624,7694656.39758996,17856076
300750.SZ,2025-05-09,245.18540950296966,248.87210847139733,243.77051422319477,247.37750078149423,243.69080181306657,3.7,1.5129,237787.98771137255,5879604.698521098,16960448
300750.SZ,2025-05-12,254.0833072835261,257.06255861206625,252.09049703032198,256.07611753673024,247.37750078149423,8.73,3.5163,303405.7653145098,7759485.970697724,16965837
300750.SZ,2025-05-13,261.05814316974056,261.05814316974056,254.10323538605815,257.8397546108159,256.07611753673024,1.77,0.6887,205544.81759686273,5300566.339929411,16971226
300750.SZ,2025-05-14,257.8397546108159,263.5092997811816,255.0896764613942,261.6559862457018,257.8397546108159,3.83,1.4801,232298.15244862743,6042409.863477646,17861465
300750.SZ,2025-05-15,261.67591434823385,261.92501562988434,258.6667708658956,259.2446858393248,261.6559862457018,-2.42,-0.9216,141628.06496313724,3698871.5890779607,17866856
300750.SZ,2025-05-16,258.2084245076586,260.789113785558,256.80349327914973,258.4276336355111,259.2446858393248,-0.82,-0.3152,189682.46444549016,4922306.115310431,17872245
300750.SZ,2025-05-19,259.56353547983747,259.60339168490157,256.3451469209128,259.0653329165364,258.4276336355111,0.64,0.2468,170352.56590745097,4415772.04445396,17877634
300750.SZ,2025-05-20,263.4893716786496,264.5455611128478,254.2825883088465,262.0545482963426,259.0653329165364,3.0,1.1538,347673.4821521568,9086088.705578981,17883023
300750.SZ,2025-05-21,266.03020475148486,278.9834713973117,264.8444826508284,273.09471709909343,262.0545482963426,11.08,4.2129,567284.485907451,15526402.85759843,17003567
300750.SZ,2025-05-22,276.80134417005314,276.9408408877774,267.30560331353547,269.3980540793998,273.09471709909343,-3.71,-1.3536,277077.2375905882,7497654.586018195,17888412
300750.SZ,2025-05-23,270.03575336042513,273.0150046889653,265.99034854642076,266.03020475148486,269.3980540793998,-3.38,-1.2501,230833.33662117645,6240658.474134274,17893799
300750.SZ,2025-05-26,264.04735854954674,265.4223976242576,251.99085651766177,254.98007189746798,266.03020475148486,-11.09,-4.1537,331313.1789333333,8507813.141135687,17899188
300750.SZ,2025-05-27,254.97010784620193,256.28536261331664,251.4826899030947,253.07693810565803,254.98007189746798,-1.91,-0.7464,177317.38354509804,4507485.1042930195,17904573
300750.SZ,2025-05-28,254.69111441075339,257.3415520475148,252.40934667083462,252.68834010628322,253.07693810565803,-0.39,-0.1535,155120.28779607842,3961012.8045599996,17909956
300750.SZ,2025-05-29,252.09049703032198,253.06697405439198,248.10487652391373,250.9446311347296,252.68834010628322,-1.75,-0.6901,218668.93714509803,5507737.165820235,17035883
300750.SZ,2025-05-30,249.99804626445766,251.74175523601127,246.58037668021257,249.1012816505158,250.9446311347296,-1.85,-0.7346,205074.68753882352,5125751.575984941,17915340
300750.SZ,2025-06-03,251.0940919037199,252.98726164426384,249.5396999062207,250.24714754610815,249.1012816505158,1.15,0.46,158983.18442039215,4003734.9161424306,17046651
300750.SZ,2025-06-04,251.59229446702093,252.68834010628322,249.79876523913723,250.14750703344797,250.24714754610815,-0.1,-0.0398,130872.41978039214,3297710.711510902,17052035
300750.SZ,2025-06-05,250.4563926226946,251.53251015942482,247.37750078149423,250.5958893404189,250.14750703344797,0.45,0.1792,135746.50148705882,3398970.6040047053,17920727
300750.SZ,2025-06-06,251.0940919037199,252.41931072210068,247.60667396061268,247.98530790872147,250.5958893404189,-2.62,-1.0417,166111.8912188235,4153151.1224878426,17926117
300750.SZ,2025-06-09,247.98530790872147,249.9781181619256,244.6174585808065,244.6971709909347,247.98530790872147,-3.3,-1.3259,186166.81613490195,4609695.911203764,17068199
300750.SZ,2025-06-10,244.11925601750548,245.97256955298533,241.34924976555175,242.26594248202562,244.6971709909347,-2.44,-0.9936,139827.25126588234,3418896.844315921,17931509
300750.SZ,2025-06-11,245.2053376055017,251.53251015942482,243.91997499218508,249.59948421381682,242.26594248202562,7.36,3.0271,280943.99810509797,7031632.441407685,17078987
300750.SZ,2025-06-12,251.0940919037199,251.59229446702093,247.87570334479526,248.9119646764614,249.59948421381682,-0.69,-0.2754,176330.05422117646,4402229.177562038,17936906
300750.SZ,2025-06-13,247.20811190997188,249.50980775242263,245.4843310409503,247.30775242263206,248.9119646764614,-1.61,-0.6445,174660.33178039215,4338006.379734588,17942303
300750.SZ,2025-06-16,247.10847139731166,247.80595498593308,244.91638011878715,245.7732885276649,247.30775242263206,-1.54,-0.6205,122616.50079686275,3024386.5015796074,17947702
300750.SZ,2025-06-17,246.07221006564552,247.53692560175057,244.33846514535793,245.37472647702407,245.7732885276649,-0.4,-0.1622,98002.5467482353,2416616.179215686,17100583
300750.SZ,2025-06-18,246.09213816817754,248.68279149734295,244.68720693966864,244.68720693966864,245.37472647702407,-0.69,-0.2802,104983.01063215686,2595875.683438745,17953104
300750.SZ,2025-06-19,244.4181775554861,245.27508596436385,240.73147858705846,241.22968115035948,244.68720693966864,-3.47,-1.413,148518.46507921568,3617513.105630117,17111395
300750.SZ,2025-06-20,240.19341981869334,242.2460143794936,238.63902782119413,239.39629571741168,241.22968115035948,-1.84,-0.76,137377.2538352941,3305870.141629176,17958512
300750.SZ,2025-06-23,238.43974679587373,239.7350734604564,237.1743122850891,238.74863238512037,239.39629571741168,-0.65,-0.2705,127557.8242290196,3051651.01204298,17122206
300750.SZ,2025-06-24,239.71514535792437,247.18818380743983,239.71514535792437,245.03594873397935,238.74863238512037,6.31,2.6334,235858.6921380392,5788169.189441882,17127609
300750.SZ,2025-06-25,245.61386370740857,254.9601437949359,245.11566114410755,253.9836667708659,245.03594873397935,8.98,3.6516,316515.0615749019,7958932.2458064305,17963918
300750.SZ,2025-06-26,254.9601437949359,255.3686698968428,251.45279774929668,251.88125195373553,253.9836667708659,-2.11,-0.8278,199863.78500392154,5080650.8335256465,17969326
300750.SZ,2025-06-27,255.5779149734292,256.52449984370116,249.21088621444204,250.08772272585185,251.88125195373553,-1.8,-0.7121,237052.8449662745,6006619.713419294,17143831
300750.SZ,2025-06-30,250.5958893404189,252.588699593623,248.80236011253515,251.31330103157237,250.08772272585185,1.23,0.4901,176869.52354509803,4450817.202359842,17974735
300750.SZ,2025-07-01,251.59229446702093,251.83143169740546,248.98171303532354,250.5958893404189,251.31330103157237,-0.72,-0.2855,95666.48891607842,2403745.496741647,17980141
300750.SZ,2025-07-02,250.5958893404189,251.10405595498594,248.2941934979681,249.5496639574867,250.5958893404189,-1.05,-0.4175,116131.2170227451,2907764.880616784,17985546
300750.SZ,2025-07-03,250.56599718662082,262.263793372929,249.689160675211,261.6460221944357,249.5496639574867,12.14,4.8473,339257.0561662745,8778360.788676705,17990950
300750.SZ,2025-07-04,264.05732260081277,269.009456080025,260.04180994060647,264.8444826508284,261.6460221944357,3.21,1.2224,273041.6802729412,7240255.745774744,17170855
300750.SZ,2025-07-07,264.8444826508284,267.91341044076273,257.9493591747421,259.95213347921225,264.8444826508284,-4.91,-1.8473,175295.14384941175,4585457.102756078,17996351
300750.SZ,2025-07-08,259.76281650515784,264.94412316348854,258.88597999374804,262.36343388558925,259.95213347921225,2.42,0.9276,156485.46543686275,4119100.7396724704,18001754
300750.SZ,2025-07-09,261.25742419506093,273.47335104720224,261.15778368240075,269.82650828383873,262.36343388558925,7.49,2.8446,294943.99632627453,7977100.405038744,17187066
300750.SZ,2025-07-10,274.00144576430137,274.00144576430137,267.534776492654,271.02219443576115,269.82650828383873,1.2,0.4431,243268.00768941172,6617992.045552312,18007159
300750.SZ,2025-07-11,270.52399187246016,273.0150046889653,269.12902469521725,270.52399187246016,271.02219443576115,-0.5,-0.1838,214051.0163043137,5819464.271299137,17197879
300750.SZ,2025-07-14,270.0257893091591,270.3446389496718,265.14340418880903,267.534776492654,270.52399187246016,-3.0,-1.105,150329.25463843136,4028173.7777559212,18012564
300750.SZ,2025-07-15,267.534776492654,271.5203969990622,265.0437636761488,266.78747264770243,267.534776492654,-0.75,-0.2793,170138.11498352938,4570257.123755921,18017973
300750.SZ,2025-07-16,267.534776492654,267.73405751797435,262.0944045014067,263.44951547358545,266.78747264770243,-3.35,-1.2512,156828.56885019608,4150762.708441725,18023379
300750.SZ,2025-07-17,264.4160284463895,266.78747264770243,263.4096592685214,264.5455611128478,263.44951547358545,1.1,0.416,145633.7047309804,3866646.355121255,18028786
300750.SZ,2025-07-18,267.73405751797435,271.4705767427321,264.8444826508284,270.22507033447954,264.5455611128478,5.7,2.1469,222666.03621019603,6003181.91396549,17224915
300750.SZ,2025-07-21,276.0042200687715,280.9862457017818,272.56662238199436,278.654657705533,270.22507033447954,8.46,3.1195,326034.8038431372,9079936.370714039,18034188
300750.SZ,2025-07-22,278.99343544857766,288.9574867145983,278.176383244764,285.62949359174746,278.654657705533,7.0,2.503,334292.02751686267,9503074.510757333,18039590
300750.SZ,2025-07-23,287.12410128165055,289.70479055954985,285.55974523288523,285.98819943732417,285.62949359174746,0.36,0.1256,200911.99317960782,5793479.952964392,18044994
300750.SZ,2025-07-24,287.96108158799626,288.16036261331664,281.89297436698973,284.1747421069084,285.98819943732417,-1.82,-0.6341,224698.90411294118,6417150.917122509,17246529
300750.SZ,2025-07-25,284.1747421069084,284.1747421069084,280.7371444201313,281.78336980306347,284.1747421069084,-2.4,-0.8415,134810.63717333332,3816555.2930949014,18050402
300750.SZ,2025-07-28,282.0025789309159,288.0507580493904,280.2887621131604,285.2707877461707,281.78336980306347,3.5,1.2376,239835.5383968627,6855511.725732078,17257345
300750.SZ,2025-07-29,285.6693497968115,290.95029696780244,285.64942169427945,290.77094404501406,285.2707877461707,5.52,1.928,234789.5888470588,6809908.341338666,17262753
300750.SZ,2025-07-30,291.1495779931228,291.1495779931228,275.3665207877462,276.09389653016564,290.77094404501406,-14.73,-5.0476,417443.6671341176,11755022.410355136,18055811
300750.SZ,2025-07-31,279.7905595498593,280.9663175992498,263.66872460143793,263.66872460143793,276.09389653016564,-12.47,-4.5003,448716.62947450974,12132128.01526243,18061220
300750.SZ,2025-08-01,263.8480775242263,265.6416067521101,261.8054470146921,262.1242966552048,263.66872460143793,-1.55,-0.5857,253411.0004643137,6706925.1929581165,18066630
300750.SZ,2025-08-04,262.0545482963426,267.0365739293529,260.75922163175994,265.5220381369178,262.1242966552048,3.41,1.2962,238539.19821803918,6308918.132965961,18072038
300750.SZ,2025-08-05,266.5383713660519,268.03297905595497,262.55275085964365,264.74484213816817,265.5220381369178,-0.78,-0.2927,220553.26105098036,5865564.6322603915,17289800
300750.SZ,2025-08-06,264.2665676773992,265.94052829009064,262.2837214754611,264.04735854954674,264.74484213816817,-0.7,-0.2635,153785.9510243137,4073124.763860078,18077447
300750.SZ,2025-08-07,264.04735854954674,265.5320021881838,261.25742419506093,262.1043685526727,264.04735854954674,-1.95,-0.7358,166078.0696345098,4379204.800842666,18082857
300750.SZ,2025-08-08,263.05095342294464,265.2031884964052,261.0681072210066,262.5328227571116,262.1043685526727,0.43,0.1635,174910.94269490195,4621349.368908862,18088266
300750.SZ,2025-08-11,262.5328227571116,265.1932244451391,261.55634573304155,262.7121756799,262.5328227571116,0.18,0.0683,214078.34454588234,5647856.438867451,18093680
300750.SZ,2025-08-12,262.55275085964365,264.2267114723351,256.79352922788377,262.3036495779931,262.7121756799,-0.41,-0.1555,223209.80097568626,5850171.481833411,18099094
300750.SZ,2025-08-13,263.81818537042824,274.0114098155674,263.5591200375117,272.6164426383245,262.3036495779931,10.35,3.9316,396091.58911686274,10699548.318620548,18104509
300750.SZ,2025-08-14,275.89461550484526,280.9862457017818,273.4932791497343,278.88383088465145,272.6164426383245,6.29,2.299,373048.63260549016,10415885.84995796,17327683
300750.SZ,2025-08-15,277.37925914348233,281.2851672397624,275.1074554548297,279.66102688340106,278.88383088465145,0.78,0.2787,241961.51099921568,6759892.143439372,17333096
300750.SZ,2025-08-18,279.66102688340106,284.453735542357,277.02055329790556,281.9826508283839,279.66102688340106,2.33,0.8302,286317.2041003921,8085251.999328,18109921
300750.SZ,2025-08-19,281.9826508283839,282.97905595498594,275.2270240700219,276.80134417005314,281.9826508283839,-5.2,-1.8375,245167.19502745097,6841035.22855749,17343918
300750.SZ,2025-08-20,277.5,279.99,272.05,279.2,276.8,2.4,0.8671,233534.92,6414344.337,18115329
300750.SZ,2025-08-21,279.27,281.8,278.0,279.0,279.2,-0.2,-0.0716,182698.14,5103914.721,18120741
300750.SZ,2025-08-22,278.93,289.35,278.6,287.18,279.0,8.18,2.9319,264218.51,7543698.628,18126154
300750.SZ,2025-08-25,290.0,293.88,286.78,290.28,287.18,3.1,1.0795,312297.2,9046692.965,18131569
300750.SZ,2025-08-26,287.02,290.99,285.58,289.5,290.28,-0.78,-0.2687,230244.62,6648848.315,18136984
300750.SZ,2025-08-27,289.0,289.54,278.19,278.3,289.5,-11.2,-3.8687,382584.29,10859010.3,18142402
300750.SZ,2025-08-28,276.06,278.99,272.72,277.41,278.3,-0.89,-0.3198,304664.01,8407974.991,18147818
300750.SZ,2025-08-29,278.31,316.66,277.95,306.18,277.41,28.77,10.3709,780138.92,23482893.637,18153235
300750.SZ,2025-09-01,306.5,306.9,299.3,304.0,306.18,-2.18,-0.712,429964.21,13012795.663,18158648
300750.SZ,2025-09-02,304.03,311.1,299.03,302.87,304.0,-1.13,-0.3717,371168.89,11289093.083,18164063
300750.SZ,2025-09-03,303.5,311.65,303.03,309.0,302.87,6.13,2.024,508974.73,15640548.986,17403478
300750.SZ,2025-09-04,313.47,323.33,300.63,304.03,309.0,-4.97,-1.6084,657547.54,20442631.453,17408895
300750.SZ,2025-09-05,299.9,325.11,299.82,325.11,304.03,21.08,6.9335,708197.79,22440211.716,18169477
300750.SZ,2025-09-08,334.0,337.65,323.5,325.37,325.11,0.26,0.08,588345.78,19349632.049,17419728
300750.SZ,2025-09-09,322.8,334.58,317.16,320.0,325.37,-5.37,-1.6504,434023.97,14085497.658,18174893
300750.SZ,2025-09-10,317.99,322.0,313.0,316.04,320.0,-3.96,-1.2375,367526.83,11649703.595,18180313
300750.SZ,2025-09-11,315.55,322.98,309.04,322.55,316.04,6.51,2.0599,380344.6,12060756.827,18185735
300750.SZ,2025-09-12,325.9,329.9,322.2,325.0,322.55,2.45,0.7596,338713.16,11031032.653,18191157
300750.SZ,2025-09-15,346.01,371.52,344.02,354.7,325.0,29.7,9.1385,718410.23,25586615.241,18196580
300750.SZ,2025-09-16,356.11,359.0,348.5,353.42,354.7,-1.28,-0.3609,377444.65,13325722.242,18202003
